time,latitude,variable,mean_value
2025-09-16,-76.75,spco2,40.502803802490234
2025-09-16,-76.5,spco2,40.52882766723633
2025-09-16,-76.25,spco2,40.568416595458984
2025-09-16,-76.0,spco2,40.78023910522461
2025-09-16,-75.75,spco2,40.750030517578125
2025-09-16,-75.5,spco2,40.890899658203125
2025-09-16,-75.25,spco2,40.98684310913086
2025-09-16,-75.0,spco2,41.09138107299805
2025-09-16,-74.75,spco2,40.91874694824219
2025-09-16,-74.5,spco2,40.95436096191406
2025-09-16,-74.25,spco2,40.925167083740234
2025-09-16,-74.0,spco2,40.90949630737305
2025-09-16,-73.75,spco2,40.844974517822266
2025-09-16,-73.5,spco2,40.73264694213867
2025-09-16,-73.25,spco2,40.78856658935547
2025-09-16,-73.0,spco2,40.76728057861328
2025-09-16,-72.75,spco2,40.85172653198242
2025-09-16,-72.5,spco2,40.88043975830078
2025-09-16,-72.25,spco2,41.04673385620117
2025-09-16,-72.0,spco2,41.32734298706055
2025-09-16,-71.75,spco2,41.39253616333008
2025-09-16,-71.5,spco2,41.46453857421875
2025-09-16,-71.25,spco2,41.537925720214844
2025-09-16,-71.0,spco2,41.74653244018555
2025-09-16,-70.75,spco2,41.84189987182617
2025-09-16,-70.5,spco2,41.8515510559082
2025-09-16,-70.25,spco2,41.938941955566406
2025-09-16,-70.0,spco2,42.01737594604492
2025-09-16,-69.75,spco2,42.012351989746094
2025-09-16,-69.5,spco2,42.026634216308594
2025-09-16,-69.25,spco2,42.07932662963867
2025-09-16,-69.0,spco2,42.0999755859375
2025-09-16,-68.75,spco2,42.1893196105957
2025-09-16,-68.5,spco2,42.22474670410156
2025-09-16,-68.25,spco2,42.24962615966797
2025-09-16,-68.0,spco2,42.29059982299805
2025-09-16,-67.75,spco2,42.34565734863281
2025-09-16,-67.5,spco2,42.36203384399414
2025-09-16,-67.25,spco2,42.368709564208984
2025-09-16,-67.0,spco2,42.34346008300781
2025-09-16,-66.75,spco2,42.24091720581055
2025-09-16,-66.5,spco2,42.212867736816406
2025-09-16,-66.25,spco2,42.141990661621094
2025-09-16,-66.0,spco2,42.152618408203125
2025-09-16,-65.75,spco2,42.22774124145508
2025-09-16,-65.5,spco2,42.269935607910156
2025-09-16,-65.25,spco2,42.31034851074219
2025-09-16,-65.0,spco2,42.272830963134766
2025-09-16,-64.75,spco2,42.229576110839844
2025-09-16,-64.5,spco2,42.138763427734375
2025-09-16,-64.25,spco2,42.09512710571289
2025-09-16,-64.0,spco2,42.021217346191406
2025-09-16,-63.75,spco2,41.97488021850586
2025-09-16,-63.5,spco2,41.97104263305664
2025-09-16,-63.25,spco2,41.934574127197266
2025-09-16,-63.0,spco2,41.86188888549805
2025-09-16,-62.75,spco2,41.82606506347656
2025-09-16,-62.5,spco2,41.80442810058594
2025-09-16,-62.25,spco2,41.78692626953125
2025-09-16,-62.0,spco2,41.74674606323242
2025-09-16,-61.75,spco2,41.66780090332031
2025-09-16,-61.5,spco2,41.58135986328125
2025-09-16,-61.25,spco2,41.454654693603516
2025-09-16,-61.0,spco2,41.350311279296875
2025-09-16,-60.75,spco2,41.263771057128906
2025-09-16,-60.5,spco2,41.21504592895508
2025-09-16,-60.25,spco2,41.1916618347168
2025-09-16,-60.0,spco2,41.16929626464844
2025-09-16,-59.75,spco2,41.170143127441406
2025-09-16,-59.5,spco2,41.17206954956055
2025-09-16,-59.25,spco2,41.17216873168945
2025-09-16,-59.0,spco2,41.163700103759766
2025-09-16,-58.75,spco2,41.15365219116211
2025-09-16,-58.5,spco2,41.12660217285156
2025-09-16,-58.25,spco2,41.09894561767578
2025-09-16,-58.0,spco2,41.0860481262207
2025-09-16,-57.75,spco2,41.08509826660156
2025-09-16,-57.5,spco2,41.113895416259766
2025-09-16,-57.25,spco2,41.129058837890625
2025-09-16,-57.0,spco2,41.11688232421875
2025-09-16,-56.75,spco2,41.110252380371094
2025-09-16,-56.5,spco2,41.07686233520508
2025-09-16,-56.25,spco2,41.03689193725586
2025-09-16,-56.0,spco2,41.00992202758789
2025-09-16,-55.75,spco2,41.006683349609375
2025-09-16,-55.5,spco2,40.99002456665039
2025-09-16,-55.25,spco2,41.02875518798828
2025-09-16,-55.0,spco2,41.02409744262695
2025-09-16,-54.75,spco2,41.025604248046875
2025-09-16,-54.5,spco2,40.98368835449219
2025-09-16,-54.25,spco2,40.991851806640625
2025-09-16,-54.0,spco2,40.991943359375
2025-09-16,-53.75,spco2,40.98236846923828
2025-09-16,-53.5,spco2,40.99165344238281
2025-09-16,-53.25,spco2,41.00649642944336
2025-09-16,-53.0,spco2,40.987247467041016
2025-09-16,-52.75,spco2,40.950103759765625
2025-09-16,-52.5,spco2,40.91779327392578
2025-09-16,-52.25,spco2,40.903076171875
2025-09-16,-52.0,spco2,40.88362503051758
2025-09-16,-51.75,spco2,40.83987808227539
2025-09-16,-51.5,spco2,40.803565979003906
2025-09-16,-51.25,spco2,40.76334762573242
2025-09-16,-51.0,spco2,40.75933074951172
2025-09-16,-50.75,spco2,40.71597671508789
2025-09-16,-50.5,spco2,40.69309616088867
2025-09-16,-50.25,spco2,40.66862487792969
2025-09-16,-50.0,spco2,40.623939514160156
2025-09-16,-49.75,spco2,40.6234130859375
2025-09-16,-49.5,spco2,40.57332229614258
2025-09-16,-49.25,spco2,40.52259063720703
2025-09-16,-49.0,spco2,40.497676849365234
2025-09-16,-48.75,spco2,40.47133255004883
2025-09-16,-48.5,spco2,40.45635223388672
2025-09-16,-48.25,spco2,40.412376403808594
2025-09-16,-48.0,spco2,40.34067916870117
2025-09-16,-47.75,spco2,40.292606353759766
2025-09-16,-47.5,spco2,40.258113861083984
2025-09-16,-47.25,spco2,40.229732513427734
2025-09-16,-47.0,spco2,40.22243118286133
2025-09-16,-46.75,spco2,40.2081298828125
2025-09-16,-46.5,spco2,40.21201705932617
2025-09-16,-46.25,spco2,40.17981719970703
2025-09-16,-46.0,spco2,40.131160736083984
2025-09-16,-45.75,spco2,40.0709228515625
2025-09-16,-45.5,spco2,40.034278869628906
2025-09-16,-45.25,spco2,40.00867462158203
2025-09-16,-45.0,spco2,39.97806167602539
2025-09-16,-44.75,spco2,39.92717361450195
2025-09-16,-44.5,spco2,39.863834381103516
2025-09-16,-44.25,spco2,39.803672790527344
2025-09-16,-44.0,spco2,39.719024658203125
2025-09-16,-43.75,spco2,39.6489372253418
2025-09-16,-43.5,spco2,39.53812789916992
2025-09-16,-43.25,spco2,39.480716705322266
2025-09-16,-43.0,spco2,39.422061920166016
2025-09-16,-42.75,spco2,39.36692428588867
2025-09-16,-42.5,spco2,39.29412841796875
2025-09-16,-42.25,spco2,39.2213020324707
2025-09-16,-42.0,spco2,39.11427688598633
2025-09-16,-41.75,spco2,38.985843658447266
2025-09-16,-41.5,spco2,38.87394714355469
2025-09-16,-41.25,spco2,38.784141540527344
2025-09-16,-41.0,spco2,38.67995834350586
2025-09-16,-40.75,spco2,38.608856201171875
2025-09-16,-40.5,spco2,38.578487396240234
2025-09-16,-40.25,spco2,38.54305648803711
2025-09-16,-40.0,spco2,38.49966812133789
2025-09-16,-39.75,spco2,38.43667984008789
2025-09-16,-39.5,spco2,38.36994934082031
2025-09-16,-39.25,spco2,38.340240478515625
2025-09-16,-39.0,spco2,38.358760833740234
2025-09-16,-38.75,spco2,38.3629150390625
2025-09-16,-38.5,spco2,38.3538932800293
2025-09-16,-38.25,spco2,38.31304168701172
2025-09-16,-38.0,spco2,38.18857192993164
2025-09-16,-37.75,spco2,38.057254791259766
2025-09-16,-37.5,spco2,37.93082809448242
2025-09-16,-37.25,spco2,37.83513641357422
2025-09-16,-37.0,spco2,37.734214782714844
2025-09-16,-36.75,spco2,37.56753158569336
2025-09-16,-36.5,spco2,37.45551681518555
2025-09-16,-36.25,spco2,37.37517547607422
2025-09-16,-36.0,spco2,37.298030853271484
2025-09-16,-35.75,spco2,37.251312255859375
2025-09-16,-35.5,spco2,37.17255401611328
2025-09-16,-35.25,spco2,37.12692642211914
2025-09-16,-35.0,spco2,37.0837287902832
2025-09-16,-34.75,spco2,37.06069564819336
2025-09-16,-34.5,spco2,37.00746154785156
2025-09-16,-34.25,spco2,37.016998291015625
2025-09-16,-34.0,spco2,37.109947204589844
2025-09-16,-33.75,spco2,37.215728759765625
2025-09-16,-33.5,spco2,37.26255798339844
2025-09-16,-33.25,spco2,37.25271224975586
2025-09-16,-33.0,spco2,37.24671936035156
2025-09-16,-32.75,spco2,37.253543853759766
2025-09-16,-32.5,spco2,37.256465911865234
2025-09-16,-32.25,spco2,37.24580764770508
2025-09-16,-32.0,spco2,37.2159538269043
2025-09-16,-31.75,spco2,37.19688034057617
2025-09-16,-31.5,spco2,37.227081298828125
2025-09-16,-31.25,spco2,37.18069076538086
2025-09-16,-31.0,spco2,37.12063980102539
2025-09-16,-30.75,spco2,37.06256103515625
2025-09-16,-30.5,spco2,36.98991775512695
2025-09-16,-30.25,spco2,36.94666290283203
2025-09-16,-30.0,spco2,36.91371536254883
2025-09-16,-29.75,spco2,36.89278030395508
2025-09-16,-29.5,spco2,36.85847091674805
2025-09-16,-29.25,spco2,36.85853958129883
2025-09-16,-29.0,spco2,36.88210678100586
2025-09-16,-28.75,spco2,36.91924285888672
2025-09-16,-28.5,spco2,36.92713165283203
2025-09-16,-28.25,spco2,36.97956085205078
2025-09-16,-28.0,spco2,36.95594024658203
2025-09-16,-27.75,spco2,36.99190139770508
2025-09-16,-27.5,spco2,36.99086380004883
2025-09-16,-27.25,spco2,36.97146987915039
2025-09-16,-27.0,spco2,36.94746017456055
2025-09-16,-26.75,spco2,36.928436279296875
2025-09-16,-26.5,spco2,36.89895248413086
2025-09-16,-26.25,spco2,36.901912689208984
2025-09-16,-26.0,spco2,36.977455139160156
2025-09-16,-25.75,spco2,37.0558967590332
2025-09-16,-25.5,spco2,37.11158752441406
2025-09-16,-25.25,spco2,37.195030212402344
2025-09-16,-25.0,spco2,37.30522918701172
2025-09-16,-24.75,spco2,37.39222717285156
2025-09-16,-24.5,spco2,37.4930419921875
2025-09-16,-24.25,spco2,37.582122802734375
2025-09-16,-24.0,spco2,37.639503479003906
2025-09-16,-23.75,spco2,37.694908142089844
2025-09-16,-23.5,spco2,37.71229934692383
2025-09-16,-23.25,spco2,37.72883605957031
2025-09-16,-23.0,spco2,37.77925109863281
2025-09-16,-22.75,spco2,37.918514251708984
2025-09-16,-22.5,spco2,37.92113494873047
2025-09-16,-22.25,spco2,37.96656799316406
2025-09-16,-22.0,spco2,37.98271942138672
2025-09-16,-21.75,spco2,37.98495864868164
2025-09-16,-21.5,spco2,38.02399826049805
2025-09-16,-21.25,spco2,38.057552337646484
2025-09-16,-21.0,spco2,38.12215805053711
2025-09-16,-20.75,spco2,38.13239669799805
2025-09-16,-20.5,spco2,38.1572151184082
2025-09-16,-20.25,spco2,38.15170669555664
2025-09-16,-20.0,spco2,38.17430114746094
2025-09-16,-19.75,spco2,38.13511657714844
2025-09-16,-19.5,spco2,38.14176559448242
2025-09-16,-19.25,spco2,38.14210891723633
2025-09-16,-19.0,spco2,38.18939208984375
2025-09-16,-18.75,spco2,38.25103759765625
2025-09-16,-18.5,spco2,38.331207275390625
2025-09-16,-18.25,spco2,38.44028091430664
2025-09-16,-18.0,spco2,38.4990119934082
2025-09-16,-17.75,spco2,38.49717330932617
2025-09-16,-17.5,spco2,38.480247497558594
2025-09-16,-17.25,spco2,38.464820861816406
2025-09-16,-17.0,spco2,38.44845199584961
2025-09-16,-16.75,spco2,38.5167350769043
2025-09-16,-16.5,spco2,38.56171798706055
2025-09-16,-16.25,spco2,38.61842727661133
2025-09-16,-16.0,spco2,38.524925231933594
2025-09-16,-15.75,spco2,38.564876556396484
2025-09-16,-15.5,spco2,38.65167999267578
2025-09-16,-15.25,spco2,38.74614715576172
2025-09-16,-15.0,spco2,38.72864532470703
2025-09-16,-14.75,spco2,38.7392578125
2025-09-16,-14.5,spco2,38.79008102416992
2025-09-16,-14.25,spco2,38.81772232055664
2025-09-16,-14.0,spco2,38.8036003112793
2025-09-16,-13.75,spco2,38.803741455078125
2025-09-16,-13.5,spco2,38.868408203125
2025-09-16,-13.25,spco2,38.90279769897461
2025-09-16,-13.0,spco2,38.960025787353516
2025-09-16,-12.75,spco2,39.048526763916016
2025-09-16,-12.5,spco2,39.15222930908203
2025-09-16,-12.25,spco2,39.27082061767578
2025-09-16,-12.0,spco2,39.4368782043457
2025-09-16,-11.75,spco2,39.55584716796875
2025-09-16,-11.5,spco2,39.647918701171875
2025-09-16,-11.25,spco2,39.76190185546875
2025-09-16,-11.0,spco2,39.88386917114258
2025-09-16,-10.75,spco2,40.01971435546875
2025-09-16,-10.5,spco2,40.18208312988281
2025-09-16,-10.25,spco2,40.38202667236328
2025-09-16,-10.0,spco2,40.5737190246582
2025-09-16,-9.75,spco2,40.75190734863281
2025-09-16,-9.5,spco2,40.958740234375
2025-09-16,-9.25,spco2,41.17251968383789
2025-09-16,-9.0,spco2,41.42947006225586
2025-09-16,-8.75,spco2,41.74485397338867
2025-09-16,-8.5,spco2,41.98500061035156
2025-09-16,-8.25,spco2,42.263282775878906
2025-09-16,-8.0,spco2,42.546966552734375
2025-09-16,-7.75,spco2,42.68063735961914
2025-09-16,-7.5,spco2,42.72020721435547
2025-09-16,-7.25,spco2,42.98565673828125
2025-09-16,-7.0,spco2,43.15432357788086
2025-09-16,-6.75,spco2,43.31052017211914
2025-09-16,-6.5,spco2,43.45368194580078
2025-09-16,-6.25,spco2,43.64078140258789
2025-09-16,-6.0,spco2,43.772865295410156
2025-09-16,-5.75,spco2,43.925140380859375
2025-09-16,-5.5,spco2,44.11693572998047
2025-09-16,-5.25,spco2,44.26253128051758
2025-09-16,-5.0,spco2,44.39398956298828
2025-09-16,-4.75,spco2,44.54703140258789
2025-09-16,-4.5,spco2,44.69506072998047
2025-09-16,-4.25,spco2,44.81058120727539
2025-09-16,-4.0,spco2,44.909603118896484
2025-09-16,-3.75,spco2,45.039649963378906
2025-09-16,-3.5,spco2,45.17056655883789
2025-09-16,-3.25,spco2,45.26123046875
2025-09-16,-3.0,spco2,45.28031921386719
2025-09-16,-2.75,spco2,45.15980529785156
2025-09-16,-2.5,spco2,45.12269592285156
2025-09-16,-2.25,spco2,45.0794792175293
2025-09-16,-2.0,spco2,45.078819274902344
2025-09-16,-1.75,spco2,45.113399505615234
2025-09-16,-1.5,spco2,45.02640914916992
2025-09-16,-1.25,spco2,44.982666015625
2025-09-16,-1.0,spco2,44.940486907958984
2025-09-16,-0.75,spco2,44.836299896240234
2025-09-16,-0.5,spco2,44.671958923339844
2025-09-16,-0.25,spco2,44.5634765625
2025-09-16,0.0,spco2,44.449886322021484
2025-09-16,0.25,spco2,44.33939743041992
2025-09-16,0.5,spco2,44.35434341430664
2025-09-16,0.75,spco2,44.158668518066406
2025-09-16,1.0,spco2,43.87217712402344
2025-09-16,1.25,spco2,43.588645935058594
2025-09-16,1.5,spco2,43.371604919433594
2025-09-16,1.75,spco2,43.22764587402344
2025-09-16,2.0,spco2,43.054054260253906
2025-09-16,2.25,spco2,42.942874908447266
2025-09-16,2.5,spco2,42.84034729003906
2025-09-16,2.75,spco2,42.76273727416992
2025-09-16,3.0,spco2,42.69884490966797
2025-09-16,3.25,spco2,42.66237258911133
2025-09-16,3.5,spco2,42.596107482910156
2025-09-16,3.75,spco2,42.56229019165039
2025-09-16,4.0,spco2,42.50343322753906
2025-09-16,4.25,spco2,42.48603820800781
2025-09-16,4.5,spco2,42.47130584716797
2025-09-16,4.75,spco2,42.444313049316406
2025-09-16,5.0,spco2,42.3555793762207
2025-09-16,5.25,spco2,42.12948989868164
2025-09-16,5.5,spco2,41.85822296142578
2025-09-16,5.75,spco2,41.575252532958984
2025-09-16,6.0,spco2,41.36934280395508
2025-09-16,6.25,spco2,41.15668869018555
2025-09-16,6.5,spco2,41.021644592285156
2025-09-16,6.75,spco2,40.929386138916016
2025-09-16,7.0,spco2,40.87519454956055
2025-09-16,7.25,spco2,40.8683967590332
2025-09-16,7.5,spco2,40.882625579833984
2025-09-16,7.75,spco2,40.955902099609375
2025-09-16,8.0,spco2,40.98212814331055
2025-09-16,8.25,spco2,40.98683166503906
2025-09-16,8.5,spco2,41.0330696105957
2025-09-16,8.75,spco2,41.07306671142578
2025-09-16,9.0,spco2,41.12989807128906
2025-09-16,9.25,spco2,41.248046875
2025-09-16,9.5,spco2,41.32835006713867
2025-09-16,9.75,spco2,41.38211441040039
2025-09-16,10.0,spco2,41.46022415161133
2025-09-16,10.25,spco2,41.540584564208984
2025-09-16,10.5,spco2,41.522342681884766
2025-09-16,10.75,spco2,41.51118469238281
2025-09-16,11.0,spco2,41.555965423583984
2025-09-16,11.25,spco2,41.59266662597656
2025-09-16,11.5,spco2,41.65812301635742
2025-09-16,11.75,spco2,41.71259307861328
2025-09-16,12.0,spco2,41.76117706298828
2025-09-16,12.25,spco2,41.819908142089844
2025-09-16,12.5,spco2,41.875
2025-09-16,12.75,spco2,41.91204071044922
2025-09-16,13.0,spco2,41.94905471801758
2025-09-16,13.25,spco2,41.995330810546875
2025-09-16,13.5,spco2,41.989437103271484
2025-09-16,13.75,spco2,42.0202751159668
2025-09-16,14.0,spco2,42.03866958618164
2025-09-16,14.25,spco2,42.01471710205078
2025-09-16,14.5,spco2,42.04081726074219
2025-09-16,14.75,spco2,42.12912368774414
2025-09-16,15.0,spco2,42.208221435546875
2025-09-16,15.25,spco2,42.428855895996094
2025-09-16,15.5,spco2,42.6974983215332
2025-09-16,15.75,spco2,42.829429626464844
2025-09-16,16.0,spco2,42.807708740234375
2025-09-16,16.25,spco2,42.76299285888672
2025-09-16,16.5,spco2,42.89370346069336
2025-09-16,16.75,spco2,43.146915435791016
2025-09-16,17.0,spco2,43.46128463745117
2025-09-16,17.25,spco2,42.8605842590332
2025-09-16,17.5,spco2,42.92465591430664
2025-09-16,17.75,spco2,42.942840576171875
2025-09-16,18.0,spco2,43.005760192871094
2025-09-16,18.25,spco2,43.075679779052734
2025-09-16,18.5,spco2,43.16818618774414
2025-09-16,18.75,spco2,43.3515625
2025-09-16,19.0,spco2,43.364219665527344
2025-09-16,19.25,spco2,43.373077392578125
2025-09-16,19.5,spco2,43.3444938659668
2025-09-16,19.75,spco2,43.36361312866211
2025-09-16,20.0,spco2,43.35736083984375
2025-09-16,20.25,spco2,43.4099006652832
2025-09-16,20.5,spco2,43.44062423706055
2025-09-16,20.75,spco2,43.45689392089844
2025-09-16,21.0,spco2,43.415184020996094
2025-09-16,21.25,spco2,43.41326904296875
2025-09-16,21.5,spco2,43.497154235839844
2025-09-16,21.75,spco2,43.786476135253906
2025-09-16,22.0,spco2,44.08647155761719
2025-09-16,22.25,spco2,44.12510681152344
2025-09-16,22.5,spco2,44.206512451171875
2025-09-16,22.75,spco2,44.399452209472656
2025-09-16,23.0,spco2,44.42213439941406
2025-09-16,23.25,spco2,44.44565200805664
2025-09-16,23.5,spco2,44.489139556884766
2025-09-16,23.75,spco2,44.5632209777832
2025-09-16,24.0,spco2,44.64210891723633
2025-09-16,24.25,spco2,44.74930953979492
2025-09-16,24.5,spco2,44.91269302368164
2025-09-16,24.75,spco2,45.03337478637695
2025-09-16,25.0,spco2,45.147647857666016
2025-09-16,25.25,spco2,45.28571701049805
2025-09-16,25.5,spco2,45.3961067199707
2025-09-16,25.75,spco2,45.4700813293457
2025-09-16,26.0,spco2,45.513275146484375
2025-09-16,26.25,spco2,45.584842681884766
2025-09-16,26.5,spco2,45.600669860839844
2025-09-16,26.75,spco2,45.637271881103516
2025-09-16,27.0,spco2,45.57537078857422
2025-09-16,27.25,spco2,45.572052001953125
2025-09-16,27.5,spco2,45.6231803894043
2025-09-16,27.75,spco2,45.759769439697266
2025-09-16,28.0,spco2,45.88546371459961
2025-09-16,28.25,spco2,45.994728088378906
2025-09-16,28.5,spco2,46.12446212768555
2025-09-16,28.75,spco2,46.291324615478516
2025-09-16,29.0,spco2,46.45969009399414
2025-09-16,29.25,spco2,46.59233856201172
2025-09-16,29.5,spco2,46.686519622802734
2025-09-16,29.75,spco2,46.8243293762207
2025-09-16,30.0,spco2,46.960968017578125
2025-09-16,30.25,spco2,46.93928146362305
2025-09-16,30.5,spco2,46.82557678222656
2025-09-16,30.75,spco2,46.79909896850586
2025-09-16,31.0,spco2,46.77210998535156
2025-09-16,31.25,spco2,46.7915153503418
2025-09-16,31.5,spco2,46.78598403930664
2025-09-16,31.75,spco2,46.74992752075195
2025-09-16,32.0,spco2,46.625511169433594
2025-09-16,32.25,spco2,46.57707595825195
2025-09-16,32.5,spco2,46.50046157836914
2025-09-16,32.75,spco2,46.53146743774414
2025-09-16,33.0,spco2,46.61790466308594
2025-09-16,33.25,spco2,46.614662170410156
2025-09-16,33.5,spco2,46.550628662109375
2025-09-16,33.75,spco2,46.48253631591797
2025-09-16,34.0,spco2,46.44791793823242
2025-09-16,34.25,spco2,46.47617721557617
2025-09-16,34.5,spco2,46.15149688720703
2025-09-16,34.75,spco2,46.26748275756836
2025-09-16,35.0,spco2,46.30483627319336
2025-09-16,35.25,spco2,46.350318908691406
2025-09-16,35.5,spco2,46.34214401245117
2025-09-16,35.75,spco2,46.292572021484375
2025-09-16,36.0,spco2,46.123043060302734
2025-09-16,36.25,spco2,45.88549041748047
2025-09-16,36.5,spco2,45.67002868652344
2025-09-16,36.75,spco2,45.38246536254883
2025-09-16,37.0,spco2,45.1272087097168
2025-09-16,37.25,spco2,44.93452835083008
2025-09-16,37.5,spco2,44.807395935058594
2025-09-16,37.75,spco2,44.650794982910156
2025-09-16,38.0,spco2,44.53310012817383
2025-09-16,38.25,spco2,44.48143768310547
2025-09-16,38.5,spco2,44.33705520629883
2025-09-16,38.75,spco2,44.21122741699219
2025-09-16,39.0,spco2,44.04500198364258
2025-09-16,39.25,spco2,43.97494125366211
2025-09-16,39.5,spco2,43.827003479003906
2025-09-16,39.75,spco2,43.9138069152832
2025-09-16,40.0,spco2,43.63124084472656
2025-09-16,40.25,spco2,43.4806022644043
2025-09-16,40.5,spco2,43.423580169677734
2025-09-16,40.75,spco2,43.493858337402344
2025-09-16,41.0,spco2,43.51749038696289
2025-09-16,41.25,spco2,43.6484375
2025-09-16,41.5,spco2,43.63042068481445
2025-09-16,41.75,spco2,43.581932067871094
2025-09-16,42.0,spco2,43.697696685791016
2025-09-16,42.25,spco2,43.768035888671875
2025-09-16,42.5,spco2,43.91362762451172
2025-09-16,42.75,spco2,43.96845626831055
2025-09-16,43.0,spco2,44.05650329589844
2025-09-16,43.25,spco2,44.12417984008789
2025-09-16,43.5,spco2,44.171661376953125
2025-09-16,43.75,spco2,44.09296417236328
2025-09-16,44.0,spco2,44.0604248046875
2025-09-16,44.25,spco2,44.047508239746094
2025-09-16,44.5,spco2,43.9189567565918
2025-09-16,44.75,spco2,43.660037994384766
2025-09-16,45.0,spco2,43.5544319152832
2025-09-16,45.25,spco2,43.459598541259766
2025-09-16,45.5,spco2,43.43189239501953
2025-09-16,45.75,spco2,43.57939147949219
2025-09-16,46.0,spco2,43.45686721801758
2025-09-16,46.25,spco2,43.403541564941406
2025-09-16,46.5,spco2,43.47611618041992
2025-09-16,46.75,spco2,43.53983688354492
2025-09-16,47.0,spco2,43.53606414794922
2025-09-16,47.25,spco2,43.55065155029297
2025-09-16,47.5,spco2,43.44366455078125
2025-09-16,47.75,spco2,43.18354415893555
2025-09-16,48.0,spco2,43.115047454833984
2025-09-16,48.25,spco2,43.45051193237305
2025-09-16,48.5,spco2,43.428619384765625
2025-09-16,48.75,spco2,43.4961051940918
2025-09-16,49.0,spco2,43.745338439941406
2025-09-16,49.25,spco2,43.82680892944336
2025-09-16,49.5,spco2,43.85240936279297
2025-09-16,49.75,spco2,43.93486785888672
2025-09-16,50.0,spco2,43.682456970214844
2025-09-16,50.25,spco2,43.29417037963867
2025-09-16,50.5,spco2,43.14955139160156
2025-09-16,50.75,spco2,43.170127868652344
2025-09-16,51.0,spco2,42.91672897338867
2025-09-16,51.25,spco2,42.84198760986328
2025-09-16,51.5,spco2,42.848331451416016
2025-09-16,51.75,spco2,42.989444732666016
2025-09-16,52.0,spco2,42.74633026123047
2025-09-16,52.25,spco2,42.65607833862305
2025-09-16,52.5,spco2,42.68149185180664
2025-09-16,52.75,spco2,42.687252044677734
2025-09-16,53.0,spco2,42.55443572998047
2025-09-16,53.25,spco2,42.71140670776367
2025-09-16,53.5,spco2,42.94343948364258
2025-09-16,53.75,spco2,42.58095932006836
2025-09-16,54.0,spco2,42.330230712890625
2025-09-16,54.25,spco2,42.11617660522461
2025-09-16,54.5,spco2,41.84571075439453
2025-09-16,54.75,spco2,42.00136947631836
2025-09-16,55.0,spco2,42.0087890625
2025-09-16,55.25,spco2,42.0995979309082
2025-09-16,55.5,spco2,42.185516357421875
2025-09-16,55.75,spco2,42.22880935668945
2025-09-16,56.0,spco2,42.18949890136719
2025-09-16,56.25,spco2,42.0625
2025-09-16,56.5,spco2,42.05247497558594
2025-09-16,56.75,spco2,42.052608489990234
2025-09-16,57.0,spco2,42.11921691894531
2025-09-16,57.25,spco2,42.378807067871094
2025-09-16,57.5,spco2,42.2981071472168
2025-09-16,57.75,spco2,42.01081466674805
2025-09-16,58.0,spco2,41.75149154663086
2025-09-16,58.25,spco2,41.602012634277344
2025-09-16,58.5,spco2,41.99457550048828
2025-09-16,58.75,spco2,41.29401397705078
2025-09-16,59.0,spco2,41.019466400146484
2025-09-16,59.25,spco2,41.03260803222656
2025-09-16,59.5,spco2,41.18159484863281
2025-09-16,59.75,spco2,41.2231559753418
2025-09-16,60.0,spco2,41.36264419555664
2025-09-16,60.25,spco2,41.18587875366211
2025-09-16,60.5,spco2,41.09726333618164
2025-09-16,60.75,spco2,41.11719512939453
2025-09-16,61.0,spco2,41.16913604736328
2025-09-16,61.25,spco2,41.11589431762695
2025-09-16,61.5,spco2,41.118858337402344
2025-09-16,61.75,spco2,41.15537643432617
2025-09-16,62.0,spco2,41.11783218383789
2025-09-16,62.25,spco2,41.01485061645508
2025-09-16,62.5,spco2,41.228240966796875
2025-09-16,62.75,spco2,40.85874557495117
2025-09-16,63.0,spco2,40.57979965209961
2025-09-16,63.25,spco2,40.33772277832031
2025-09-16,63.5,spco2,40.024200439453125
2025-09-16,63.75,spco2,39.71247482299805
2025-09-16,64.0,spco2,39.63057327270508
2025-09-16,64.25,spco2,39.47511291503906
2025-09-16,64.5,spco2,39.57200622558594
2025-09-16,64.75,spco2,40.26158142089844
2025-09-16,65.0,spco2,39.83295440673828
2025-09-16,65.25,spco2,39.74784851074219
2025-09-16,65.5,spco2,39.970184326171875
2025-09-16,65.75,spco2,39.91765213012695
2025-09-16,66.0,spco2,39.6580810546875
2025-09-16,66.25,spco2,39.824462890625
2025-09-16,66.5,spco2,39.90195846557617
2025-09-16,66.75,spco2,39.65959167480469
2025-09-16,67.0,spco2,39.757362365722656
2025-09-16,67.25,spco2,39.619422912597656
2025-09-16,67.5,spco2,39.62386703491211
2025-09-16,67.75,spco2,39.42845916748047
2025-09-16,68.0,spco2,39.467491149902344
2025-09-16,68.25,spco2,40.45829391479492
2025-09-16,68.5,spco2,40.27545928955078
2025-09-16,68.75,spco2,40.53717803955078
2025-09-16,69.0,spco2,40.331886291503906
2025-09-16,69.25,spco2,39.94832229614258
2025-09-16,69.5,spco2,41.73374557495117
2025-09-16,69.75,spco2,41.571311950683594
2025-09-16,70.0,spco2,40.3312873840332
2025-09-16,70.25,spco2,39.46466064453125
2025-09-16,70.5,spco2,38.91336441040039
2025-09-16,70.75,spco2,38.33949661254883
2025-09-16,71.0,spco2,38.21255874633789
2025-09-16,71.25,spco2,38.11747741699219
2025-09-16,71.5,spco2,38.26949691772461
2025-09-16,71.75,spco2,38.584251403808594
2025-09-16,72.0,spco2,38.61579513549805
2025-09-16,72.25,spco2,38.659420013427734
2025-09-16,72.5,spco2,38.51197052001953
2025-09-16,72.75,spco2,38.336971282958984
2025-09-16,73.0,spco2,38.415313720703125
2025-09-16,73.25,spco2,38.50832748413086
2025-09-16,73.5,spco2,38.84782028198242
2025-09-16,73.75,spco2,38.78493881225586
2025-09-16,74.0,spco2,38.38497543334961
2025-09-16,74.25,spco2,38.03015899658203
2025-09-16,74.5,spco2,37.90556335449219
2025-09-16,74.75,spco2,38.14375686645508
2025-09-16,75.0,spco2,38.021080017089844
2025-09-16,75.25,spco2,38.10989761352539
2025-09-16,75.5,spco2,37.89588165283203
2025-09-16,75.75,spco2,37.75634002685547
2025-09-16,76.0,spco2,37.749656677246094
2025-09-16,76.25,spco2,37.73540496826172
2025-09-16,76.5,spco2,37.71379470825195
2025-09-16,76.75,spco2,37.72014236450195
2025-09-16,77.0,spco2,37.45002746582031
2025-09-16,77.25,spco2,37.134986877441406
2025-09-16,77.5,spco2,36.99161911010742
2025-09-16,77.75,spco2,36.86420822143555
2025-09-16,78.0,spco2,36.60416793823242
2025-09-16,78.25,spco2,36.415443420410156
2025-09-16,78.5,spco2,36.265079498291016
2025-09-16,78.75,spco2,36.075313568115234
2025-09-16,79.0,spco2,35.845272064208984
2025-09-16,79.25,spco2,35.62236022949219
2025-09-16,79.5,spco2,35.4845085144043
2025-09-16,79.75,spco2,35.42700958251953
2025-09-16,80.0,spco2,35.377445220947266
2025-09-16,80.25,spco2,35.14402770996094
2025-09-16,80.5,spco2,34.90030288696289
2025-09-16,80.75,spco2,34.955623626708984
2025-09-16,81.0,spco2,34.91669464111328
2025-09-16,81.25,spco2,34.88605499267578
2025-09-16,81.5,spco2,34.76026153564453
2025-09-16,81.75,spco2,34.81642150878906
2025-09-16,82.0,spco2,34.77081298828125
2025-09-16,82.25,spco2,34.98527908325195
2025-09-16,82.5,spco2,35.18497848510742
2025-09-16,82.75,spco2,35.20269012451172
2025-09-16,83.0,spco2,35.363651275634766
2025-09-16,83.25,spco2,35.57583999633789
2025-09-16,83.5,spco2,35.82436752319336
2025-09-16,83.75,spco2,36.088382720947266
2025-09-16,84.0,spco2,36.34543991088867
2025-09-16,84.25,spco2,36.48701858520508
2025-09-16,84.5,spco2,36.555389404296875
2025-09-16,84.75,spco2,36.61853790283203
2025-09-16,85.0,spco2,36.687889099121094
2025-09-16,85.25,spco2,36.748146057128906
2025-09-16,85.5,spco2,36.79632568359375
2025-09-16,85.75,spco2,36.83274841308594
2025-09-16,86.0,spco2,36.875614166259766
2025-09-16,86.25,spco2,36.95048904418945
2025-09-16,86.5,spco2,37.01310729980469
2025-09-16,86.75,spco2,37.054439544677734
2025-09-16,87.0,spco2,37.11966323852539
2025-09-16,87.25,spco2,37.19231033325195
2025-09-16,87.5,spco2,37.26005172729492
2025-09-16,87.75,spco2,37.31075668334961
2025-09-16,88.0,spco2,37.35449981689453
2025-09-16,88.25,spco2,37.380828857421875
2025-09-16,88.5,spco2,37.39068603515625
2025-09-16,88.75,spco2,37.39839553833008
2025-09-16,89.0,spco2,37.418819427490234
2025-09-16,89.25,spco2,37.44775390625
2025-09-16,89.5,spco2,37.4410285949707
2025-09-16,89.75,spco2,37.41730499267578
2025-09-16,-76.75,chl,0.032344210892915726
2025-09-16,-76.5,chl,0.03271736577153206
2025-09-16,-76.25,chl,0.03403286263346672
2025-09-16,-76.0,chl,0.03518056124448776
2025-09-16,-75.75,chl,0.035715971142053604
2025-09-16,-75.5,chl,0.036300137639045715
2025-09-16,-75.25,chl,0.034576497972011566
2025-09-16,-75.0,chl,0.034229476004838943
2025-09-16,-74.75,chl,0.034500423818826675
2025-09-16,-74.5,chl,0.03478975594043732
2025-09-16,-74.25,chl,0.035468243062496185
2025-09-16,-74.0,chl,0.03667077422142029
2025-09-16,-73.75,chl,0.03829314559698105
2025-09-16,-73.5,chl,0.038316644728183746
2025-09-16,-73.25,chl,0.03891967609524727
2025-09-16,-73.0,chl,0.039760567247867584
2025-09-16,-72.75,chl,0.040035247802734375
2025-09-16,-72.5,chl,0.041496481746435165
2025-09-16,-72.25,chl,0.04048933833837509
2025-09-16,-72.0,chl,0.040302399545907974
2025-09-16,-71.75,chl,0.04202958568930626
2025-09-16,-71.5,chl,0.04231759533286095
2025-09-16,-71.25,chl,0.044552434235811234
2025-09-16,-71.0,chl,0.04998405650258064
2025-09-16,-70.75,chl,0.05195403844118118
2025-09-16,-70.5,chl,0.05860469862818718
2025-09-16,-70.25,chl,0.06656678766012192
2025-09-16,-70.0,chl,0.0683516412973404
2025-09-16,-69.75,chl,0.07119357585906982
2025-09-16,-69.5,chl,0.06728480011224747
2025-09-16,-69.25,chl,0.06591859459877014
2025-09-16,-69.0,chl,0.06897226721048355
2025-09-16,-68.75,chl,0.07083258032798767
2025-09-16,-68.5,chl,0.07153276354074478
2025-09-16,-68.25,chl,0.07092348486185074
2025-09-16,-68.0,chl,0.07160564512014389
2025-09-16,-67.75,chl,0.07675802707672119
2025-09-16,-67.5,chl,0.08020506799221039
2025-09-16,-67.25,chl,0.08520609885454178
2025-09-16,-67.0,chl,0.09175115823745728
2025-09-16,-66.75,chl,0.09370312839746475
2025-09-16,-66.5,chl,0.09345415979623795
2025-09-16,-66.25,chl,0.09060726314783096
2025-09-16,-66.0,chl,0.0909612700343132
2025-09-16,-65.75,chl,0.09028785675764084
2025-09-16,-65.5,chl,0.09276751428842545
2025-09-16,-65.25,chl,0.1016731709241867
2025-09-16,-65.0,chl,0.11110790818929672
2025-09-16,-64.75,chl,0.12171005457639694
2025-09-16,-64.5,chl,0.14204983413219452
2025-09-16,-64.25,chl,0.15487664937973022
2025-09-16,-64.0,chl,0.16766589879989624
2025-09-16,-63.75,chl,0.17752063274383545
2025-09-16,-63.5,chl,0.19002673029899597
2025-09-16,-63.25,chl,0.21061347424983978
2025-09-16,-63.0,chl,0.2334575653076172
2025-09-16,-62.75,chl,0.2538772225379944
2025-09-16,-62.5,chl,0.26631587743759155
2025-09-16,-62.25,chl,0.28026631474494934
2025-09-16,-62.0,chl,0.29867085814476013
2025-09-16,-61.75,chl,0.3172606825828552
2025-09-16,-61.5,chl,0.3300512731075287
2025-09-16,-61.25,chl,0.34299150109291077
2025-09-16,-61.0,chl,0.35641732811927795
2025-09-16,-60.75,chl,0.37104111909866333
2025-09-16,-60.5,chl,0.3834259510040283
2025-09-16,-60.25,chl,0.39729130268096924
2025-09-16,-60.0,chl,0.41429874300956726
2025-09-16,-59.75,chl,0.4286670386791229
2025-09-16,-59.5,chl,0.4391452372074127
2025-09-16,-59.25,chl,0.447356253862381
2025-09-16,-59.0,chl,0.4514141380786896
2025-09-16,-58.75,chl,0.4578216075897217
2025-09-16,-58.5,chl,0.4614981412887573
2025-09-16,-58.25,chl,0.46913138031959534
2025-09-16,-58.0,chl,0.4759192168712616
2025-09-16,-57.75,chl,0.4768674969673157
2025-09-16,-57.5,chl,0.4713451862335205
2025-09-16,-57.25,chl,0.4667221009731293
2025-09-16,-57.0,chl,0.4665755331516266
2025-09-16,-56.75,chl,0.46994781494140625
2025-09-16,-56.5,chl,0.4744884967803955
2025-09-16,-56.25,chl,0.4842352867126465
2025-09-16,-56.0,chl,0.4945565164089203
2025-09-16,-55.75,chl,0.5029109716415405
2025-09-16,-55.5,chl,0.5015078783035278
2025-09-16,-55.25,chl,0.48119544982910156
2025-09-16,-55.0,chl,0.4872153699398041
2025-09-16,-54.75,chl,0.48450884222984314
2025-09-16,-54.5,chl,0.5018822550773621
2025-09-16,-54.25,chl,0.4999162256717682
2025-09-16,-54.0,chl,0.5000199675559998
2025-09-16,-53.75,chl,0.5067982077598572
2025-09-16,-53.5,chl,0.5074813961982727
2025-09-16,-53.25,chl,0.4997943937778473
2025-09-16,-53.0,chl,0.49335920810699463
2025-09-16,-52.75,chl,0.4908347427845001
2025-09-16,-52.5,chl,0.4956468343734741
2025-09-16,-52.25,chl,0.4961271584033966
2025-09-16,-52.0,chl,0.4856923520565033
2025-09-16,-51.75,chl,0.4874899685382843
2025-09-16,-51.5,chl,0.49028635025024414
2025-09-16,-51.25,chl,0.5038767457008362
2025-09-16,-51.0,chl,0.4966571629047394
2025-09-16,-50.75,chl,0.4945392310619354
2025-09-16,-50.5,chl,0.494472861289978
2025-09-16,-50.25,chl,0.49228155612945557
2025-09-16,-50.0,chl,0.4970334470272064
2025-09-16,-49.75,chl,0.4970625936985016
2025-09-16,-49.5,chl,0.4983343183994293
2025-09-16,-49.25,chl,0.5007253885269165
2025-09-16,-49.0,chl,0.5060234069824219
2025-09-16,-48.75,chl,0.5034579634666443
2025-09-16,-48.5,chl,0.5055298805236816
2025-09-16,-48.25,chl,0.5056046843528748
2025-09-16,-48.0,chl,0.5034865140914917
2025-09-16,-47.75,chl,0.5011806488037109
2025-09-16,-47.5,chl,0.49617913365364075
2025-09-16,-47.25,chl,0.49514898657798767
2025-09-16,-47.0,chl,0.48285576701164246
2025-09-16,-46.75,chl,0.4640271067619324
2025-09-16,-46.5,chl,0.4442203938961029
2025-09-16,-46.25,chl,0.43005886673927307
2025-09-16,-46.0,chl,0.42350155115127563
2025-09-16,-45.75,chl,0.4153791666030884
2025-09-16,-45.5,chl,0.40820780396461487
2025-09-16,-45.25,chl,0.4008351266384125
2025-09-16,-45.0,chl,0.3972223997116089
2025-09-16,-44.75,chl,0.3976510465145111
2025-09-16,-44.5,chl,0.4042991101741791
2025-09-16,-44.25,chl,0.4127567708492279
2025-09-16,-44.0,chl,0.41553986072540283
2025-09-16,-43.75,chl,0.4105532765388489
2025-09-16,-43.5,chl,0.41089102625846863
2025-09-16,-43.25,chl,0.4094729423522949
2025-09-16,-43.0,chl,0.4124017357826233
2025-09-16,-42.75,chl,0.4151403605937958
2025-09-16,-42.5,chl,0.4235769212245941
2025-09-16,-42.25,chl,0.422145277261734
2025-09-16,-42.0,chl,0.4234321713447571
2025-09-16,-41.75,chl,0.4264850616455078
2025-09-16,-41.5,chl,0.4239106774330139
2025-09-16,-41.25,chl,0.42145127058029175
2025-09-16,-41.0,chl,0.4321901500225067
2025-09-16,-40.75,chl,0.44249826669692993
2025-09-16,-40.5,chl,0.448160856962204
2025-09-16,-40.25,chl,0.44660642743110657
2025-09-16,-40.0,chl,0.44280529022216797
2025-09-16,-39.75,chl,0.44096267223358154
2025-09-16,-39.5,chl,0.4492298662662506
2025-09-16,-39.25,chl,0.45792239904403687
2025-09-16,-39.0,chl,0.45973125100135803
2025-09-16,-38.75,chl,0.46683794260025024
2025-09-16,-38.5,chl,0.46781158447265625
2025-09-16,-38.25,chl,0.4668089747428894
2025-09-16,-38.0,chl,0.46713441610336304
2025-09-16,-37.75,chl,0.466706782579422
2025-09-16,-37.5,chl,0.46214526891708374
2025-09-16,-37.25,chl,0.457167387008667
2025-09-16,-37.0,chl,0.45601773262023926
2025-09-16,-36.75,chl,0.4551105797290802
2025-09-16,-36.5,chl,0.4487881064414978
2025-09-16,-36.25,chl,0.4423707127571106
2025-09-16,-36.0,chl,0.4311887323856354
2025-09-16,-35.75,chl,0.42322248220443726
2025-09-16,-35.5,chl,0.41467371582984924
2025-09-16,-35.25,chl,0.4110541343688965
2025-09-16,-35.0,chl,0.41189345717430115
2025-09-16,-34.75,chl,0.3940059542655945
2025-09-16,-34.5,chl,0.37899041175842285
2025-09-16,-34.25,chl,0.36164528131484985
2025-09-16,-34.0,chl,0.3416622281074524
2025-09-16,-33.75,chl,0.32631197571754456
2025-09-16,-33.5,chl,0.31414854526519775
2025-09-16,-33.25,chl,0.30796635150909424
2025-09-16,-33.0,chl,0.2985593378543854
2025-09-16,-32.75,chl,0.27862226963043213
2025-09-16,-32.5,chl,0.26895344257354736
2025-09-16,-32.25,chl,0.2553972005844116
2025-09-16,-32.0,chl,0.2529689371585846
2025-09-16,-31.75,chl,0.24501918256282806
2025-09-16,-31.5,chl,0.23469416797161102
2025-09-16,-31.25,chl,0.23203116655349731
2025-09-16,-31.0,chl,0.2236676663160324
2025-09-16,-30.75,chl,0.21581123769283295
2025-09-16,-30.5,chl,0.21793165802955627
2025-09-16,-30.25,chl,0.21624629199504852
2025-09-16,-30.0,chl,0.2213047295808792
2025-09-16,-29.75,chl,0.2230711281299591
2025-09-16,-29.5,chl,0.21351554989814758
2025-09-16,-29.25,chl,0.2093752771615982
2025-09-16,-29.0,chl,0.20300544798374176
2025-09-16,-28.75,chl,0.2006290704011917
2025-09-16,-28.5,chl,0.18891029059886932
2025-09-16,-28.25,chl,0.18987490236759186
2025-09-16,-28.0,chl,0.17609535157680511
2025-09-16,-27.75,chl,0.17356696724891663
2025-09-16,-27.5,chl,0.17133033275604248
2025-09-16,-27.25,chl,0.167982280254364
2025-09-16,-27.0,chl,0.16664904356002808
2025-09-16,-26.75,chl,0.16418711841106415
2025-09-16,-26.5,chl,0.15741926431655884
2025-09-16,-26.25,chl,0.14886540174484253
2025-09-16,-26.0,chl,0.15136337280273438
2025-09-16,-25.75,chl,0.15316163003444672
2025-09-16,-25.5,chl,0.15149015188217163
2025-09-16,-25.25,chl,0.1482161283493042
2025-09-16,-25.0,chl,0.1393767148256302
2025-09-16,-24.75,chl,0.1343991607427597
2025-09-16,-24.5,chl,0.13389864563941956
2025-09-16,-24.25,chl,0.13200421631336212
2025-09-16,-24.0,chl,0.1296631395816803
2025-09-16,-23.75,chl,0.1346723437309265
2025-09-16,-23.5,chl,0.1359984129667282
2025-09-16,-23.25,chl,0.13195613026618958
2025-09-16,-23.0,chl,0.1320624053478241
2025-09-16,-22.75,chl,0.1241161972284317
2025-09-16,-22.5,chl,0.1254950910806656
2025-09-16,-22.25,chl,0.12019870430231094
2025-09-16,-22.0,chl,0.11525248736143112
2025-09-16,-21.75,chl,0.11585936695337296
2025-09-16,-21.5,chl,0.11773940175771713
2025-09-16,-21.25,chl,0.11771883815526962
2025-09-16,-21.0,chl,0.1216384693980217
2025-09-16,-20.75,chl,0.1227007731795311
2025-09-16,-20.5,chl,0.1257745921611786
2025-09-16,-20.25,chl,0.12683653831481934
2025-09-16,-20.0,chl,0.12992003560066223
2025-09-16,-19.75,chl,0.13066552579402924
2025-09-16,-19.5,chl,0.13332317769527435
2025-09-16,-19.25,chl,0.13261592388153076
2025-09-16,-19.0,chl,0.13416345417499542
2025-09-16,-18.75,chl,0.1343199610710144
2025-09-16,-18.5,chl,0.13325780630111694
2025-09-16,-18.25,chl,0.13372118771076202
2025-09-16,-18.0,chl,0.13693119585514069
2025-09-16,-17.75,chl,0.1332312971353531
2025-09-16,-17.5,chl,0.13726666569709778
2025-09-16,-17.25,chl,0.1454845666885376
2025-09-16,-17.0,chl,0.15596269071102142
2025-09-16,-16.75,chl,0.17809121310710907
2025-09-16,-16.5,chl,0.17869289219379425
2025-09-16,-16.25,chl,0.17836950719356537
2025-09-16,-16.0,chl,0.1625654399394989
2025-09-16,-15.75,chl,0.1639900952577591
2025-09-16,-15.5,chl,0.16108649969100952
2025-09-16,-15.25,chl,0.16364769637584686
2025-09-16,-15.0,chl,0.15918554365634918
2025-09-16,-14.75,chl,0.15720772743225098
2025-09-16,-14.5,chl,0.15817901492118835
2025-09-16,-14.25,chl,0.15748421847820282
2025-09-16,-14.0,chl,0.15294446051120758
2025-09-16,-13.75,chl,0.1504039466381073
2025-09-16,-13.5,chl,0.15043063461780548
2025-09-16,-13.25,chl,0.1425592601299286
2025-09-16,-13.0,chl,0.137909397482872
2025-09-16,-12.75,chl,0.14122316241264343
2025-09-16,-12.5,chl,0.14284035563468933
2025-09-16,-12.25,chl,0.1463080197572708
2025-09-16,-12.0,chl,0.15438073873519897
2025-09-16,-11.75,chl,0.1626085638999939
2025-09-16,-11.5,chl,0.16510312259197235
2025-09-16,-11.25,chl,0.1649976670742035
2025-09-16,-11.0,chl,0.16566771268844604
2025-09-16,-10.75,chl,0.16287143528461456
2025-09-16,-10.5,chl,0.16135334968566895
2025-09-16,-10.25,chl,0.16360779106616974
2025-09-16,-10.0,chl,0.16753950715065002
2025-09-16,-9.75,chl,0.16782784461975098
2025-09-16,-9.5,chl,0.17434732615947723
2025-09-16,-9.25,chl,0.1776587814092636
2025-09-16,-9.0,chl,0.18598906695842743
2025-09-16,-8.75,chl,0.18731394410133362
2025-09-16,-8.5,chl,0.19604815542697906
2025-09-16,-8.25,chl,0.1978781372308731
2025-09-16,-8.0,chl,0.2006772756576538
2025-09-16,-7.75,chl,0.21146425604820251
2025-09-16,-7.5,chl,0.22064167261123657
2025-09-16,-7.25,chl,0.23177501559257507
2025-09-16,-7.0,chl,0.23448583483695984
2025-09-16,-6.75,chl,0.2409714013338089
2025-09-16,-6.5,chl,0.23685741424560547
2025-09-16,-6.25,chl,0.2285982072353363
2025-09-16,-6.0,chl,0.22823642194271088
2025-09-16,-5.75,chl,0.2268747091293335
2025-09-16,-5.5,chl,0.22652919590473175
2025-09-16,-5.25,chl,0.22530913352966309
2025-09-16,-5.0,chl,0.2249983847141266
2025-09-16,-4.75,chl,0.22204196453094482
2025-09-16,-4.5,chl,0.2222452461719513
2025-09-16,-4.25,chl,0.22495906054973602
2025-09-16,-4.0,chl,0.22786955535411835
2025-09-16,-3.75,chl,0.2325107604265213
2025-09-16,-3.5,chl,0.24018855392932892
2025-09-16,-3.25,chl,0.2424209713935852
2025-09-16,-3.0,chl,0.2428286224603653
2025-09-16,-2.75,chl,0.24425609409809113
2025-09-16,-2.5,chl,0.2482149600982666
2025-09-16,-2.25,chl,0.2530438303947449
2025-09-16,-2.0,chl,0.25668320059776306
2025-09-16,-1.75,chl,0.2641142010688782
2025-09-16,-1.5,chl,0.268547922372818
2025-09-16,-1.25,chl,0.27281689643859863
2025-09-16,-1.0,chl,0.2772708535194397
2025-09-16,-0.75,chl,0.2806456983089447
2025-09-16,-0.5,chl,0.28143587708473206
2025-09-16,-0.25,chl,0.27319270372390747
2025-09-16,0.0,chl,0.2660050094127655
2025-09-16,0.25,chl,0.2555012106895447
2025-09-16,0.5,chl,0.24395911395549774
2025-09-16,0.75,chl,0.231035977602005
2025-09-16,1.0,chl,0.2178383618593216
2025-09-16,1.25,chl,0.20869997143745422
2025-09-16,1.5,chl,0.1989247351884842
2025-09-16,1.75,chl,0.19719524681568146
2025-09-16,2.0,chl,0.19085285067558289
2025-09-16,2.25,chl,0.18520866334438324
2025-09-16,2.5,chl,0.17865964770317078
2025-09-16,2.75,chl,0.17558297514915466
2025-09-16,3.0,chl,0.17343494296073914
2025-09-16,3.25,chl,0.1778687685728073
2025-09-16,3.5,chl,0.17982284724712372
2025-09-16,3.75,chl,0.1882670372724533
2025-09-16,4.0,chl,0.18533602356910706
2025-09-16,4.25,chl,0.1893940418958664
2025-09-16,4.5,chl,0.19372335076332092
2025-09-16,4.75,chl,0.1899382770061493
2025-09-16,5.0,chl,0.1903689205646515
2025-09-16,5.25,chl,0.17108556628227234
2025-09-16,5.5,chl,0.17428426444530487
2025-09-16,5.75,chl,0.17383930087089539
2025-09-16,6.0,chl,0.1705133020877838
2025-09-16,6.25,chl,0.16244342923164368
2025-09-16,6.5,chl,0.15913733839988708
2025-09-16,6.75,chl,0.15977784991264343
2025-09-16,7.0,chl,0.1641594022512436
2025-09-16,7.25,chl,0.16545230150222778
2025-09-16,7.5,chl,0.17177821695804596
2025-09-16,7.75,chl,0.17869988083839417
2025-09-16,8.0,chl,0.1844751238822937
2025-09-16,8.25,chl,0.17691963911056519
2025-09-16,8.5,chl,0.1757669895887375
2025-09-16,8.75,chl,0.1802905648946762
2025-09-16,9.0,chl,0.18540236353874207
2025-09-16,9.25,chl,0.19715666770935059
2025-09-16,9.5,chl,0.20521536469459534
2025-09-16,9.75,chl,0.20372581481933594
2025-09-16,10.0,chl,0.21404673159122467
2025-09-16,10.25,chl,0.23043811321258545
2025-09-16,10.5,chl,0.20892979204654694
2025-09-16,10.75,chl,0.19425980746746063
2025-09-16,11.0,chl,0.18430069088935852
2025-09-16,11.25,chl,0.20123453438282013
2025-09-16,11.5,chl,0.18201784789562225
2025-09-16,11.75,chl,0.16874639689922333
2025-09-16,12.0,chl,0.16269421577453613
2025-09-16,12.25,chl,0.1606912463903427
2025-09-16,12.5,chl,0.15723645687103271
2025-09-16,12.75,chl,0.15459555387496948
2025-09-16,13.0,chl,0.15193699300289154
2025-09-16,13.25,chl,0.1518227458000183
2025-09-16,13.5,chl,0.1445126086473465
2025-09-16,13.75,chl,0.14447547495365143
2025-09-16,14.0,chl,0.14059576392173767
2025-09-16,14.25,chl,0.1454109102487564
2025-09-16,14.5,chl,0.14824151992797852
2025-09-16,14.75,chl,0.14294515550136566
2025-09-16,15.0,chl,0.14555270969867706
2025-09-16,15.25,chl,0.15045860409736633
2025-09-16,15.5,chl,0.15533074736595154
2025-09-16,15.75,chl,0.14818458259105682
2025-09-16,16.0,chl,0.13793766498565674
2025-09-16,16.25,chl,0.13300341367721558
2025-09-16,16.5,chl,0.1241527646780014
2025-09-16,16.75,chl,0.12309170514345169
2025-09-16,17.0,chl,0.12125150114297867
2025-09-16,17.25,chl,0.11059243232011795
2025-09-16,17.5,chl,0.11472736299037933
2025-09-16,17.75,chl,0.13593155145645142
2025-09-16,18.0,chl,0.13304416835308075
2025-09-16,18.25,chl,0.12580367922782898
2025-09-16,18.5,chl,0.12638504803180695
2025-09-16,18.75,chl,0.12839922308921814
2025-09-16,19.0,chl,0.12725643813610077
2025-09-16,19.25,chl,0.11895767599344254
2025-09-16,19.5,chl,0.12925197184085846
2025-09-16,19.75,chl,0.13879987597465515
2025-09-16,20.0,chl,0.13926102221012115
2025-09-16,20.25,chl,0.14422471821308136
2025-09-16,20.5,chl,0.13928057253360748
2025-09-16,20.75,chl,0.13776546716690063
2025-09-16,21.0,chl,0.1496201753616333
2025-09-16,21.25,chl,0.18314941227436066
2025-09-16,21.5,chl,0.23174366354942322
2025-09-16,21.75,chl,0.2595905661582947
2025-09-16,22.0,chl,0.25104522705078125
2025-09-16,22.25,chl,0.22668467462062836
2025-09-16,22.5,chl,0.1993180215358734
2025-09-16,22.75,chl,0.10265932232141495
2025-09-16,23.0,chl,0.1028725653886795
2025-09-16,23.25,chl,0.10662349313497543
2025-09-16,23.5,chl,0.11458507180213928
2025-09-16,23.75,chl,0.10760906338691711
2025-09-16,24.0,chl,0.10349158942699432
2025-09-16,24.25,chl,0.10540710389614105
2025-09-16,24.5,chl,0.1115308627486229
2025-09-16,24.75,chl,0.11117677390575409
2025-09-16,25.0,chl,0.10874295979738235
2025-09-16,25.25,chl,0.10620403289794922
2025-09-16,25.5,chl,0.10070744156837463
2025-09-16,25.75,chl,0.09537458419799805
2025-09-16,26.0,chl,0.0942111685872078
2025-09-16,26.25,chl,0.09284331649541855
2025-09-16,26.5,chl,0.09713125228881836
2025-09-16,26.75,chl,0.09564506262540817
2025-09-16,27.0,chl,0.09783715009689331
2025-09-16,27.25,chl,0.09550529718399048
2025-09-16,27.5,chl,0.0958845242857933
2025-09-16,27.75,chl,0.09467968344688416
2025-09-16,28.0,chl,0.09494642168283463
2025-09-16,28.25,chl,0.0924166589975357
2025-09-16,28.5,chl,0.09433295577764511
2025-09-16,28.75,chl,0.09633570909500122
2025-09-16,29.0,chl,0.10088911652565002
2025-09-16,29.25,chl,0.10333971679210663
2025-09-16,29.5,chl,0.10618869215250015
2025-09-16,29.75,chl,0.10570808500051498
2025-09-16,30.0,chl,0.11014388501644135
2025-09-16,30.25,chl,0.11749677360057831
2025-09-16,30.5,chl,0.11549581587314606
2025-09-16,30.75,chl,0.1331578493118286
2025-09-16,31.0,chl,0.12221727520227432
2025-09-16,31.25,chl,0.13639214634895325
2025-09-16,31.5,chl,0.1508329212665558
2025-09-16,31.75,chl,0.182336688041687
2025-09-16,32.0,chl,0.1397879272699356
2025-09-16,32.25,chl,0.1313633769750595
2025-09-16,32.5,chl,0.12951776385307312
2025-09-16,32.75,chl,0.11644338816404343
2025-09-16,33.0,chl,0.10037989914417267
2025-09-16,33.25,chl,0.10248430073261261
2025-09-16,33.5,chl,0.10732225328683853
2025-09-16,33.75,chl,0.11571342498064041
2025-09-16,34.0,chl,0.12580226361751556
2025-09-16,34.25,chl,0.12115857005119324
2025-09-16,34.5,chl,0.13485829532146454
2025-09-16,34.75,chl,0.11820577830076218
2025-09-16,35.0,chl,0.11199548840522766
2025-09-16,35.25,chl,0.11449296772480011
2025-09-16,35.5,chl,0.10529107600450516
2025-09-16,35.75,chl,0.10382551699876785
2025-09-16,36.0,chl,0.10849310457706451
2025-09-16,36.25,chl,0.10169732570648193
2025-09-16,36.5,chl,0.1024017184972763
2025-09-16,36.75,chl,0.10625194758176804
2025-09-16,37.0,chl,0.12457164376974106
2025-09-16,37.25,chl,0.13492615520954132
2025-09-16,37.5,chl,0.1362990289926529
2025-09-16,37.75,chl,0.1391853392124176
2025-09-16,38.0,chl,0.137869730591774
2025-09-16,38.25,chl,0.14160452783107758
2025-09-16,38.5,chl,0.14002439379692078
2025-09-16,38.75,chl,0.13784031569957733
2025-09-16,39.0,chl,0.14760930836200714
2025-09-16,39.25,chl,0.14344534277915955
2025-09-16,39.5,chl,0.1522008627653122
2025-09-16,39.75,chl,0.16024388372898102
2025-09-16,40.0,chl,0.15458568930625916
2025-09-16,40.25,chl,0.15881659090518951
2025-09-16,40.5,chl,0.16989482939243317
2025-09-16,40.75,chl,0.16683247685432434
2025-09-16,41.0,chl,0.16491924226284027
2025-09-16,41.25,chl,0.1661296933889389
2025-09-16,41.5,chl,0.16641820967197418
2025-09-16,41.75,chl,0.16801407933235168
2025-09-16,42.0,chl,0.17189998924732208
2025-09-16,42.25,chl,0.16820751130580902
2025-09-16,42.5,chl,0.16975700855255127
2025-09-16,42.75,chl,0.17269325256347656
2025-09-16,43.0,chl,0.1789754331111908
2025-09-16,43.25,chl,0.18548248708248138
2025-09-16,43.5,chl,0.192874476313591
2025-09-16,43.75,chl,0.1978999525308609
2025-09-16,44.0,chl,0.1989012509584427
2025-09-16,44.25,chl,0.2081596851348877
2025-09-16,44.5,chl,0.22829434275627136
2025-09-16,44.75,chl,0.24109973013401031
2025-09-16,45.0,chl,0.24688993394374847
2025-09-16,45.25,chl,0.2595822215080261
2025-09-16,45.5,chl,0.2646268308162689
2025-09-16,45.75,chl,0.26438742876052856
2025-09-16,46.0,chl,0.2764641344547272
2025-09-16,46.25,chl,0.2768110930919647
2025-09-16,46.5,chl,0.27250444889068604
2025-09-16,46.75,chl,0.26603904366493225
2025-09-16,47.0,chl,0.27433550357818604
2025-09-16,47.25,chl,0.2841634154319763
2025-09-16,47.5,chl,0.2846081852912903
2025-09-16,47.75,chl,0.3041800856590271
2025-09-16,48.0,chl,0.32349225878715515
2025-09-16,48.25,chl,0.3298596441745758
2025-09-16,48.5,chl,0.319039911031723
2025-09-16,48.75,chl,0.30975040793418884
2025-09-16,49.0,chl,0.3155083954334259
2025-09-16,49.25,chl,0.30762332677841187
2025-09-16,49.5,chl,0.30366051197052
2025-09-16,49.75,chl,0.3131702244281769
2025-09-16,50.0,chl,0.32971107959747314
2025-09-16,50.25,chl,0.3097417950630188
2025-09-16,50.5,chl,0.3120817244052887
2025-09-16,50.75,chl,0.31348299980163574
2025-09-16,51.0,chl,0.31533825397491455
2025-09-16,51.25,chl,0.353270024061203
2025-09-16,51.5,chl,0.37378618121147156
2025-09-16,51.75,chl,0.38094887137413025
2025-09-16,52.0,chl,0.3786403238773346
2025-09-16,52.25,chl,0.40191224217414856
2025-09-16,52.5,chl,0.4252544939517975
2025-09-16,52.75,chl,0.4273402988910675
2025-09-16,53.0,chl,0.4128592312335968
2025-09-16,53.25,chl,0.39596113562583923
2025-09-16,53.5,chl,0.4218731224536896
2025-09-16,53.75,chl,0.414797306060791
2025-09-16,54.0,chl,0.4211605191230774
2025-09-16,54.25,chl,0.41206982731819153
2025-09-16,54.5,chl,0.42813557386398315
2025-09-16,54.75,chl,0.4105145037174225
2025-09-16,55.0,chl,0.3771098554134369
2025-09-16,55.25,chl,0.3689332604408264
2025-09-16,55.5,chl,0.3641919493675232
2025-09-16,55.75,chl,0.34946972131729126
2025-09-16,56.0,chl,0.34723377227783203
2025-09-16,56.25,chl,0.3461165130138397
2025-09-16,56.5,chl,0.3336225748062134
2025-09-16,56.75,chl,0.3286910951137543
2025-09-16,57.0,chl,0.32914525270462036
2025-09-16,57.25,chl,0.3386039137840271
2025-09-16,57.5,chl,0.3306468427181244
2025-09-16,57.75,chl,0.3311896026134491
2025-09-16,58.0,chl,0.3369430601596832
2025-09-16,58.25,chl,0.3417430818080902
2025-09-16,58.5,chl,0.3657222390174866
2025-09-16,58.75,chl,0.3624041974544525
2025-09-16,59.0,chl,0.3719216585159302
2025-09-16,59.25,chl,0.3531152307987213
2025-09-16,59.5,chl,0.354311466217041
2025-09-16,59.75,chl,0.3729518949985504
2025-09-16,60.0,chl,0.37930038571357727
2025-09-16,60.25,chl,0.3621376156806946
2025-09-16,60.5,chl,0.355555921792984
2025-09-16,60.75,chl,0.3339710533618927
2025-09-16,61.0,chl,0.32413920760154724
2025-09-16,61.25,chl,0.32369527220726013
2025-09-16,61.5,chl,0.31337904930114746
2025-09-16,61.75,chl,0.3134022653102875
2025-09-16,62.0,chl,0.33236560225486755
2025-09-16,62.25,chl,0.3722144663333893
2025-09-16,62.5,chl,0.3673563599586487
2025-09-16,62.75,chl,0.3553564250469208
2025-09-16,63.0,chl,0.3746511936187744
2025-09-16,63.25,chl,0.41759562492370605
2025-09-16,63.5,chl,0.46391457319259644
2025-09-16,63.75,chl,0.45331278443336487
2025-09-16,64.0,chl,0.4744502305984497
2025-09-16,64.25,chl,0.5192784667015076
2025-09-16,64.5,chl,0.5476827621459961
2025-09-16,64.75,chl,0.5960484743118286
2025-09-16,65.0,chl,0.5516217350959778
2025-09-16,65.25,chl,0.5550246834754944
2025-09-16,65.5,chl,0.49563100934028625
2025-09-16,65.75,chl,0.452360600233078
2025-09-16,66.0,chl,0.4654145836830139
2025-09-16,66.25,chl,0.5405053496360779
2025-09-16,66.5,chl,0.5917931199073792
2025-09-16,66.75,chl,0.6055416464805603
2025-09-16,67.0,chl,0.595099687576294
2025-09-16,67.25,chl,0.5903030633926392
2025-09-16,67.5,chl,0.6062731146812439
2025-09-16,67.75,chl,0.5902474522590637
2025-09-16,68.0,chl,0.5631473064422607
2025-09-16,68.25,chl,0.5712195038795471
2025-09-16,68.5,chl,0.5634183883666992
2025-09-16,68.75,chl,0.5868211984634399
2025-09-16,69.0,chl,0.5961949825286865
2025-09-16,69.25,chl,0.567632257938385
2025-09-16,69.5,chl,0.6372780799865723
2025-09-16,69.75,chl,0.6823078989982605
2025-09-16,70.0,chl,0.6782305836677551
2025-09-16,70.25,chl,0.6626853346824646
2025-09-16,70.5,chl,0.6354489922523499
2025-09-16,70.75,chl,0.6302990317344666
2025-09-16,71.0,chl,0.665436327457428
2025-09-16,71.25,chl,0.6787728071212769
2025-09-16,71.5,chl,0.676375150680542
2025-09-16,71.75,chl,0.6901093125343323
2025-09-16,72.0,chl,0.6616821885108948
2025-09-16,72.25,chl,0.6452566981315613
2025-09-16,72.5,chl,0.6424479484558105
2025-09-16,72.75,chl,0.6493846774101257
2025-09-16,73.0,chl,0.6551215052604675
2025-09-16,73.25,chl,0.6384945511817932
2025-09-16,73.5,chl,0.6750043630599976
2025-09-16,73.75,chl,0.6898559331893921
2025-09-16,74.0,chl,0.6712055802345276
2025-09-16,74.25,chl,0.6645486950874329
2025-09-16,74.5,chl,0.6570349335670471
2025-09-16,74.75,chl,0.6283969879150391
2025-09-16,75.0,chl,0.5915810465812683
2025-09-16,75.25,chl,0.5486528873443604
2025-09-16,75.5,chl,0.535015344619751
2025-09-16,75.75,chl,0.523398220539093
2025-09-16,76.0,chl,0.5357447862625122
2025-09-16,76.25,chl,0.5205758810043335
2025-09-16,76.5,chl,0.5207473635673523
2025-09-16,76.75,chl,0.5244681239128113
2025-09-16,77.0,chl,0.5142334699630737
2025-09-16,77.25,chl,0.5010389089584351
2025-09-16,77.5,chl,0.5043826103210449
2025-09-16,77.75,chl,0.522105872631073
2025-09-16,78.0,chl,0.5319644212722778
2025-09-16,78.25,chl,0.549455463886261
2025-09-16,78.5,chl,0.5541618466377258
2025-09-16,78.75,chl,0.5485800504684448
2025-09-16,79.0,chl,0.553138792514801
2025-09-16,79.25,chl,0.5550000071525574
2025-09-16,79.5,chl,0.561854362487793
2025-09-16,79.75,chl,0.5646924376487732
2025-09-16,80.0,chl,0.5683836936950684
2025-09-16,80.25,chl,0.5743880867958069
2025-09-16,80.5,chl,0.5671184062957764
2025-09-16,80.75,chl,0.557435154914856
2025-09-16,81.0,chl,0.5574872493743896
2025-09-16,81.25,chl,0.5453988313674927
2025-09-16,81.5,chl,0.520267903804779
2025-09-16,81.75,chl,0.4923538565635681
2025-09-16,82.0,chl,0.48656144738197327
2025-09-16,82.25,chl,0.4742349088191986
2025-09-16,82.5,chl,0.4438190460205078
2025-09-16,82.75,chl,0.43143635988235474
2025-09-16,83.0,chl,0.40087729692459106
2025-09-16,83.25,chl,0.36701691150665283
2025-09-16,83.5,chl,0.3320758640766144
2025-09-16,83.75,chl,0.29994696378707886
2025-09-16,84.0,chl,0.27638107538223267
2025-09-16,84.25,chl,0.2602137327194214
2025-09-16,84.5,chl,0.2552046775817871
2025-09-16,84.75,chl,0.25167909264564514
2025-09-16,85.0,chl,0.24747733771800995
2025-09-16,85.25,chl,0.24340224266052246
2025-09-16,85.5,chl,0.238869309425354
2025-09-16,85.75,chl,0.23467622697353363
2025-09-16,86.0,chl,0.23140627145767212
2025-09-16,86.25,chl,0.22612512111663818
2025-09-16,86.5,chl,0.22167518734931946
2025-09-16,86.75,chl,0.21977724134922028
2025-09-16,87.0,chl,0.219403475522995
2025-09-16,87.25,chl,0.21814100444316864
2025-09-16,87.5,chl,0.21336433291435242
2025-09-16,87.75,chl,0.20792578160762787
2025-09-16,88.0,chl,0.204706609249115
2025-09-16,88.25,chl,0.19855372607707977
2025-09-16,88.5,chl,0.19065847992897034
2025-09-16,88.75,chl,0.18513710796833038
2025-09-16,89.0,chl,0.1824331134557724
2025-09-16,89.25,chl,0.18272985517978668
2025-09-16,89.5,chl,0.1833040863275528
2025-09-16,89.75,chl,0.18006253242492676
2025-09-16,-76.75,fe,0.0008325058734044433
2025-09-16,-76.5,fe,0.0007744289468973875
2025-09-16,-76.25,fe,0.0007166298455558717
2025-09-16,-76.0,fe,0.0006516255671158433
2025-09-16,-75.75,fe,0.0006396378157660365
2025-09-16,-75.5,fe,0.0006461611483246088
2025-09-16,-75.25,fe,0.000642466067802161
2025-09-16,-75.0,fe,0.0006588042015209794
2025-09-16,-74.75,fe,0.0006802337593398988
2025-09-16,-74.5,fe,0.0006740685203112662
2025-09-16,-74.25,fe,0.0006862842128612101
2025-09-16,-74.0,fe,0.0006599863991141319
2025-09-16,-73.75,fe,0.0006457174313254654
2025-09-16,-73.5,fe,0.0006351034971885383
2025-09-16,-73.25,fe,0.0005430924938991666
2025-09-16,-73.0,fe,0.0005390932783484459
2025-09-16,-72.75,fe,0.0005428133299574256
2025-09-16,-72.5,fe,0.0006102568004280329
2025-09-16,-72.25,fe,0.0005507705500349402
2025-09-16,-72.0,fe,0.00048490415792912245
2025-09-16,-71.75,fe,0.0004593141784425825
2025-09-16,-71.5,fe,0.00043631071457639337
2025-09-16,-71.25,fe,0.00044331722892820835
2025-09-16,-71.0,fe,0.0004285156901460141
2025-09-16,-70.75,fe,0.0004104140680283308
2025-09-16,-70.5,fe,0.0004390281974337995
2025-09-16,-70.25,fe,0.00044092207099311054
2025-09-16,-70.0,fe,0.00044000541674904525
2025-09-16,-69.75,fe,0.0004572536563500762
2025-09-16,-69.5,fe,0.0004945670953020453
2025-09-16,-69.25,fe,0.000474008935270831
2025-09-16,-69.0,fe,0.0004945622640661895
2025-09-16,-68.75,fe,0.0004548299766611308
2025-09-16,-68.5,fe,0.0004464286321308464
2025-09-16,-68.25,fe,0.00044017747859470546
2025-09-16,-68.0,fe,0.0004464455123525113
2025-09-16,-67.75,fe,0.00045712487190030515
2025-09-16,-67.5,fe,0.00046084419591352344
2025-09-16,-67.25,fe,0.0004439704352989793
2025-09-16,-67.0,fe,0.00044108921429142356
2025-09-16,-66.75,fe,0.00048779035569168627
2025-09-16,-66.5,fe,0.0004870581324212253
2025-09-16,-66.25,fe,0.0005133101949468255
2025-09-16,-66.0,fe,0.0004931692383252084
2025-09-16,-65.75,fe,0.00045299631892703474
2025-09-16,-65.5,fe,0.00043248702422715724
2025-09-16,-65.25,fe,0.00040688124136067927
2025-09-16,-65.0,fe,0.0003942617040593177
2025-09-16,-64.75,fe,0.0003715897328220308
2025-09-16,-64.5,fe,0.0003621089563239366
2025-09-16,-64.25,fe,0.00034227536525577307
2025-09-16,-64.0,fe,0.0003219663049094379
2025-09-16,-63.75,fe,0.0003223629901185632
2025-09-16,-63.5,fe,0.00031181969097815454
2025-09-16,-63.25,fe,0.00030021005659364164
2025-09-16,-63.0,fe,0.00028723469586111605
2025-09-16,-62.75,fe,0.0002766945690382272
2025-09-16,-62.5,fe,0.0002669528475962579
2025-09-16,-62.25,fe,0.0002615648554638028
2025-09-16,-62.0,fe,0.00025568317505531013
2025-09-16,-61.75,fe,0.00024386023869737983
2025-09-16,-61.5,fe,0.00023130062618292868
2025-09-16,-61.25,fe,0.00022108349367044866
2025-09-16,-61.0,fe,0.00021255691535770893
2025-09-16,-60.75,fe,0.00020618143025785685
2025-09-16,-60.5,fe,0.0002048488677246496
2025-09-16,-60.25,fe,0.000203850693651475
2025-09-16,-60.0,fe,0.00020357235916890204
2025-09-16,-59.75,fe,0.0002026929141720757
2025-09-16,-59.5,fe,0.00020200846483930945
2025-09-16,-59.25,fe,0.00020164235320407897
2025-09-16,-59.0,fe,0.00019978752243332565
2025-09-16,-58.75,fe,0.00019614576012827456
2025-09-16,-58.5,fe,0.00018818219541572034
2025-09-16,-58.25,fe,0.00018212778377346694
2025-09-16,-58.0,fe,0.00017821654910221696
2025-09-16,-57.75,fe,0.00017549871699884534
2025-09-16,-57.5,fe,0.000173787004314363
2025-09-16,-57.25,fe,0.00017186855257023126
2025-09-16,-57.0,fe,0.00016940798377618194
2025-09-16,-56.75,fe,0.00016787744243629277
2025-09-16,-56.5,fe,0.00016567356942687184
2025-09-16,-56.25,fe,0.00016523667727597058
2025-09-16,-56.0,fe,0.00016650765610393137
2025-09-16,-55.75,fe,0.0001703029265627265
2025-09-16,-55.5,fe,0.00017907071742229164
2025-09-16,-55.25,fe,0.0001674252125667408
2025-09-16,-55.0,fe,0.00017968627798836678
2025-09-16,-54.75,fe,0.00017786087119020522
2025-09-16,-54.5,fe,0.00019966758554801345
2025-09-16,-54.25,fe,0.00019972649170085788
2025-09-16,-54.0,fe,0.00019500007329043
2025-09-16,-53.75,fe,0.00019050594710279256
2025-09-16,-53.5,fe,0.00019125445396639407
2025-09-16,-53.25,fe,0.00019066907407250255
2025-09-16,-53.0,fe,0.00019381493621040136
2025-09-16,-52.75,fe,0.0001958405482582748
2025-09-16,-52.5,fe,0.00020636888802982867
2025-09-16,-52.25,fe,0.00020568628679029644
2025-09-16,-52.0,fe,0.00019141235679853708
2025-09-16,-51.75,fe,0.00019188622536603361
2025-09-16,-51.5,fe,0.0001954361068783328
2025-09-16,-51.25,fe,0.00020750366093125194
2025-09-16,-51.0,fe,0.00019515388703439385
2025-09-16,-50.75,fe,0.0001900186762213707
2025-09-16,-50.5,fe,0.00018514785915613174
2025-09-16,-50.25,fe,0.00017517096421215683
2025-09-16,-50.0,fe,0.00017283226770814508
2025-09-16,-49.75,fe,0.00015828956384211779
2025-09-16,-49.5,fe,0.00014993544027674943
2025-09-16,-49.25,fe,0.00014499832468573004
2025-09-16,-49.0,fe,0.00014570083294529468
2025-09-16,-48.75,fe,0.00014503419515676796
2025-09-16,-48.5,fe,0.00014301085320767015
2025-09-16,-48.25,fe,0.00014140803250484169
2025-09-16,-48.0,fe,0.0001407936797477305
2025-09-16,-47.75,fe,0.00014531664783135056
2025-09-16,-47.5,fe,0.00014393863966688514
2025-09-16,-47.25,fe,0.00014379240747075528
2025-09-16,-47.0,fe,0.0001422153873136267
2025-09-16,-46.75,fe,0.00014625968469772488
2025-09-16,-46.5,fe,0.00013403243792708963
2025-09-16,-46.25,fe,0.0001289017964154482
2025-09-16,-46.0,fe,0.0001261640718439594
2025-09-16,-45.75,fe,0.000124514612252824
2025-09-16,-45.5,fe,0.00012322353722993284
2025-09-16,-45.25,fe,0.00012288759171497077
2025-09-16,-45.0,fe,0.00013046481763012707
2025-09-16,-44.75,fe,0.0001287462655454874
2025-09-16,-44.5,fe,0.00013852109259460121
2025-09-16,-44.25,fe,0.00014293529966380447
2025-09-16,-44.0,fe,0.00014844081306364387
2025-09-16,-43.75,fe,0.00014409770665224642
2025-09-16,-43.5,fe,0.00014908901357557625
2025-09-16,-43.25,fe,0.00014530119369737804
2025-09-16,-43.0,fe,0.0001478465856052935
2025-09-16,-42.75,fe,0.00015903895837254822
2025-09-16,-42.5,fe,0.0001531818852527067
2025-09-16,-42.25,fe,0.00015994161367416382
2025-09-16,-42.0,fe,0.0001727757917251438
2025-09-16,-41.75,fe,0.00017812784062698483
2025-09-16,-41.5,fe,0.0001726253831293434
2025-09-16,-41.25,fe,0.00016631085600238293
2025-09-16,-41.0,fe,0.0001839081960497424
2025-09-16,-40.75,fe,0.00018305395497009158
2025-09-16,-40.5,fe,0.00018372820341028273
2025-09-16,-40.25,fe,0.0001877686008810997
2025-09-16,-40.0,fe,0.0001872160646598786
2025-09-16,-39.75,fe,0.00018870791245717555
2025-09-16,-39.5,fe,0.0001992746547330171
2025-09-16,-39.25,fe,0.00021479980205185711
2025-09-16,-39.0,fe,0.00022654353233519942
2025-09-16,-38.75,fe,0.00018224542145617306
2025-09-16,-38.5,fe,0.0001742920867400244
2025-09-16,-38.25,fe,0.00015794056525919586
2025-09-16,-38.0,fe,0.00016146480629686266
2025-09-16,-37.75,fe,0.00015467192861251533
2025-09-16,-37.5,fe,0.00015664716192986816
2025-09-16,-37.25,fe,0.0001549140433780849
2025-09-16,-37.0,fe,0.00016885242075659335
2025-09-16,-36.75,fe,0.0001734420220600441
2025-09-16,-36.5,fe,0.00017685456259641796
2025-09-16,-36.25,fe,0.0001831000845413655
2025-09-16,-36.0,fe,0.00019528286065906286
2025-09-16,-35.75,fe,0.00018685244140215218
2025-09-16,-35.5,fe,0.00018435207311995327
2025-09-16,-35.25,fe,0.00020034723274875432
2025-09-16,-35.0,fe,0.00021864175505470484
2025-09-16,-34.75,fe,0.00020149741612840444
2025-09-16,-34.5,fe,0.00020485113782342523
2025-09-16,-34.25,fe,0.0001928349956870079
2025-09-16,-34.0,fe,0.00020408087584655732
2025-09-16,-33.75,fe,0.00015982270997483283
2025-09-16,-33.5,fe,0.00015575281577184796
2025-09-16,-33.25,fe,0.00015904949395917356
2025-09-16,-33.0,fe,0.00015038828132674098
2025-09-16,-32.75,fe,0.00015697603521402925
2025-09-16,-32.5,fe,0.00017863797256723046
2025-09-16,-32.25,fe,0.00014999904669821262
2025-09-16,-32.0,fe,0.0001375304564135149
2025-09-16,-31.75,fe,0.00013257637328933924
2025-09-16,-31.5,fe,9.528495866106823e-05
2025-09-16,-31.25,fe,9.464363392908126e-05
2025-09-16,-31.0,fe,9.107810183195397e-05
2025-09-16,-30.75,fe,8.774233720032498e-05
2025-09-16,-30.5,fe,9.293656330555677e-05
2025-09-16,-30.25,fe,9.528025111649185e-05
2025-09-16,-30.0,fe,9.650074935052544e-05
2025-09-16,-29.75,fe,9.899492579279467e-05
2025-09-16,-29.5,fe,0.00010068489791592583
2025-09-16,-29.25,fe,0.00010303282761014998
2025-09-16,-29.0,fe,0.00010381756874267012
2025-09-16,-28.75,fe,0.00011372566223144531
2025-09-16,-28.5,fe,0.00011116567475255579
2025-09-16,-28.25,fe,0.00011833828466478735
2025-09-16,-28.0,fe,0.00011772521247621626
2025-09-16,-27.75,fe,0.00012543523916974664
2025-09-16,-27.5,fe,0.0001379459718009457
2025-09-16,-27.25,fe,0.00014358772023115307
2025-09-16,-27.0,fe,0.00015355835785157979
2025-09-16,-26.75,fe,0.00016576670168433338
2025-09-16,-26.5,fe,0.00017575085803400725
2025-09-16,-26.25,fe,0.0001848906249506399
2025-09-16,-26.0,fe,0.00021029241906944662
2025-09-16,-25.75,fe,0.00022904608340468258
2025-09-16,-25.5,fe,0.0002386754786130041
2025-09-16,-25.25,fe,0.00023687374778091908
2025-09-16,-25.0,fe,0.00024124933406710625
2025-09-16,-24.75,fe,0.00024065581965260208
2025-09-16,-24.5,fe,0.00023810542188584805
2025-09-16,-24.25,fe,0.00023949395108502358
2025-09-16,-24.0,fe,0.0002395655756117776
2025-09-16,-23.75,fe,0.000237699001445435
2025-09-16,-23.5,fe,0.00023094347852747887
2025-09-16,-23.25,fe,0.00023647704801987857
2025-09-16,-23.0,fe,0.0002455452922731638
2025-09-16,-22.75,fe,0.00023025974223855883
2025-09-16,-22.5,fe,0.0002464358985889703
2025-09-16,-22.25,fe,0.00026694440748542547
2025-09-16,-22.0,fe,0.00026437570340931416
2025-09-16,-21.75,fe,0.0002620310988277197
2025-09-16,-21.5,fe,0.00026926829013973475
2025-09-16,-21.25,fe,0.0002791016304399818
2025-09-16,-21.0,fe,0.00027392973424866796
2025-09-16,-20.75,fe,0.00027690210845321417
2025-09-16,-20.5,fe,0.00029806981910951436
2025-09-16,-20.25,fe,0.0003071790561079979
2025-09-16,-20.0,fe,0.00030885773594491184
2025-09-16,-19.75,fe,0.00032589133479632437
2025-09-16,-19.5,fe,0.0003021638549398631
2025-09-16,-19.25,fe,0.00029765741783194244
2025-09-16,-19.0,fe,0.0002882133121602237
2025-09-16,-18.75,fe,0.0002833267208188772
2025-09-16,-18.5,fe,0.00028999766800552607
2025-09-16,-18.25,fe,0.00028510825359262526
2025-09-16,-18.0,fe,0.00028046767693012953
2025-09-16,-17.75,fe,0.0002807120908983052
2025-09-16,-17.5,fe,0.0002995814138557762
2025-09-16,-17.25,fe,0.0003287811705376953
2025-09-16,-17.0,fe,0.000334982672939077
2025-09-16,-16.75,fe,0.0003521949693094939
2025-09-16,-16.5,fe,0.00036069052293896675
2025-09-16,-16.25,fe,0.00035465756081975996
2025-09-16,-16.0,fe,0.0003671649901662022
2025-09-16,-15.75,fe,0.00036238369648344815
2025-09-16,-15.5,fe,0.00034774336381815374
2025-09-16,-15.25,fe,0.00033808971056714654
2025-09-16,-15.0,fe,0.00032914310577325523
2025-09-16,-14.75,fe,0.0003535985015332699
2025-09-16,-14.5,fe,0.000339282036293298
2025-09-16,-14.25,fe,0.00035529679735191166
2025-09-16,-14.0,fe,0.0003462227759882808
2025-09-16,-13.75,fe,0.0003416754479985684
2025-09-16,-13.5,fe,0.00034819336724467576
2025-09-16,-13.25,fe,0.0003347054007463157
2025-09-16,-13.0,fe,0.0003340037656016648
2025-09-16,-12.75,fe,0.0003326359437778592
2025-09-16,-12.5,fe,0.0003566229424905032
2025-09-16,-12.25,fe,0.0004135389463044703
2025-09-16,-12.0,fe,0.00045308921835385263
2025-09-16,-11.75,fe,0.0004385760985314846
2025-09-16,-11.5,fe,0.00042789988219738007
2025-09-16,-11.25,fe,0.0004369341186247766
2025-09-16,-11.0,fe,0.0004153747868258506
2025-09-16,-10.75,fe,0.0003921130846720189
2025-09-16,-10.5,fe,0.00038750676321797073
2025-09-16,-10.25,fe,0.0003608037659432739
2025-09-16,-10.0,fe,0.00035489239962771535
2025-09-16,-9.75,fe,0.00034976546885445714
2025-09-16,-9.5,fe,0.00036023682332597673
2025-09-16,-9.25,fe,0.00037839001743122935
2025-09-16,-9.0,fe,0.0003864887112285942
2025-09-16,-8.75,fe,0.0003467273199930787
2025-09-16,-8.5,fe,0.0003821417049039155
2025-09-16,-8.25,fe,0.0003769773175008595
2025-09-16,-8.0,fe,0.00037848547799512744
2025-09-16,-7.75,fe,0.00030728362617082894
2025-09-16,-7.5,fe,0.00029261838062666357
2025-09-16,-7.25,fe,0.00029764274950139225
2025-09-16,-7.0,fe,0.00029552148771472275
2025-09-16,-6.75,fe,0.0003616581961978227
2025-09-16,-6.5,fe,0.00034497882006689906
2025-09-16,-6.25,fe,0.00034860288724303246
2025-09-16,-6.0,fe,0.00037506880471482873
2025-09-16,-5.75,fe,0.0003819145495072007
2025-09-16,-5.5,fe,0.0003876322298310697
2025-09-16,-5.25,fe,0.00036173054832033813
2025-09-16,-5.0,fe,0.0003478653961792588
2025-09-16,-4.75,fe,0.00033631891710683703
2025-09-16,-4.5,fe,0.0003319704264868051
2025-09-16,-4.25,fe,0.0003509617527015507
2025-09-16,-4.0,fe,0.00037175690522417426
2025-09-16,-3.75,fe,0.000377339543774724
2025-09-16,-3.5,fe,0.0003653193707577884
2025-09-16,-3.25,fe,0.0003535952710080892
2025-09-16,-3.0,fe,0.0003226359258405864
2025-09-16,-2.75,fe,0.000368486566003412
2025-09-16,-2.5,fe,0.00038295818376354873
2025-09-16,-2.25,fe,0.0003949945967178792
2025-09-16,-2.0,fe,0.00038335801218636334
2025-09-16,-1.75,fe,0.00036405635182745755
2025-09-16,-1.5,fe,0.00039278564509004354
2025-09-16,-1.25,fe,0.0003839277778752148
2025-09-16,-1.0,fe,0.00040194072062149644
2025-09-16,-0.75,fe,0.00043754620128311217
2025-09-16,-0.5,fe,0.00046244217082858086
2025-09-16,-0.25,fe,0.0004468793049454689
2025-09-16,0.0,fe,0.0004536476917564869
2025-09-16,0.25,fe,0.00047044589882716537
2025-09-16,0.5,fe,0.000437627371866256
2025-09-16,0.75,fe,0.0004516983754001558
2025-09-16,1.0,fe,0.0004520137736108154
2025-09-16,1.25,fe,0.00046451648813672364
2025-09-16,1.5,fe,0.0004499546193983406
2025-09-16,1.75,fe,0.0005065270233899355
2025-09-16,2.0,fe,0.0005183645989745855
2025-09-16,2.25,fe,0.0005170778604224324
2025-09-16,2.5,fe,0.0005074922810308635
2025-09-16,2.75,fe,0.0005208004149608314
2025-09-16,3.0,fe,0.0005473376368172467
2025-09-16,3.25,fe,0.0005723670474253595
2025-09-16,3.5,fe,0.0005607728962786496
2025-09-16,3.75,fe,0.0005453376797959208
2025-09-16,4.0,fe,0.0005503178108483553
2025-09-16,4.25,fe,0.0005763068911619484
2025-09-16,4.5,fe,0.0005911259795539081
2025-09-16,4.75,fe,0.0005838663200847805
2025-09-16,5.0,fe,0.0005983918090350926
2025-09-16,5.25,fe,0.0006024094182066619
2025-09-16,5.5,fe,0.0006386358290910721
2025-09-16,5.75,fe,0.0006893138634040952
2025-09-16,6.0,fe,0.0007486026734113693
2025-09-16,6.25,fe,0.0007388147059828043
2025-09-16,6.5,fe,0.0007111848681233823
2025-09-16,6.75,fe,0.000728074461221695
2025-09-16,7.0,fe,0.0007755181286484003
2025-09-16,7.25,fe,0.000770192185882479
2025-09-16,7.5,fe,0.000779641792178154
2025-09-16,7.75,fe,0.0007489072741009295
2025-09-16,8.0,fe,0.0007491498254239559
2025-09-16,8.25,fe,0.0007569545414298773
2025-09-16,8.5,fe,0.0007701883441768587
2025-09-16,8.75,fe,0.000816834275610745
2025-09-16,9.0,fe,0.0008399519720114768
2025-09-16,9.25,fe,0.0008568657794967294
2025-09-16,9.5,fe,0.0008929590112529695
2025-09-16,9.75,fe,0.0008904188871383667
2025-09-16,10.0,fe,0.0009310856694355607
2025-09-16,10.25,fe,0.0009306797874160111
2025-09-16,10.5,fe,0.0008555388194508851
2025-09-16,10.75,fe,0.0008327302639372647
2025-09-16,11.0,fe,0.0008338327170349658
2025-09-16,11.25,fe,0.0008645929046906531
2025-09-16,11.5,fe,0.0008840408991090953
2025-09-16,11.75,fe,0.0008957774844020605
2025-09-16,12.0,fe,0.0008615172700956464
2025-09-16,12.25,fe,0.0008433242910541594
2025-09-16,12.5,fe,0.0008547261822968721
2025-09-16,12.75,fe,0.0008204443147405982
2025-09-16,13.0,fe,0.0008040874963626266
2025-09-16,13.25,fe,0.0008281144546344876
2025-09-16,13.5,fe,0.0007657374371774495
2025-09-16,13.75,fe,0.0007623429410159588
2025-09-16,14.0,fe,0.0007723708404228091
2025-09-16,14.25,fe,0.0007934861350804567
2025-09-16,14.5,fe,0.0007931024301797152
2025-09-16,14.75,fe,0.0007954193861223757
2025-09-16,15.0,fe,0.0008443757542409003
2025-09-16,15.25,fe,0.0009010513895191252
2025-09-16,15.5,fe,0.000981445424258709
2025-09-16,15.75,fe,0.0009917073184624314
2025-09-16,16.0,fe,0.0009654026944190264
2025-09-16,16.25,fe,0.000891052361112088
2025-09-16,16.5,fe,0.000850773009005934
2025-09-16,16.75,fe,0.0008141290745697916
2025-09-16,17.0,fe,0.0008218593429774046
2025-09-16,17.25,fe,0.0007961951196193695
2025-09-16,17.5,fe,0.0008023185073398054
2025-09-16,17.75,fe,0.0008187363273464143
2025-09-16,18.0,fe,0.0008194651454687119
2025-09-16,18.25,fe,0.0008673194097355008
2025-09-16,18.5,fe,0.000864127476233989
2025-09-16,18.75,fe,0.0009589401888661087
2025-09-16,19.0,fe,0.0009629068663343787
2025-09-16,19.25,fe,0.0009212064906023443
2025-09-16,19.5,fe,0.0008792084991000593
2025-09-16,19.75,fe,0.0008909431053325534
2025-09-16,20.0,fe,0.0008927713497541845
2025-09-16,20.25,fe,0.0009014629758894444
2025-09-16,20.5,fe,0.0009038486750796437
2025-09-16,20.75,fe,0.0008994328672997653
2025-09-16,21.0,fe,0.0008976836688816547
2025-09-16,21.25,fe,0.0009687117417342961
2025-09-16,21.5,fe,0.0010453368304297328
2025-09-16,21.75,fe,0.0010294285602867603
2025-09-16,22.0,fe,0.0010193679481744766
2025-09-16,22.25,fe,0.000949626846704632
2025-09-16,22.5,fe,0.0009747684234753251
2025-09-16,22.75,fe,0.0008402173407375813
2025-09-16,23.0,fe,0.0008609493379481137
2025-09-16,23.25,fe,0.0008751856512390077
2025-09-16,23.5,fe,0.000844770111143589
2025-09-16,23.75,fe,0.0008370602736249566
2025-09-16,24.0,fe,0.000810851517599076
2025-09-16,24.25,fe,0.0008563970914110541
2025-09-16,24.5,fe,0.0008758585317991674
2025-09-16,24.75,fe,0.0008847271092236042
2025-09-16,25.0,fe,0.0009268942521885037
2025-09-16,25.25,fe,0.0008871101890690625
2025-09-16,25.5,fe,0.0008082923013716936
2025-09-16,25.75,fe,0.0007718332344666123
2025-09-16,26.0,fe,0.0007510577561333776
2025-09-16,26.25,fe,0.0007559345685876906
2025-09-16,26.5,fe,0.0007861591293476522
2025-09-16,26.75,fe,0.0007855212315917015
2025-09-16,27.0,fe,0.0007507250993512571
2025-09-16,27.25,fe,0.0006850096397101879
2025-09-16,27.5,fe,0.0006963451742194593
2025-09-16,27.75,fe,0.0007110275910235941
2025-09-16,28.0,fe,0.0007177270599640906
2025-09-16,28.25,fe,0.0007064395467750728
2025-09-16,28.5,fe,0.00071730773197487
2025-09-16,28.75,fe,0.0007524776156060398
2025-09-16,29.0,fe,0.0007935314206406474
2025-09-16,29.25,fe,0.000764008320402354
2025-09-16,29.5,fe,0.000774670799728483
2025-09-16,29.75,fe,0.0007316968403756618
2025-09-16,30.0,fe,0.0006885863840579987
2025-09-16,30.25,fe,0.0006455653347074986
2025-09-16,30.5,fe,0.0005605415790341794
2025-09-16,30.75,fe,0.0005869310698471963
2025-09-16,31.0,fe,0.0005833968752995133
2025-09-16,31.25,fe,0.0006868288037367165
2025-09-16,31.5,fe,0.0007232699426822364
2025-09-16,31.75,fe,0.0007535833865404129
2025-09-16,32.0,fe,0.0006072412943467498
2025-09-16,32.25,fe,0.0006134773138910532
2025-09-16,32.5,fe,0.0006241323426365852
2025-09-16,32.75,fe,0.0006104781641624868
2025-09-16,33.0,fe,0.0006108125671744347
2025-09-16,33.25,fe,0.0005784565582871437
2025-09-16,33.5,fe,0.0005918078240938485
2025-09-16,33.75,fe,0.0006260998779907823
2025-09-16,34.0,fe,0.0006532011902891099
2025-09-16,34.25,fe,0.0006276326603256166
2025-09-16,34.5,fe,0.0006590490229427814
2025-09-16,34.75,fe,0.0006027256022207439
2025-09-16,35.0,fe,0.0005836027557961643
2025-09-16,35.25,fe,0.0006269506993703544
2025-09-16,35.5,fe,0.0006593142170459032
2025-09-16,35.75,fe,0.0006704109837301075
2025-09-16,36.0,fe,0.0006861809524707496
2025-09-16,36.25,fe,0.0006694509065710008
2025-09-16,36.5,fe,0.0007369810482487082
2025-09-16,36.75,fe,0.0007362777250818908
2025-09-16,37.0,fe,0.0007220765692181885
2025-09-16,37.25,fe,0.000712781329639256
2025-09-16,37.5,fe,0.0007610578322783113
2025-09-16,37.75,fe,0.0007521320949308574
2025-09-16,38.0,fe,0.0007308153435587883
2025-09-16,38.25,fe,0.0008011376485228539
2025-09-16,38.5,fe,0.0007202337146736681
2025-09-16,38.75,fe,0.0007246462628245354
2025-09-16,39.0,fe,0.0007717759581282735
2025-09-16,39.25,fe,0.0007381340255960822
2025-09-16,39.5,fe,0.0007075095782056451
2025-09-16,39.75,fe,0.0007269755005836487
2025-09-16,40.0,fe,0.0006947701913304627
2025-09-16,40.25,fe,0.0006540212780237198
2025-09-16,40.5,fe,0.0006954529671929777
2025-09-16,40.75,fe,0.0006424064631573856
2025-09-16,41.0,fe,0.0006239725626073778
2025-09-16,41.25,fe,0.0006889146752655506
2025-09-16,41.5,fe,0.0006396273383870721
2025-09-16,41.75,fe,0.000571885087992996
2025-09-16,42.0,fe,0.0006330863106995821
2025-09-16,42.25,fe,0.0006203537923283875
2025-09-16,42.5,fe,0.0005870843306183815
2025-09-16,42.75,fe,0.0006112651899456978
2025-09-16,43.0,fe,0.0006183541845530272
2025-09-16,43.25,fe,0.0006355881923809648
2025-09-16,43.5,fe,0.0006464806501753628
2025-09-16,43.75,fe,0.0006272902246564627
2025-09-16,44.0,fe,0.000552941404748708
2025-09-16,44.25,fe,0.0005618055583909154
2025-09-16,44.5,fe,0.0005755695747211576
2025-09-16,44.75,fe,0.0005274004070088267
2025-09-16,45.0,fe,0.0005069058388471603
2025-09-16,45.25,fe,0.0004572566831484437
2025-09-16,45.5,fe,0.00039330130675807595
2025-09-16,45.75,fe,0.0003810895432252437
2025-09-16,46.0,fe,0.0004425453080330044
2025-09-16,46.25,fe,0.00039550793007947505
2025-09-16,46.5,fe,0.0003914260014425963
2025-09-16,46.75,fe,0.00032913850736804307
2025-09-16,47.0,fe,0.0003315169014967978
2025-09-16,47.25,fe,0.00037471335963346064
2025-09-16,47.5,fe,0.0004126015701331198
2025-09-16,47.75,fe,0.0003376496897544712
2025-09-16,48.0,fe,0.00034575819154269993
2025-09-16,48.25,fe,0.000447036640252918
2025-09-16,48.5,fe,0.0004069107526447624
2025-09-16,48.75,fe,0.000517417851369828
2025-09-16,49.0,fe,0.0005645308992825449
2025-09-16,49.25,fe,0.000561715045478195
2025-09-16,49.5,fe,0.0005611023516394198
2025-09-16,49.75,fe,0.000568158458918333
2025-09-16,50.0,fe,0.0005844245897606015
2025-09-16,50.25,fe,0.000462745112599805
2025-09-16,50.5,fe,0.00036278957850299776
2025-09-16,50.75,fe,0.0003683965769596398
2025-09-16,51.0,fe,0.00031148275593295693
2025-09-16,51.25,fe,0.0004109140718355775
2025-09-16,51.5,fe,0.0004776979621965438
2025-09-16,51.75,fe,0.00048376823542639613
2025-09-16,52.0,fe,0.0004877242899965495
2025-09-16,52.25,fe,0.0005360658396966755
2025-09-16,52.5,fe,0.0005688023520633578
2025-09-16,52.75,fe,0.0005743943620473146
2025-09-16,53.0,fe,0.0005318036419339478
2025-09-16,53.25,fe,0.0005794377066195011
2025-09-16,53.5,fe,0.0007030923152342439
2025-09-16,53.75,fe,0.0007233344367705286
2025-09-16,54.0,fe,0.000713038258254528
2025-09-16,54.25,fe,0.0008448754088021815
2025-09-16,54.5,fe,0.0008331428398378193
2025-09-16,54.75,fe,0.0008569388883188367
2025-09-16,55.0,fe,0.0008203434408642352
2025-09-16,55.25,fe,0.0007983305840753019
2025-09-16,55.5,fe,0.0007088948623277247
2025-09-16,55.75,fe,0.0006403079605661333
2025-09-16,56.0,fe,0.0007371961837634444
2025-09-16,56.25,fe,0.0007122609531506896
2025-09-16,56.5,fe,0.0006859267014078796
2025-09-16,56.75,fe,0.0006766218575648963
2025-09-16,57.0,fe,0.0007152545731514692
2025-09-16,57.25,fe,0.0007680978160351515
2025-09-16,57.5,fe,0.0007116004126146436
2025-09-16,57.75,fe,0.0007158705266192555
2025-09-16,58.0,fe,0.0007621568511240184
2025-09-16,58.25,fe,0.0007476996979676187
2025-09-16,58.5,fe,0.0008041505934670568
2025-09-16,58.75,fe,0.0007771009113639593
2025-09-16,59.0,fe,0.0008658936712890863
2025-09-16,59.25,fe,0.0010009822435677052
2025-09-16,59.5,fe,0.0009781492408365011
2025-09-16,59.75,fe,0.0011102131102234125
2025-09-16,60.0,fe,0.0010800923919305205
2025-09-16,60.25,fe,0.0009080105228349566
2025-09-16,60.5,fe,0.0009145166259258986
2025-09-16,60.75,fe,0.000807740434538573
2025-09-16,61.0,fe,0.0007723873713985085
2025-09-16,61.25,fe,0.0006890338263474405
2025-09-16,61.5,fe,0.0007229993934743106
2025-09-16,61.75,fe,0.0008002076647244394
2025-09-16,62.0,fe,0.0007477896870113909
2025-09-16,62.25,fe,0.0009430115460418165
2025-09-16,62.5,fe,0.0011173541424795985
2025-09-16,62.75,fe,0.001007751328870654
2025-09-16,63.0,fe,0.0010146491695195436
2025-09-16,63.25,fe,0.0012567711528390646
2025-09-16,63.5,fe,0.001513623632490635
2025-09-16,63.75,fe,0.0013431417755782604
2025-09-16,64.0,fe,0.0012372558703646064
2025-09-16,64.25,fe,0.0012901353184133768
2025-09-16,64.5,fe,0.0013417231384664774
2025-09-16,64.75,fe,0.0013082160148769617
2025-09-16,65.0,fe,0.0012529520317912102
2025-09-16,65.25,fe,0.001322166994214058
2025-09-16,65.5,fe,0.0016491316491737962
2025-09-16,65.75,fe,0.0014127347385510802
2025-09-16,66.0,fe,0.0012835408560931683
2025-09-16,66.25,fe,0.001736533478833735
2025-09-16,66.5,fe,0.0017154286615550518
2025-09-16,66.75,fe,0.0014747112290933728
2025-09-16,67.0,fe,0.0017736798617988825
2025-09-16,67.25,fe,0.0015258798375725746
2025-09-16,67.5,fe,0.0014498787932097912
2025-09-16,67.75,fe,0.0015250453725457191
2025-09-16,68.0,fe,0.0016882369527593255
2025-09-16,68.25,fe,0.0019027625676244497
2025-09-16,68.5,fe,0.0020056352950632572
2025-09-16,68.75,fe,0.002092314651235938
2025-09-16,69.0,fe,0.0022660146933048964
2025-09-16,69.25,fe,0.0018318159272894263
2025-09-16,69.5,fe,0.0025640022940933704
2025-09-16,69.75,fe,0.002533238846808672
2025-09-16,70.0,fe,0.0022458324674516916
2025-09-16,70.25,fe,0.00202921312302351
2025-09-16,70.5,fe,0.0017637816490605474
2025-09-16,70.75,fe,0.0015747968573123217
2025-09-16,71.0,fe,0.0016138380160555243
2025-09-16,71.25,fe,0.0015554975252598524
2025-09-16,71.5,fe,0.001671867910772562
2025-09-16,71.75,fe,0.001694902079179883
2025-09-16,72.0,fe,0.0016280594281852245
2025-09-16,72.25,fe,0.0016905174124985933
2025-09-16,72.5,fe,0.001674337894655764
2025-09-16,72.75,fe,0.0018245828105136752
2025-09-16,73.0,fe,0.00187107571400702
2025-09-16,73.25,fe,0.0019206091528758407
2025-09-16,73.5,fe,0.0019600808154791594
2025-09-16,73.75,fe,0.0020869632717221975
2025-09-16,74.0,fe,0.0019073692383244634
2025-09-16,74.25,fe,0.001729001640342176
2025-09-16,74.5,fe,0.0016593342879787087
2025-09-16,74.75,fe,0.0015852092765271664
2025-09-16,75.0,fe,0.0014759949408471584
2025-09-16,75.25,fe,0.001237583113834262
2025-09-16,75.5,fe,0.0012939211446791887
2025-09-16,75.75,fe,0.001327701611444354
2025-09-16,76.0,fe,0.0013769969809800386
2025-09-16,76.25,fe,0.0013580082450062037
2025-09-16,76.5,fe,0.0013828565133735538
2025-09-16,76.75,fe,0.0013607802102342248
2025-09-16,77.0,fe,0.001217527431435883
2025-09-16,77.25,fe,0.0012232225853949785
2025-09-16,77.5,fe,0.0011699538445100188
2025-09-16,77.75,fe,0.00111160590313375
2025-09-16,78.0,fe,0.0010690281633287668
2025-09-16,78.25,fe,0.0009984994539991021
2025-09-16,78.5,fe,0.000857544771861285
2025-09-16,78.75,fe,0.0008459033560939133
2025-09-16,79.0,fe,0.0008321419009007514
2025-09-16,79.25,fe,0.000859953579492867
2025-09-16,79.5,fe,0.0007608897867612541
2025-09-16,79.75,fe,0.0007097243797034025
2025-09-16,80.0,fe,0.0007410001126118004
2025-09-16,80.25,fe,0.0008256428991444409
2025-09-16,80.5,fe,0.0009488090872764587
2025-09-16,80.75,fe,0.0008609404903836548
2025-09-16,81.0,fe,0.0007149104494601488
2025-09-16,81.25,fe,0.0005520399427041411
2025-09-16,81.5,fe,0.0005515242810361087
2025-09-16,81.75,fe,0.0004620278486981988
2025-09-16,82.0,fe,0.0006488720537163317
2025-09-16,82.25,fe,0.000584816443733871
2025-09-16,82.5,fe,0.00037876307033002377
2025-09-16,82.75,fe,0.0003865367325488478
2025-09-16,83.0,fe,0.0004558965447358787
2025-09-16,83.25,fe,0.0003290177264716476
2025-09-16,83.5,fe,0.00022726308088749647
2025-09-16,83.75,fe,0.0001329978695139289
2025-09-16,84.0,fe,8.484501449856907e-05
2025-09-16,84.25,fe,7.161266694311053e-05
2025-09-16,84.5,fe,6.887158087920398e-05
2025-09-16,84.75,fe,6.749346357537434e-05
2025-09-16,85.0,fe,6.59954603179358e-05
2025-09-16,85.25,fe,6.356010271701962e-05
2025-09-16,85.5,fe,6.10502902418375e-05
2025-09-16,85.75,fe,5.9455913287820294e-05
2025-09-16,86.0,fe,5.823312676511705e-05
2025-09-16,86.25,fe,5.623630931950174e-05
2025-09-16,86.5,fe,5.477763988892548e-05
2025-09-16,86.75,fe,5.4433196055470034e-05
2025-09-16,87.0,fe,5.274458453641273e-05
2025-09-16,87.25,fe,4.9867056077346206e-05
2025-09-16,87.5,fe,4.60771843791008e-05
2025-09-16,87.75,fe,4.29499959864188e-05
2025-09-16,88.0,fe,4.049912604386918e-05
2025-09-16,88.25,fe,3.902423122781329e-05
2025-09-16,88.5,fe,3.826258034678176e-05
2025-09-16,88.75,fe,3.76892821805086e-05
2025-09-16,89.0,fe,3.589048719732091e-05
2025-09-16,89.25,fe,3.25840046571102e-05
2025-09-16,89.5,fe,3.185259265592322e-05
2025-09-16,89.75,fe,3.252169699408114e-05
2025-09-16,-76.75,no3,29.345741271972656
2025-09-16,-76.5,no3,29.373132705688477
2025-09-16,-76.25,no3,29.37841796875
2025-09-16,-76.0,no3,29.490732192993164
2025-09-16,-75.75,no3,29.47479248046875
2025-09-16,-75.5,no3,29.574323654174805
2025-09-16,-75.25,no3,29.559223175048828
2025-09-16,-75.0,no3,29.549856185913086
2025-09-16,-74.75,no3,29.261329650878906
2025-09-16,-74.5,no3,29.252578735351562
2025-09-16,-74.25,no3,29.1270809173584
2025-09-16,-74.0,no3,29.00327491760254
2025-09-16,-73.75,no3,28.7345027923584
2025-09-16,-73.5,no3,28.536094665527344
2025-09-16,-73.25,no3,28.528236389160156
2025-09-16,-73.0,no3,28.4119873046875
2025-09-16,-72.75,no3,28.451318740844727
2025-09-16,-72.5,no3,28.34996795654297
2025-09-16,-72.25,no3,28.525083541870117
2025-09-16,-72.0,no3,28.881860733032227
2025-09-16,-71.75,no3,28.936988830566406
2025-09-16,-71.5,no3,29.111879348754883
2025-09-16,-71.25,no3,29.288406372070312
2025-09-16,-71.0,no3,29.679155349731445
2025-09-16,-70.75,no3,29.856435775756836
2025-09-16,-70.5,no3,29.95470428466797
2025-09-16,-70.25,no3,30.095094680786133
2025-09-16,-70.0,no3,30.191328048706055
2025-09-16,-69.75,no3,30.19625473022461
2025-09-16,-69.5,no3,30.172632217407227
2025-09-16,-69.25,no3,30.14505958557129
2025-09-16,-69.0,no3,30.114694595336914
2025-09-16,-68.75,no3,30.161596298217773
2025-09-16,-68.5,no3,30.162126541137695
2025-09-16,-68.25,no3,30.16663360595703
2025-09-16,-68.0,no3,30.145286560058594
2025-09-16,-67.75,no3,30.13469696044922
2025-09-16,-67.5,no3,30.144908905029297
2025-09-16,-67.25,no3,30.132471084594727
2025-09-16,-67.0,no3,30.101320266723633
2025-09-16,-66.75,no3,30.02104949951172
2025-09-16,-66.5,no3,29.96666145324707
2025-09-16,-66.25,no3,29.897584915161133
2025-09-16,-66.0,no3,29.86817741394043
2025-09-16,-65.75,no3,29.88043975830078
2025-09-16,-65.5,no3,29.862417221069336
2025-09-16,-65.25,no3,29.84164047241211
2025-09-16,-65.0,no3,29.76214599609375
2025-09-16,-64.75,no3,29.692502975463867
2025-09-16,-64.5,no3,29.573545455932617
2025-09-16,-64.25,no3,29.461700439453125
2025-09-16,-64.0,no3,29.345834732055664
2025-09-16,-63.75,no3,29.235111236572266
2025-09-16,-63.5,no3,29.16024398803711
2025-09-16,-63.25,no3,29.07793617248535
2025-09-16,-63.0,no3,28.962995529174805
2025-09-16,-62.75,no3,28.85646629333496
2025-09-16,-62.5,no3,28.72823715209961
2025-09-16,-62.25,no3,28.601900100708008
2025-09-16,-62.0,no3,28.436141967773438
2025-09-16,-61.75,no3,28.22305679321289
2025-09-16,-61.5,no3,28.021482467651367
2025-09-16,-61.25,no3,27.825700759887695
2025-09-16,-61.0,no3,27.650815963745117
2025-09-16,-60.75,no3,27.467546463012695
2025-09-16,-60.5,no3,27.28154754638672
2025-09-16,-60.25,no3,27.103130340576172
2025-09-16,-60.0,no3,26.94689178466797
2025-09-16,-59.75,no3,26.764406204223633
2025-09-16,-59.5,no3,26.57164764404297
2025-09-16,-59.25,no3,26.391551971435547
2025-09-16,-59.0,no3,26.18876075744629
2025-09-16,-58.75,no3,26.002195358276367
2025-09-16,-58.5,no3,25.813249588012695
2025-09-16,-58.25,no3,25.65103530883789
2025-09-16,-58.0,no3,25.50065040588379
2025-09-16,-57.75,no3,25.35866928100586
2025-09-16,-57.5,no3,25.207530975341797
2025-09-16,-57.25,no3,25.035247802734375
2025-09-16,-57.0,no3,24.853469848632812
2025-09-16,-56.75,no3,24.650205612182617
2025-09-16,-56.5,no3,24.419736862182617
2025-09-16,-56.25,no3,24.2076416015625
2025-09-16,-56.0,no3,24.016023635864258
2025-09-16,-55.75,no3,23.818025588989258
2025-09-16,-55.5,no3,23.581716537475586
2025-09-16,-55.25,no3,23.480243682861328
2025-09-16,-55.0,no3,23.29037857055664
2025-09-16,-54.75,no3,23.17013931274414
2025-09-16,-54.5,no3,23.01212501525879
2025-09-16,-54.25,no3,22.91143226623535
2025-09-16,-54.0,no3,22.787290573120117
2025-09-16,-53.75,no3,22.613981246948242
2025-09-16,-53.5,no3,22.427026748657227
2025-09-16,-53.25,no3,22.27112579345703
2025-09-16,-53.0,no3,22.0664119720459
2025-09-16,-52.75,no3,21.85068130493164
2025-09-16,-52.5,no3,21.660930633544922
2025-09-16,-52.25,no3,21.524185180664062
2025-09-16,-52.0,no3,21.38288688659668
2025-09-16,-51.75,no3,21.21663475036621
2025-09-16,-51.5,no3,20.998641967773438
2025-09-16,-51.25,no3,20.798999786376953
2025-09-16,-51.0,no3,20.662416458129883
2025-09-16,-50.75,no3,20.470239639282227
2025-09-16,-50.5,no3,20.325937271118164
2025-09-16,-50.25,no3,20.17659568786621
2025-09-16,-50.0,no3,20.02777099609375
2025-09-16,-49.75,no3,19.898029327392578
2025-09-16,-49.5,no3,19.65520668029785
2025-09-16,-49.25,no3,19.377981185913086
2025-09-16,-49.0,no3,19.141986846923828
2025-09-16,-48.75,no3,18.913795471191406
2025-09-16,-48.5,no3,18.698244094848633
2025-09-16,-48.25,no3,18.507854461669922
2025-09-16,-48.0,no3,18.265636444091797
2025-09-16,-47.75,no3,18.03045082092285
2025-09-16,-47.5,no3,17.79996681213379
2025-09-16,-47.25,no3,17.57539939880371
2025-09-16,-47.0,no3,17.349729537963867
2025-09-16,-46.75,no3,17.026378631591797
2025-09-16,-46.5,no3,16.82417869567871
2025-09-16,-46.25,no3,16.542736053466797
2025-09-16,-46.0,no3,16.316490173339844
2025-09-16,-45.75,no3,16.0386962890625
2025-09-16,-45.5,no3,15.83916187286377
2025-09-16,-45.25,no3,15.569127082824707
2025-09-16,-45.0,no3,15.266379356384277
2025-09-16,-44.75,no3,14.900589942932129
2025-09-16,-44.5,no3,14.453751564025879
2025-09-16,-44.25,no3,14.136578559875488
2025-09-16,-44.0,no3,13.737858772277832
2025-09-16,-43.75,no3,13.447778701782227
2025-09-16,-43.5,no3,13.171136856079102
2025-09-16,-43.25,no3,12.88731575012207
2025-09-16,-43.0,no3,12.612516403198242
2025-09-16,-42.75,no3,12.24685001373291
2025-09-16,-42.5,no3,11.902164459228516
2025-09-16,-42.25,no3,11.575894355773926
2025-09-16,-42.0,no3,11.10477352142334
2025-09-16,-41.75,no3,10.68234634399414
2025-09-16,-41.5,no3,10.362207412719727
2025-09-16,-41.25,no3,10.00221061706543
2025-09-16,-41.0,no3,9.607930183410645
2025-09-16,-40.75,no3,9.323795318603516
2025-09-16,-40.5,no3,9.000910758972168
2025-09-16,-40.25,no3,8.70224380493164
2025-09-16,-40.0,no3,8.454235076904297
2025-09-16,-39.75,no3,8.12060260772705
2025-09-16,-39.5,no3,7.740018367767334
2025-09-16,-39.25,no3,7.4507012367248535
2025-09-16,-39.0,no3,7.214644432067871
2025-09-16,-38.75,no3,7.044888973236084
2025-09-16,-38.5,no3,6.825381278991699
2025-09-16,-38.25,no3,6.61276388168335
2025-09-16,-38.0,no3,6.261869430541992
2025-09-16,-37.75,no3,5.900365352630615
2025-09-16,-37.5,no3,5.5836181640625
2025-09-16,-37.25,no3,5.341758728027344
2025-09-16,-37.0,no3,5.066389560699463
2025-09-16,-36.75,no3,4.754044055938721
2025-09-16,-36.5,no3,4.492319583892822
2025-09-16,-36.25,no3,4.279310703277588
2025-09-16,-36.0,no3,4.034884929656982
2025-09-16,-35.75,no3,3.814089298248291
2025-09-16,-35.5,no3,3.593742609024048
2025-09-16,-35.25,no3,3.4179821014404297
2025-09-16,-35.0,no3,3.245067834854126
2025-09-16,-34.75,no3,3.0525498390197754
2025-09-16,-34.5,no3,2.8795361518859863
2025-09-16,-34.25,no3,2.748769998550415
2025-09-16,-34.0,no3,2.6294102668762207
2025-09-16,-33.75,no3,2.5258164405822754
2025-09-16,-33.5,no3,2.3920042514801025
2025-09-16,-33.25,no3,2.249512195587158
2025-09-16,-33.0,no3,2.137469530105591
2025-09-16,-32.75,no3,2.026305675506592
2025-09-16,-32.5,no3,1.8945099115371704
2025-09-16,-32.25,no3,1.7642496824264526
2025-09-16,-32.0,no3,1.637229561805725
2025-09-16,-31.75,no3,1.5296465158462524
2025-09-16,-31.5,no3,1.4453425407409668
2025-09-16,-31.25,no3,1.317771077156067
2025-09-16,-31.0,no3,1.1889129877090454
2025-09-16,-30.75,no3,1.0795204639434814
2025-09-16,-30.5,no3,0.983775794506073
2025-09-16,-30.25,no3,0.9067291617393494
2025-09-16,-30.0,no3,0.843735933303833
2025-09-16,-29.75,no3,0.7778882384300232
2025-09-16,-29.5,no3,0.702548623085022
2025-09-16,-29.25,no3,0.6303244233131409
2025-09-16,-29.0,no3,0.553529679775238
2025-09-16,-28.75,no3,0.4779135584831238
2025-09-16,-28.5,no3,0.4108051359653473
2025-09-16,-28.25,no3,0.3520853519439697
2025-09-16,-28.0,no3,0.3000970184803009
2025-09-16,-27.75,no3,0.2712855935096741
2025-09-16,-27.5,no3,0.2519895136356354
2025-09-16,-27.25,no3,0.23030836880207062
2025-09-16,-27.0,no3,0.22071093320846558
2025-09-16,-26.75,no3,0.21690453588962555
2025-09-16,-26.5,no3,0.201212540268898
2025-09-16,-26.25,no3,0.1937858909368515
2025-09-16,-26.0,no3,0.19551979005336761
2025-09-16,-25.75,no3,0.18640975654125214
2025-09-16,-25.5,no3,0.16539938747882843
2025-09-16,-25.25,no3,0.13583427667617798
2025-09-16,-25.0,no3,0.11214247345924377
2025-09-16,-24.75,no3,0.111967533826828
2025-09-16,-24.5,no3,0.12252774089574814
2025-09-16,-24.25,no3,0.14900557696819305
2025-09-16,-24.0,no3,0.18341419100761414
2025-09-16,-23.75,no3,0.20251281559467316
2025-09-16,-23.5,no3,0.18772947788238525
2025-09-16,-23.25,no3,0.16638578474521637
2025-09-16,-23.0,no3,0.15932177007198334
2025-09-16,-22.75,no3,0.1791839450597763
2025-09-16,-22.5,no3,0.1958148181438446
2025-09-16,-22.25,no3,0.1903759241104126
2025-09-16,-22.0,no3,0.1924339234828949
2025-09-16,-21.75,no3,0.19877564907073975
2025-09-16,-21.5,no3,0.20433959364891052
2025-09-16,-21.25,no3,0.2211155891418457
2025-09-16,-21.0,no3,0.23618513345718384
2025-09-16,-20.75,no3,0.22924688458442688
2025-09-16,-20.5,no3,0.20561841130256653
2025-09-16,-20.25,no3,0.21470534801483154
2025-09-16,-20.0,no3,0.24410663545131683
2025-09-16,-19.75,no3,0.2672029733657837
2025-09-16,-19.5,no3,0.26409319043159485
2025-09-16,-19.25,no3,0.27515777945518494
2025-09-16,-19.0,no3,0.29385998845100403
2025-09-16,-18.75,no3,0.3205661475658417
2025-09-16,-18.5,no3,0.3596034348011017
2025-09-16,-18.25,no3,0.4216513931751251
2025-09-16,-18.0,no3,0.4733167588710785
2025-09-16,-17.75,no3,0.48988425731658936
2025-09-16,-17.5,no3,0.49242380261421204
2025-09-16,-17.25,no3,0.48191964626312256
2025-09-16,-17.0,no3,0.477988600730896
2025-09-16,-16.75,no3,0.5065703392028809
2025-09-16,-16.5,no3,0.5299882888793945
2025-09-16,-16.25,no3,0.5567565560340881
2025-09-16,-16.0,no3,0.5544846653938293
2025-09-16,-15.75,no3,0.5976845622062683
2025-09-16,-15.5,no3,0.6525163650512695
2025-09-16,-15.25,no3,0.6867517232894897
2025-09-16,-15.0,no3,0.6817708015441895
2025-09-16,-14.75,no3,0.6691147089004517
2025-09-16,-14.5,no3,0.6681115031242371
2025-09-16,-14.25,no3,0.6611009836196899
2025-09-16,-14.0,no3,0.6602172255516052
2025-09-16,-13.75,no3,0.6673481464385986
2025-09-16,-13.5,no3,0.6834248304367065
2025-09-16,-13.25,no3,0.7022769451141357
2025-09-16,-13.0,no3,0.7113769054412842
2025-09-16,-12.75,no3,0.7280974984169006
2025-09-16,-12.5,no3,0.7462900876998901
2025-09-16,-12.25,no3,0.7547573447227478
2025-09-16,-12.0,no3,0.7782449722290039
2025-09-16,-11.75,no3,0.8087899684906006
2025-09-16,-11.5,no3,0.8381468653678894
2025-09-16,-11.25,no3,0.8751634359359741
2025-09-16,-11.0,no3,0.9299553632736206
2025-09-16,-10.75,no3,0.9937264323234558
2025-09-16,-10.5,no3,1.0504851341247559
2025-09-16,-10.25,no3,1.1248496770858765
2025-09-16,-10.0,no3,1.1865341663360596
2025-09-16,-9.75,no3,1.2486748695373535
2025-09-16,-9.5,no3,1.3111284971237183
2025-09-16,-9.25,no3,1.3630348443984985
2025-09-16,-9.0,no3,1.4376006126403809
2025-09-16,-8.75,no3,1.5370725393295288
2025-09-16,-8.5,no3,1.598372220993042
2025-09-16,-8.25,no3,1.646449327468872
2025-09-16,-8.0,no3,1.686943531036377
2025-09-16,-7.75,no3,1.7413870096206665
2025-09-16,-7.5,no3,1.783901572227478
2025-09-16,-7.25,no3,1.860721468925476
2025-09-16,-7.0,no3,1.9373680353164673
2025-09-16,-6.75,no3,1.9919732809066772
2025-09-16,-6.5,no3,2.0461926460266113
2025-09-16,-6.25,no3,2.1102848052978516
2025-09-16,-6.0,no3,2.162649631500244
2025-09-16,-5.75,no3,2.2425191402435303
2025-09-16,-5.5,no3,2.3175768852233887
2025-09-16,-5.25,no3,2.3827626705169678
2025-09-16,-5.0,no3,2.428734064102173
2025-09-16,-4.75,no3,2.486116647720337
2025-09-16,-4.5,no3,2.5554208755493164
2025-09-16,-4.25,no3,2.6094090938568115
2025-09-16,-4.0,no3,2.65712571144104
2025-09-16,-3.75,no3,2.729485034942627
2025-09-16,-3.5,no3,2.794673442840576
2025-09-16,-3.25,no3,2.8485467433929443
2025-09-16,-3.0,no3,2.8708503246307373
2025-09-16,-2.75,no3,2.834867238998413
2025-09-16,-2.5,no3,2.8311541080474854
2025-09-16,-2.25,no3,2.822211503982544
2025-09-16,-2.0,no3,2.8494510650634766
2025-09-16,-1.75,no3,2.884584665298462
2025-09-16,-1.5,no3,2.8618836402893066
2025-09-16,-1.25,no3,2.873908758163452
2025-09-16,-1.0,no3,2.8827383518218994
2025-09-16,-0.75,no3,2.851426839828491
2025-09-16,-0.5,no3,2.788463592529297
2025-09-16,-0.25,no3,2.734585762023926
2025-09-16,0.0,no3,2.6633801460266113
2025-09-16,0.25,no3,2.574389696121216
2025-09-16,0.5,no3,2.4915881156921387
2025-09-16,0.75,no3,2.3476507663726807
2025-09-16,1.0,no3,2.1804563999176025
2025-09-16,1.25,no3,2.006678581237793
2025-09-16,1.5,no3,1.8631277084350586
2025-09-16,1.75,no3,1.7339348793029785
2025-09-16,2.0,no3,1.6329187154769897
2025-09-16,2.25,no3,1.5526176691055298
2025-09-16,2.5,no3,1.490230917930603
2025-09-16,2.75,no3,1.4475713968276978
2025-09-16,3.0,no3,1.413752555847168
2025-09-16,3.25,no3,1.4011034965515137
2025-09-16,3.5,no3,1.3666791915893555
2025-09-16,3.75,no3,1.343292474746704
2025-09-16,4.0,no3,1.2922285795211792
2025-09-16,4.25,no3,1.2650798559188843
2025-09-16,4.5,no3,1.214829444885254
2025-09-16,4.75,no3,1.1223138570785522
2025-09-16,5.0,no3,1.0478308200836182
2025-09-16,5.25,no3,0.9720009565353394
2025-09-16,5.5,no3,0.8809341788291931
2025-09-16,5.75,no3,0.7913783192634583
2025-09-16,6.0,no3,0.7053313851356506
2025-09-16,6.25,no3,0.6374062895774841
2025-09-16,6.5,no3,0.5988049507141113
2025-09-16,6.75,no3,0.5751633644104004
2025-09-16,7.0,no3,0.5757728815078735
2025-09-16,7.25,no3,0.5811747312545776
2025-09-16,7.5,no3,0.590721845626831
2025-09-16,7.75,no3,0.5982955098152161
2025-09-16,8.0,no3,0.5951788425445557
2025-09-16,8.25,no3,0.5757777690887451
2025-09-16,8.5,no3,0.5536636710166931
2025-09-16,8.75,no3,0.5433990359306335
2025-09-16,9.0,no3,0.5262482166290283
2025-09-16,9.25,no3,0.5293145179748535
2025-09-16,9.5,no3,0.5162376761436462
2025-09-16,9.75,no3,0.500083327293396
2025-09-16,10.0,no3,0.5088464617729187
2025-09-16,10.25,no3,0.49865755438804626
2025-09-16,10.5,no3,0.4222317337989807
2025-09-16,10.75,no3,0.34007513523101807
2025-09-16,11.0,no3,0.3134067952632904
2025-09-16,11.25,no3,0.2996479868888855
2025-09-16,11.5,no3,0.27391496300697327
2025-09-16,11.75,no3,0.2512793242931366
2025-09-16,12.0,no3,0.23616236448287964
2025-09-16,12.25,no3,0.2255847454071045
2025-09-16,12.5,no3,0.21286407113075256
2025-09-16,12.75,no3,0.19999495148658752
2025-09-16,13.0,no3,0.19756299257278442
2025-09-16,13.25,no3,0.21013662219047546
2025-09-16,13.5,no3,0.18474161624908447
2025-09-16,13.75,no3,0.19451628625392914
2025-09-16,14.0,no3,0.20545805990695953
2025-09-16,14.25,no3,0.202542245388031
2025-09-16,14.5,no3,0.2122083455324173
2025-09-16,14.75,no3,0.22802427411079407
2025-09-16,15.0,no3,0.2691498398780823
2025-09-16,15.25,no3,0.32730230689048767
2025-09-16,15.5,no3,0.3958778381347656
2025-09-16,15.75,no3,0.38206323981285095
2025-09-16,16.0,no3,0.34130871295928955
2025-09-16,16.25,no3,0.33520710468292236
2025-09-16,16.5,no3,0.359743595123291
2025-09-16,16.75,no3,0.4040902256965637
2025-09-16,17.0,no3,0.4813689887523651
2025-09-16,17.25,no3,0.2594638466835022
2025-09-16,17.5,no3,0.27042919397354126
2025-09-16,17.75,no3,0.2962823510169983
2025-09-16,18.0,no3,0.31504663825035095
2025-09-16,18.25,no3,0.3441265821456909
2025-09-16,18.5,no3,0.37016332149505615
2025-09-16,18.75,no3,0.3686979413032532
2025-09-16,19.0,no3,0.37033334374427795
2025-09-16,19.25,no3,0.36452168226242065
2025-09-16,19.5,no3,0.35978397727012634
2025-09-16,19.75,no3,0.3539852201938629
2025-09-16,20.0,no3,0.35891684889793396
2025-09-16,20.25,no3,0.3676275312900543
2025-09-16,20.5,no3,0.3975139260292053
2025-09-16,20.75,no3,0.4557259976863861
2025-09-16,21.0,no3,0.6015235185623169
2025-09-16,21.25,no3,0.8689409494400024
2025-09-16,21.5,no3,1.0403434038162231
2025-09-16,21.75,no3,1.1128135919570923
2025-09-16,22.0,no3,1.0090761184692383
2025-09-16,22.25,no3,0.8450002670288086
2025-09-16,22.5,no3,0.7013409733772278
2025-09-16,22.75,no3,0.04239403083920479
2025-09-16,23.0,no3,0.04091300442814827
2025-09-16,23.25,no3,0.04363071173429489
2025-09-16,23.5,no3,0.06320790201425552
2025-09-16,23.75,no3,0.05577736720442772
2025-09-16,24.0,no3,0.03824341297149658
2025-09-16,24.25,no3,0.03640278801321983
2025-09-16,24.5,no3,0.044212307780981064
2025-09-16,24.75,no3,0.04173329845070839
2025-09-16,25.0,no3,0.043119143694639206
2025-09-16,25.25,no3,0.0448676198720932
2025-09-16,25.5,no3,0.038787491619586945
2025-09-16,25.75,no3,0.03889851272106171
2025-09-16,26.0,no3,0.039610233157873154
2025-09-16,26.25,no3,0.04011581093072891
2025-09-16,26.5,no3,0.04989247024059296
2025-09-16,26.75,no3,0.04904722422361374
2025-09-16,27.0,no3,0.05436589941382408
2025-09-16,27.25,no3,0.04867684096097946
2025-09-16,27.5,no3,0.057073865085840225
2025-09-16,27.75,no3,0.06542163342237473
2025-09-16,28.0,no3,0.06998547911643982
2025-09-16,28.25,no3,0.08557857573032379
2025-09-16,28.5,no3,0.14700596034526825
2025-09-16,28.75,no3,0.24207381904125214
2025-09-16,29.0,no3,0.31378400325775146
2025-09-16,29.25,no3,0.2774364650249481
2025-09-16,29.5,no3,0.2652975618839264
2025-09-16,29.75,no3,0.24296127259731293
2025-09-16,30.0,no3,0.29358071088790894
2025-09-16,30.25,no3,0.356823593378067
2025-09-16,30.5,no3,0.2455802708864212
2025-09-16,30.75,no3,0.27813756465911865
2025-09-16,31.0,no3,0.21415597200393677
2025-09-16,31.25,no3,0.33073458075523376
2025-09-16,31.5,no3,0.45559003949165344
2025-09-16,31.75,no3,0.6348229050636292
2025-09-16,32.0,no3,0.40755459666252136
2025-09-16,32.25,no3,0.2770228981971741
2025-09-16,32.5,no3,0.273268461227417
2025-09-16,32.75,no3,0.26102426648139954
2025-09-16,33.0,no3,0.23863624036312103
2025-09-16,33.25,no3,0.24176332354545593
2025-09-16,33.5,no3,0.26754704117774963
2025-09-16,33.75,no3,0.3256194591522217
2025-09-16,34.0,no3,0.36001625657081604
2025-09-16,34.25,no3,0.32912617921829224
2025-09-16,34.5,no3,0.3849106431007385
2025-09-16,34.75,no3,0.3577064275741577
2025-09-16,35.0,no3,0.3648736774921417
2025-09-16,35.25,no3,0.354760080575943
2025-09-16,35.5,no3,0.4019252061843872
2025-09-16,35.75,no3,0.409942626953125
2025-09-16,36.0,no3,0.4049231708049774
2025-09-16,36.25,no3,0.35120734572410583
2025-09-16,36.5,no3,0.3195580244064331
2025-09-16,36.75,no3,0.2695140838623047
2025-09-16,37.0,no3,0.22240620851516724
2025-09-16,37.25,no3,0.2349594086408615
2025-09-16,37.5,no3,0.2593544125556946
2025-09-16,37.75,no3,0.24127531051635742
2025-09-16,38.0,no3,0.2523757517337799
2025-09-16,38.25,no3,0.2755601108074188
2025-09-16,38.5,no3,0.26942989230155945
2025-09-16,38.75,no3,0.2771341800689697
2025-09-16,39.0,no3,0.2964365482330322
2025-09-16,39.25,no3,0.38190796971321106
2025-09-16,39.5,no3,0.4528880715370178
2025-09-16,39.75,no3,0.5784865021705627
2025-09-16,40.0,no3,0.49370282888412476
2025-09-16,40.25,no3,0.5406195521354675
2025-09-16,40.5,no3,0.6008188128471375
2025-09-16,40.75,no3,0.6573087573051453
2025-09-16,41.0,no3,0.6831359267234802
2025-09-16,41.25,no3,0.7330624461174011
2025-09-16,41.5,no3,0.795159101486206
2025-09-16,41.75,no3,0.894517719745636
2025-09-16,42.0,no3,1.0188162326812744
2025-09-16,42.25,no3,1.1308213472366333
2025-09-16,42.5,no3,1.2267711162567139
2025-09-16,42.75,no3,1.329251766204834
2025-09-16,43.0,no3,1.4475017786026
2025-09-16,43.25,no3,1.5622475147247314
2025-09-16,43.5,no3,1.657989501953125
2025-09-16,43.75,no3,1.7321224212646484
2025-09-16,44.0,no3,1.8320956230163574
2025-09-16,44.25,no3,1.9387125968933105
2025-09-16,44.5,no3,2.0679707527160645
2025-09-16,44.75,no3,2.223351240158081
2025-09-16,45.0,no3,2.4067294597625732
2025-09-16,45.25,no3,2.6752612590789795
2025-09-16,45.5,no3,3.0120203495025635
2025-09-16,45.75,no3,3.359166145324707
2025-09-16,46.0,no3,3.5151126384735107
2025-09-16,46.25,no3,3.722722053527832
2025-09-16,46.5,no3,3.9451775550842285
2025-09-16,46.75,no3,4.21509313583374
2025-09-16,47.0,no3,4.434798717498779
2025-09-16,47.25,no3,4.612644195556641
2025-09-16,47.5,no3,4.777456283569336
2025-09-16,47.75,no3,5.0075249671936035
2025-09-16,48.0,no3,5.166954517364502
2025-09-16,48.25,no3,5.227232456207275
2025-09-16,48.5,no3,5.369051933288574
2025-09-16,48.75,no3,5.397037982940674
2025-09-16,49.0,no3,5.464588642120361
2025-09-16,49.25,no3,5.601940155029297
2025-09-16,49.5,no3,5.6265974044799805
2025-09-16,49.75,no3,5.632965087890625
2025-09-16,50.0,no3,5.5944600105285645
2025-09-16,50.25,no3,5.737121105194092
2025-09-16,50.5,no3,5.942131519317627
2025-09-16,50.75,no3,6.053234577178955
2025-09-16,51.0,no3,6.0599365234375
2025-09-16,51.25,no3,5.95756196975708
2025-09-16,51.5,no3,6.037984371185303
2025-09-16,51.75,no3,6.2034454345703125
2025-09-16,52.0,no3,6.235539436340332
2025-09-16,52.25,no3,6.108511924743652
2025-09-16,52.5,no3,6.098349094390869
2025-09-16,52.75,no3,6.123933792114258
2025-09-16,53.0,no3,6.108436107635498
2025-09-16,53.25,no3,6.106043815612793
2025-09-16,53.5,no3,6.120736598968506
2025-09-16,53.75,no3,5.861507892608643
2025-09-16,54.0,no3,5.667938232421875
2025-09-16,54.25,no3,5.340770244598389
2025-09-16,54.5,no3,5.198233604431152
2025-09-16,54.75,no3,5.1571807861328125
2025-09-16,55.0,no3,5.079771518707275
2025-09-16,55.25,no3,4.967724323272705
2025-09-16,55.5,no3,5.084190845489502
2025-09-16,55.75,no3,5.147799015045166
2025-09-16,56.0,no3,5.01358699798584
2025-09-16,56.25,no3,4.937335014343262
2025-09-16,56.5,no3,4.9091877937316895
2025-09-16,56.75,no3,4.8760085105896
2025-09-16,57.0,no3,4.878778457641602
2025-09-16,57.25,no3,4.855149269104004
2025-09-16,57.5,no3,4.812282085418701
2025-09-16,57.75,no3,4.5705156326293945
2025-09-16,58.0,no3,4.309070587158203
2025-09-16,58.25,no3,4.251351356506348
2025-09-16,58.5,no3,4.198387622833252
2025-09-16,58.75,no3,3.9503836631774902
2025-09-16,59.0,no3,3.60282039642334
2025-09-16,59.25,no3,3.4394047260284424
2025-09-16,59.5,no3,3.4717319011688232
2025-09-16,59.75,no3,3.5023016929626465
2025-09-16,60.0,no3,3.5851430892944336
2025-09-16,60.25,no3,3.553433656692505
2025-09-16,60.5,no3,3.2459185123443604
2025-09-16,60.75,no3,2.968902826309204
2025-09-16,61.0,no3,2.799429178237915
2025-09-16,61.25,no3,2.6496105194091797
2025-09-16,61.5,no3,2.518859624862671
2025-09-16,61.75,no3,2.4248604774475098
2025-09-16,62.0,no3,2.347014904022217
2025-09-16,62.25,no3,2.164304256439209
2025-09-16,62.5,no3,1.9462658166885376
2025-09-16,62.75,no3,1.9100723266601562
2025-09-16,63.0,no3,1.8790960311889648
2025-09-16,63.25,no3,1.867132306098938
2025-09-16,63.5,no3,1.7793974876403809
2025-09-16,63.75,no3,1.774726390838623
2025-09-16,64.0,no3,1.9915926456451416
2025-09-16,64.25,no3,2.176286458969116
2025-09-16,64.5,no3,2.2306623458862305
2025-09-16,64.75,no3,2.7233307361602783
2025-09-16,65.0,no3,2.3598861694335938
2025-09-16,65.25,no3,2.049743175506592
2025-09-16,65.5,no3,1.8274482488632202
2025-09-16,65.75,no3,1.8227174282073975
2025-09-16,66.0,no3,1.7388726472854614
2025-09-16,66.25,no3,1.7886701822280884
2025-09-16,66.5,no3,1.9100797176361084
2025-09-16,66.75,no3,1.9213314056396484
2025-09-16,67.0,no3,1.743204951286316
2025-09-16,67.25,no3,1.759439468383789
2025-09-16,67.5,no3,1.8188583850860596
2025-09-16,67.75,no3,1.7349090576171875
2025-09-16,68.0,no3,1.5902291536331177
2025-09-16,68.25,no3,1.712458610534668
2025-09-16,68.5,no3,1.7015295028686523
2025-09-16,68.75,no3,1.7293665409088135
2025-09-16,69.0,no3,1.558161973953247
2025-09-16,69.25,no3,1.4464747905731201
2025-09-16,69.5,no3,1.3528047800064087
2025-09-16,69.75,no3,1.3087646961212158
2025-09-16,70.0,no3,1.227645754814148
2025-09-16,70.25,no3,1.1490633487701416
2025-09-16,70.5,no3,1.1846359968185425
2025-09-16,70.75,no3,1.2124229669570923
2025-09-16,71.0,no3,1.2952312231063843
2025-09-16,71.25,no3,1.4452989101409912
2025-09-16,71.5,no3,1.5404084920883179
2025-09-16,71.75,no3,1.753068447113037
2025-09-16,72.0,no3,1.8210574388504028
2025-09-16,72.25,no3,1.777222990989685
2025-09-16,72.5,no3,1.7593134641647339
2025-09-16,72.75,no3,1.761779546737671
2025-09-16,73.0,no3,1.7998400926589966
2025-09-16,73.25,no3,1.7871533632278442
2025-09-16,73.5,no3,1.8523741960525513
2025-09-16,73.75,no3,1.8267199993133545
2025-09-16,74.0,no3,1.7707496881484985
2025-09-16,74.25,no3,1.7664796113967896
2025-09-16,74.5,no3,1.7635645866394043
2025-09-16,74.75,no3,1.802804708480835
2025-09-16,75.0,no3,1.8500169515609741
2025-09-16,75.25,no3,1.8672428131103516
2025-09-16,75.5,no3,1.892082929611206
2025-09-16,75.75,no3,1.8479681015014648
2025-09-16,76.0,no3,1.7970587015151978
2025-09-16,76.25,no3,1.8000272512435913
2025-09-16,76.5,no3,1.8844009637832642
2025-09-16,76.75,no3,1.8805720806121826
2025-09-16,77.0,no3,1.9263125658035278
2025-09-16,77.25,no3,1.8918745517730713
2025-09-16,77.5,no3,1.8613789081573486
2025-09-16,77.75,no3,1.8689740896224976
2025-09-16,78.0,no3,1.8444538116455078
2025-09-16,78.25,no3,1.8488227128982544
2025-09-16,78.5,no3,1.852180004119873
2025-09-16,78.75,no3,1.921898365020752
2025-09-16,79.0,no3,1.9177181720733643
2025-09-16,79.25,no3,1.936633825302124
2025-09-16,79.5,no3,2.0040090084075928
2025-09-16,79.75,no3,2.0469143390655518
2025-09-16,80.0,no3,2.0645833015441895
2025-09-16,80.25,no3,2.0193686485290527
2025-09-16,80.5,no3,1.963560938835144
2025-09-16,80.75,no3,1.9495974779129028
2025-09-16,81.0,no3,1.9513380527496338
2025-09-16,81.25,no3,1.9269770383834839
2025-09-16,81.5,no3,1.8566311597824097
2025-09-16,81.75,no3,1.8600634336471558
2025-09-16,82.0,no3,1.8791881799697876
2025-09-16,82.25,no3,2.002014398574829
2025-09-16,82.5,no3,2.114192008972168
2025-09-16,82.75,no3,2.1132988929748535
2025-09-16,83.0,no3,2.1132514476776123
2025-09-16,83.25,no3,2.106796979904175
2025-09-16,83.5,no3,2.148277997970581
2025-09-16,83.75,no3,2.2019684314727783
2025-09-16,84.0,no3,2.242961883544922
2025-09-16,84.25,no3,2.3042714595794678
2025-09-16,84.5,no3,2.3412551879882812
2025-09-16,84.75,no3,2.419691801071167
2025-09-16,85.0,no3,2.4584014415740967
2025-09-16,85.25,no3,2.4974443912506104
2025-09-16,85.5,no3,2.538829803466797
2025-09-16,85.75,no3,2.553605079650879
2025-09-16,86.0,no3,2.567931890487671
2025-09-16,86.25,no3,2.5946643352508545
2025-09-16,86.5,no3,2.6187171936035156
2025-09-16,86.75,no3,2.639038324356079
2025-09-16,87.0,no3,2.676530361175537
2025-09-16,87.25,no3,2.7230310440063477
2025-09-16,87.5,no3,2.7377164363861084
2025-09-16,87.75,no3,2.7494277954101562
2025-09-16,88.0,no3,2.794184446334839
2025-09-16,88.25,no3,2.783862352371216
2025-09-16,88.5,no3,2.7153124809265137
2025-09-16,88.75,no3,2.6582720279693604
2025-09-16,89.0,no3,2.6091508865356445
2025-09-16,89.25,no3,2.5659241676330566
2025-09-16,89.5,no3,2.511958599090576
2025-09-16,89.75,no3,2.482901096343994
2025-09-16,-76.75,nppv,0.024412328377366066
2025-09-16,-76.5,nppv,0.025835799053311348
2025-09-16,-76.25,nppv,0.03307667747139931
2025-09-16,-76.0,nppv,0.044920664280653
2025-09-16,-75.75,nppv,0.049679238349199295
2025-09-16,-75.5,nppv,0.055368006229400635
2025-09-16,-75.25,nppv,0.05042729526758194
2025-09-16,-75.0,nppv,0.046668101102113724
2025-09-16,-74.75,nppv,0.045605164021253586
2025-09-16,-74.5,nppv,0.04213613644242287
2025-09-16,-74.25,nppv,0.042359884828329086
2025-09-16,-74.0,nppv,0.044846851378679276
2025-09-16,-73.75,nppv,0.05238896608352661
2025-09-16,-73.5,nppv,0.05277714878320694
2025-09-16,-73.25,nppv,0.05546693876385689
2025-09-16,-73.0,nppv,0.05922922119498253
2025-09-16,-72.75,nppv,0.062376100569963455
2025-09-16,-72.5,nppv,0.06947687268257141
2025-09-16,-72.25,nppv,0.06722225248813629
2025-09-16,-72.0,nppv,0.06863115727901459
2025-09-16,-71.75,nppv,0.07436589151620865
2025-09-16,-71.5,nppv,0.0780833512544632
2025-09-16,-71.25,nppv,0.09122869372367859
2025-09-16,-71.0,nppv,0.1262594312429428
2025-09-16,-70.75,nppv,0.13455763459205627
2025-09-16,-70.5,nppv,0.18331250548362732
2025-09-16,-70.25,nppv,0.2622033655643463
2025-09-16,-70.0,nppv,0.3043387532234192
2025-09-16,-69.75,nppv,0.328559935092926
2025-09-16,-69.5,nppv,0.28742605447769165
2025-09-16,-69.25,nppv,0.2632141411304474
2025-09-16,-69.0,nppv,0.2752761244773865
2025-09-16,-68.75,nppv,0.29127949476242065
2025-09-16,-68.5,nppv,0.28853437304496765
2025-09-16,-68.25,nppv,0.2801896035671234
2025-09-16,-68.0,nppv,0.28818994760513306
2025-09-16,-67.75,nppv,0.32371821999549866
2025-09-16,-67.5,nppv,0.3427087366580963
2025-09-16,-67.25,nppv,0.37654444575309753
2025-09-16,-67.0,nppv,0.4201434254646301
2025-09-16,-66.75,nppv,0.42980054020881653
2025-09-16,-66.5,nppv,0.4087364077568054
2025-09-16,-66.25,nppv,0.3853916525840759
2025-09-16,-66.0,nppv,0.3800274133682251
2025-09-16,-65.75,nppv,0.37186360359191895
2025-09-16,-65.5,nppv,0.3738940358161926
2025-09-16,-65.25,nppv,0.41506704688072205
2025-09-16,-65.0,nppv,0.457700252532959
2025-09-16,-64.75,nppv,0.5280023813247681
2025-09-16,-64.5,nppv,0.6421322226524353
2025-09-16,-64.25,nppv,0.6905386447906494
2025-09-16,-64.0,nppv,0.7577598690986633
2025-09-16,-63.75,nppv,0.8081263899803162
2025-09-16,-63.5,nppv,0.8571971654891968
2025-09-16,-63.25,nppv,0.9670405983924866
2025-09-16,-63.0,nppv,1.0841712951660156
2025-09-16,-62.75,nppv,1.1689083576202393
2025-09-16,-62.5,nppv,1.1959898471832275
2025-09-16,-62.25,nppv,1.2356934547424316
2025-09-16,-62.0,nppv,1.3048510551452637
2025-09-16,-61.75,nppv,1.3701541423797607
2025-09-16,-61.5,nppv,1.4297651052474976
2025-09-16,-61.25,nppv,1.4765722751617432
2025-09-16,-61.0,nppv,1.5463643074035645
2025-09-16,-60.75,nppv,1.618071436882019
2025-09-16,-60.5,nppv,1.6799532175064087
2025-09-16,-60.25,nppv,1.762784481048584
2025-09-16,-60.0,nppv,1.8858860731124878
2025-09-16,-59.75,nppv,1.9741435050964355
2025-09-16,-59.5,nppv,2.0551085472106934
2025-09-16,-59.25,nppv,2.1245460510253906
2025-09-16,-59.0,nppv,2.176265239715576
2025-09-16,-58.75,nppv,2.2319233417510986
2025-09-16,-58.5,nppv,2.2828426361083984
2025-09-16,-58.25,nppv,2.352642059326172
2025-09-16,-58.0,nppv,2.4039602279663086
2025-09-16,-57.75,nppv,2.4357335567474365
2025-09-16,-57.5,nppv,2.437406539916992
2025-09-16,-57.25,nppv,2.4425697326660156
2025-09-16,-57.0,nppv,2.474332571029663
2025-09-16,-56.75,nppv,2.544910430908203
2025-09-16,-56.5,nppv,2.630657911300659
2025-09-16,-56.25,nppv,2.787247657775879
2025-09-16,-56.0,nppv,2.956372022628784
2025-09-16,-55.75,nppv,3.1217713356018066
2025-09-16,-55.5,nppv,3.202569007873535
2025-09-16,-55.25,nppv,2.9631025791168213
2025-09-16,-55.0,nppv,3.0649781227111816
2025-09-16,-54.75,nppv,3.0158658027648926
2025-09-16,-54.5,nppv,3.2929365634918213
2025-09-16,-54.25,nppv,3.213261127471924
2025-09-16,-54.0,nppv,3.2240827083587646
2025-09-16,-53.75,nppv,3.307896852493286
2025-09-16,-53.5,nppv,3.3615379333496094
2025-09-16,-53.25,nppv,3.361394166946411
2025-09-16,-53.0,nppv,3.384577751159668
2025-09-16,-52.75,nppv,3.4612390995025635
2025-09-16,-52.5,nppv,3.6254477500915527
2025-09-16,-52.25,nppv,3.7523131370544434
2025-09-16,-52.0,nppv,3.725104331970215
2025-09-16,-51.75,nppv,3.8951408863067627
2025-09-16,-51.5,nppv,4.01561164855957
2025-09-16,-51.25,nppv,4.259021282196045
2025-09-16,-51.0,nppv,4.098543167114258
2025-09-16,-50.75,nppv,4.148624897003174
2025-09-16,-50.5,nppv,4.253698825836182
2025-09-16,-50.25,nppv,4.308173179626465
2025-09-16,-50.0,nppv,4.453573226928711
2025-09-16,-49.75,nppv,4.497864723205566
2025-09-16,-49.5,nppv,4.603553295135498
2025-09-16,-49.25,nppv,4.669209003448486
2025-09-16,-49.0,nppv,4.757164478302002
2025-09-16,-48.75,nppv,4.7833251953125
2025-09-16,-48.5,nppv,4.864043235778809
2025-09-16,-48.25,nppv,4.942981243133545
2025-09-16,-48.0,nppv,5.038392066955566
2025-09-16,-47.75,nppv,5.137053966522217
2025-09-16,-47.5,nppv,5.207601547241211
2025-09-16,-47.25,nppv,5.287384510040283
2025-09-16,-47.0,nppv,5.221670627593994
2025-09-16,-46.75,nppv,5.177486896514893
2025-09-16,-46.5,nppv,4.975998878479004
2025-09-16,-46.25,nppv,4.886496543884277
2025-09-16,-46.0,nppv,4.904342174530029
2025-09-16,-45.75,nppv,4.915266513824463
2025-09-16,-45.5,nppv,4.911093711853027
2025-09-16,-45.25,nppv,4.974873065948486
2025-09-16,-45.0,nppv,5.019133567810059
2025-09-16,-44.75,nppv,5.137130260467529
2025-09-16,-44.5,nppv,5.335236072540283
2025-09-16,-44.25,nppv,5.478914260864258
2025-09-16,-44.0,nppv,5.555760860443115
2025-09-16,-43.75,nppv,5.531472206115723
2025-09-16,-43.5,nppv,5.670027732849121
2025-09-16,-43.25,nppv,5.735175609588623
2025-09-16,-43.0,nppv,5.889166355133057
2025-09-16,-42.75,nppv,6.001581192016602
2025-09-16,-42.5,nppv,6.275950908660889
2025-09-16,-42.25,nppv,6.306554317474365
2025-09-16,-42.0,nppv,6.335859298706055
2025-09-16,-41.75,nppv,6.495365619659424
2025-09-16,-41.5,nppv,6.511092185974121
2025-09-16,-41.25,nppv,6.602654457092285
2025-09-16,-41.0,nppv,6.905270099639893
2025-09-16,-40.75,nppv,7.220367431640625
2025-09-16,-40.5,nppv,7.461729049682617
2025-09-16,-40.25,nppv,7.51753568649292
2025-09-16,-40.0,nppv,7.552988052368164
2025-09-16,-39.75,nppv,7.670315742492676
2025-09-16,-39.5,nppv,7.962197780609131
2025-09-16,-39.25,nppv,8.165518760681152
2025-09-16,-39.0,nppv,8.248394966125488
2025-09-16,-38.75,nppv,8.43104362487793
2025-09-16,-38.5,nppv,8.561376571655273
2025-09-16,-38.25,nppv,8.680458068847656
2025-09-16,-38.0,nppv,8.910226821899414
2025-09-16,-37.75,nppv,9.038237571716309
2025-09-16,-37.5,nppv,9.090968132019043
2025-09-16,-37.25,nppv,9.078444480895996
2025-09-16,-37.0,nppv,9.301074028015137
2025-09-16,-36.75,nppv,9.56750774383545
2025-09-16,-36.5,nppv,9.665687561035156
2025-09-16,-36.25,nppv,9.747831344604492
2025-09-16,-36.0,nppv,9.780779838562012
2025-09-16,-35.75,nppv,9.94101333618164
2025-09-16,-35.5,nppv,9.84298038482666
2025-09-16,-35.25,nppv,9.895441055297852
2025-09-16,-35.0,nppv,10.167133331298828
2025-09-16,-34.75,nppv,9.80288314819336
2025-09-16,-34.5,nppv,9.541481018066406
2025-09-16,-34.25,nppv,9.284505844116211
2025-09-16,-34.0,nppv,8.9067964553833
2025-09-16,-33.75,nppv,8.641725540161133
2025-09-16,-33.5,nppv,8.390277862548828
2025-09-16,-33.25,nppv,8.184157371520996
2025-09-16,-33.0,nppv,7.871313095092773
2025-09-16,-32.75,nppv,7.433618068695068
2025-09-16,-32.5,nppv,7.309275150299072
2025-09-16,-32.25,nppv,7.032512187957764
2025-09-16,-32.0,nppv,7.078566074371338
2025-09-16,-31.75,nppv,6.8816633224487305
2025-09-16,-31.5,nppv,6.66782808303833
2025-09-16,-31.25,nppv,6.691080570220947
2025-09-16,-31.0,nppv,6.526825428009033
2025-09-16,-30.75,nppv,6.3483357429504395
2025-09-16,-30.5,nppv,6.4717116355896
2025-09-16,-30.25,nppv,6.371993541717529
2025-09-16,-30.0,nppv,6.503106594085693
2025-09-16,-29.75,nppv,6.513164520263672
2025-09-16,-29.5,nppv,6.277754783630371
2025-09-16,-29.25,nppv,6.214522838592529
2025-09-16,-29.0,nppv,6.065643787384033
2025-09-16,-28.75,nppv,5.91898775100708
2025-09-16,-28.5,nppv,5.542153358459473
2025-09-16,-28.25,nppv,5.55804967880249
2025-09-16,-28.0,nppv,5.114650726318359
2025-09-16,-27.75,nppv,5.046097278594971
2025-09-16,-27.5,nppv,4.999959945678711
2025-09-16,-27.25,nppv,4.874833106994629
2025-09-16,-27.0,nppv,4.722685813903809
2025-09-16,-26.75,nppv,4.506448268890381
2025-09-16,-26.5,nppv,4.2139892578125
2025-09-16,-26.25,nppv,3.9054198265075684
2025-09-16,-26.0,nppv,3.9428300857543945
2025-09-16,-25.75,nppv,4.006103515625
2025-09-16,-25.5,nppv,3.957071304321289
2025-09-16,-25.25,nppv,3.7651917934417725
2025-09-16,-25.0,nppv,3.4858241081237793
2025-09-16,-24.75,nppv,3.3495209217071533
2025-09-16,-24.5,nppv,3.3304524421691895
2025-09-16,-24.25,nppv,3.2259132862091064
2025-09-16,-24.0,nppv,3.1619231700897217
2025-09-16,-23.75,nppv,3.352879524230957
2025-09-16,-23.5,nppv,3.390798330307007
2025-09-16,-23.25,nppv,3.282918691635132
2025-09-16,-23.0,nppv,3.321298122406006
2025-09-16,-22.75,nppv,3.022104501724243
2025-09-16,-22.5,nppv,3.1533284187316895
2025-09-16,-22.25,nppv,3.0454745292663574
2025-09-16,-22.0,nppv,2.8861806392669678
2025-09-16,-21.75,nppv,2.9842755794525146
2025-09-16,-21.5,nppv,3.0669050216674805
2025-09-16,-21.25,nppv,3.08536434173584
2025-09-16,-21.0,nppv,3.1949472427368164
2025-09-16,-20.75,nppv,3.2276298999786377
2025-09-16,-20.5,nppv,3.3508353233337402
2025-09-16,-20.25,nppv,3.467008352279663
2025-09-16,-20.0,nppv,3.642937421798706
2025-09-16,-19.75,nppv,3.755110263824463
2025-09-16,-19.5,nppv,3.889209270477295
2025-09-16,-19.25,nppv,3.940723180770874
2025-09-16,-19.0,nppv,4.09250020980835
2025-09-16,-18.75,nppv,4.19639253616333
2025-09-16,-18.5,nppv,4.223913669586182
2025-09-16,-18.25,nppv,4.274768352508545
2025-09-16,-18.0,nppv,4.357133865356445
2025-09-16,-17.75,nppv,4.1884307861328125
2025-09-16,-17.5,nppv,4.370678901672363
2025-09-16,-17.25,nppv,4.6672282218933105
2025-09-16,-17.0,nppv,5.040163040161133
2025-09-16,-16.75,nppv,5.880518913269043
2025-09-16,-16.5,nppv,5.820878028869629
2025-09-16,-16.25,nppv,5.832523345947266
2025-09-16,-16.0,nppv,5.385888576507568
2025-09-16,-15.75,nppv,5.549300193786621
2025-09-16,-15.5,nppv,5.474498271942139
2025-09-16,-15.25,nppv,5.555449485778809
2025-09-16,-15.0,nppv,5.442101955413818
2025-09-16,-14.75,nppv,5.4202799797058105
2025-09-16,-14.5,nppv,5.465546131134033
2025-09-16,-14.25,nppv,5.448449611663818
2025-09-16,-14.0,nppv,5.280567646026611
2025-09-16,-13.75,nppv,5.189608097076416
2025-09-16,-13.5,nppv,5.236210346221924
2025-09-16,-13.25,nppv,4.9762654304504395
2025-09-16,-13.0,nppv,4.7861809730529785
2025-09-16,-12.75,nppv,4.994001865386963
2025-09-16,-12.5,nppv,5.185704708099365
2025-09-16,-12.25,nppv,5.49316930770874
2025-09-16,-12.0,nppv,5.956361770629883
2025-09-16,-11.75,nppv,6.34784460067749
2025-09-16,-11.5,nppv,6.549441814422607
2025-09-16,-11.25,nppv,6.7424492835998535
2025-09-16,-11.0,nppv,6.971053600311279
2025-09-16,-10.75,nppv,7.040525436401367
2025-09-16,-10.5,nppv,7.165141582489014
2025-09-16,-10.25,nppv,7.318140029907227
2025-09-16,-10.0,nppv,7.5105299949646
2025-09-16,-9.75,nppv,7.498507022857666
2025-09-16,-9.5,nppv,7.802706718444824
2025-09-16,-9.25,nppv,8.029157638549805
2025-09-16,-9.0,nppv,8.492794036865234
2025-09-16,-8.75,nppv,8.488595008850098
2025-09-16,-8.5,nppv,9.066150665283203
2025-09-16,-8.25,nppv,9.246461868286133
2025-09-16,-8.0,nppv,9.52544116973877
2025-09-16,-7.75,nppv,9.887340545654297
2025-09-16,-7.5,nppv,10.497759819030762
2025-09-16,-7.25,nppv,11.019463539123535
2025-09-16,-7.0,nppv,11.208401679992676
2025-09-16,-6.75,nppv,11.867775917053223
2025-09-16,-6.5,nppv,11.907156944274902
2025-09-16,-6.25,nppv,11.68519115447998
2025-09-16,-6.0,nppv,11.939156532287598
2025-09-16,-5.75,nppv,11.962580680847168
2025-09-16,-5.5,nppv,11.972996711730957
2025-09-16,-5.25,nppv,11.951870918273926
2025-09-16,-5.0,nppv,12.119460105895996
2025-09-16,-4.75,nppv,12.085641860961914
2025-09-16,-4.5,nppv,12.166587829589844
2025-09-16,-4.25,nppv,12.401958465576172
2025-09-16,-4.0,nppv,12.727602005004883
2025-09-16,-3.75,nppv,13.08516788482666
2025-09-16,-3.5,nppv,13.606480598449707
2025-09-16,-3.25,nppv,13.656880378723145
2025-09-16,-3.0,nppv,13.643468856811523
2025-09-16,-2.75,nppv,13.708097457885742
2025-09-16,-2.5,nppv,14.02558422088623
2025-09-16,-2.25,nppv,14.426169395446777
2025-09-16,-2.0,nppv,14.591265678405762
2025-09-16,-1.75,nppv,15.0699462890625
2025-09-16,-1.5,nppv,15.29786491394043
2025-09-16,-1.25,nppv,15.492655754089355
2025-09-16,-1.0,nppv,15.748448371887207
2025-09-16,-0.75,nppv,15.824586868286133
2025-09-16,-0.5,nppv,15.822159767150879
2025-09-16,-0.25,nppv,15.313336372375488
2025-09-16,0.0,nppv,15.17066764831543
2025-09-16,0.25,nppv,14.829580307006836
2025-09-16,0.5,nppv,14.354427337646484
2025-09-16,0.75,nppv,13.745763778686523
2025-09-16,1.0,nppv,12.866430282592773
2025-09-16,1.25,nppv,12.312077522277832
2025-09-16,1.5,nppv,11.52089786529541
2025-09-16,1.75,nppv,11.357990264892578
2025-09-16,2.0,nppv,10.598182678222656
2025-09-16,2.25,nppv,9.986725807189941
2025-09-16,2.5,nppv,9.324499130249023
2025-09-16,2.75,nppv,9.113916397094727
2025-09-16,3.0,nppv,8.896178245544434
2025-09-16,3.25,nppv,9.181870460510254
2025-09-16,3.5,nppv,9.130682945251465
2025-09-16,3.75,nppv,9.5922212600708
2025-09-16,4.0,nppv,9.61213207244873
2025-09-16,4.25,nppv,10.06397819519043
2025-09-16,4.5,nppv,10.422788619995117
2025-09-16,4.75,nppv,10.151381492614746
2025-09-16,5.0,nppv,10.044190406799316
2025-09-16,5.25,nppv,8.732269287109375
2025-09-16,5.5,nppv,8.909149169921875
2025-09-16,5.75,nppv,8.811802864074707
2025-09-16,6.0,nppv,8.618014335632324
2025-09-16,6.25,nppv,8.025740623474121
2025-09-16,6.5,nppv,7.656813144683838
2025-09-16,6.75,nppv,7.559865951538086
2025-09-16,7.0,nppv,7.99481725692749
2025-09-16,7.25,nppv,8.100372314453125
2025-09-16,7.5,nppv,8.522980690002441
2025-09-16,7.75,nppv,8.877492904663086
2025-09-16,8.0,nppv,9.400093078613281
2025-09-16,8.25,nppv,9.0709810256958
2025-09-16,8.5,nppv,9.068470001220703
2025-09-16,8.75,nppv,9.586103439331055
2025-09-16,9.0,nppv,10.020699501037598
2025-09-16,9.25,nppv,10.956364631652832
2025-09-16,9.5,nppv,11.621747016906738
2025-09-16,9.75,nppv,11.46479606628418
2025-09-16,10.0,nppv,12.169841766357422
2025-09-16,10.25,nppv,13.125925064086914
2025-09-16,10.5,nppv,11.48155689239502
2025-09-16,10.75,nppv,10.364523887634277
2025-09-16,11.0,nppv,9.883346557617188
2025-09-16,11.25,nppv,11.65237808227539
2025-09-16,11.5,nppv,9.612549781799316
2025-09-16,11.75,nppv,8.533798217773438
2025-09-16,12.0,nppv,8.137537002563477
2025-09-16,12.25,nppv,7.9904913902282715
2025-09-16,12.5,nppv,7.801107406616211
2025-09-16,12.75,nppv,7.841261863708496
2025-09-16,13.0,nppv,7.820315837860107
2025-09-16,13.25,nppv,7.909067630767822
2025-09-16,13.5,nppv,7.140732765197754
2025-09-16,13.75,nppv,7.096458911895752
2025-09-16,14.0,nppv,6.669095993041992
2025-09-16,14.25,nppv,6.879451274871826
2025-09-16,14.5,nppv,6.9382405281066895
2025-09-16,14.75,nppv,6.463806629180908
2025-09-16,15.0,nppv,6.453763961791992
2025-09-16,15.25,nppv,6.917451858520508
2025-09-16,15.5,nppv,7.5482940673828125
2025-09-16,15.75,nppv,7.0355000495910645
2025-09-16,16.0,nppv,6.648574352264404
2025-09-16,16.25,nppv,6.469474792480469
2025-09-16,16.5,nppv,5.719022274017334
2025-09-16,16.75,nppv,5.51524019241333
2025-09-16,17.0,nppv,5.255932807922363
2025-09-16,17.25,nppv,4.2219085693359375
2025-09-16,17.5,nppv,4.334031105041504
2025-09-16,17.75,nppv,5.756614685058594
2025-09-16,18.0,nppv,5.249261856079102
2025-09-16,18.25,nppv,4.942745208740234
2025-09-16,18.5,nppv,5.152942657470703
2025-09-16,18.75,nppv,5.3379130363464355
2025-09-16,19.0,nppv,5.367262840270996
2025-09-16,19.25,nppv,4.887044906616211
2025-09-16,19.5,nppv,5.3282365798950195
2025-09-16,19.75,nppv,5.827615261077881
2025-09-16,20.0,nppv,5.68196439743042
2025-09-16,20.25,nppv,5.7544097900390625
2025-09-16,20.5,nppv,5.52619743347168
2025-09-16,20.75,nppv,5.144084453582764
2025-09-16,21.0,nppv,6.234546661376953
2025-09-16,21.25,nppv,8.427842140197754
2025-09-16,21.5,nppv,12.244363784790039
2025-09-16,21.75,nppv,14.023594856262207
2025-09-16,22.0,nppv,13.267566680908203
2025-09-16,22.25,nppv,11.623164176940918
2025-09-16,22.5,nppv,9.459360122680664
2025-09-16,22.75,nppv,2.691948175430298
2025-09-16,23.0,nppv,2.596419095993042
2025-09-16,23.25,nppv,2.870746374130249
2025-09-16,23.5,nppv,3.4370038509368896
2025-09-16,23.75,nppv,2.946398973464966
2025-09-16,24.0,nppv,2.6688132286071777
2025-09-16,24.25,nppv,2.6779894828796387
2025-09-16,24.5,nppv,3.1074016094207764
2025-09-16,24.75,nppv,2.9780993461608887
2025-09-16,25.0,nppv,2.830042600631714
2025-09-16,25.25,nppv,2.8329761028289795
2025-09-16,25.5,nppv,2.4807345867156982
2025-09-16,25.75,nppv,2.2858633995056152
2025-09-16,26.0,nppv,2.2584950923919678
2025-09-16,26.25,nppv,2.2079362869262695
2025-09-16,26.5,nppv,2.3523108959198
2025-09-16,26.75,nppv,2.1940972805023193
2025-09-16,27.0,nppv,2.236096143722534
2025-09-16,27.25,nppv,2.049363374710083
2025-09-16,27.5,nppv,2.0548629760742188
2025-09-16,27.75,nppv,2.0267248153686523
2025-09-16,28.0,nppv,1.9923549890518188
2025-09-16,28.25,nppv,1.8310134410858154
2025-09-16,28.5,nppv,1.930344820022583
2025-09-16,28.75,nppv,2.247706413269043
2025-09-16,29.0,nppv,2.6621952056884766
2025-09-16,29.25,nppv,2.7029969692230225
2025-09-16,29.5,nppv,2.881770610809326
2025-09-16,29.75,nppv,2.847658634185791
2025-09-16,30.0,nppv,3.033463716506958
2025-09-16,30.25,nppv,3.4617483615875244
2025-09-16,30.5,nppv,3.0241894721984863
2025-09-16,30.75,nppv,4.346253871917725
2025-09-16,31.0,nppv,3.5006215572357178
2025-09-16,31.25,nppv,4.400084018707275
2025-09-16,31.5,nppv,5.396904468536377
2025-09-16,31.75,nppv,7.665515422821045
2025-09-16,32.0,nppv,4.572078227996826
2025-09-16,32.25,nppv,4.093310832977295
2025-09-16,32.5,nppv,4.180801868438721
2025-09-16,32.75,nppv,3.14350962638855
2025-09-16,33.0,nppv,2.231407403945923
2025-09-16,33.25,nppv,2.389848470687866
2025-09-16,33.5,nppv,2.6907262802124023
2025-09-16,33.75,nppv,3.162656307220459
2025-09-16,34.0,nppv,3.8386120796203613
2025-09-16,34.25,nppv,3.2814741134643555
2025-09-16,34.5,nppv,4.393752098083496
2025-09-16,34.75,nppv,3.2823755741119385
2025-09-16,35.0,nppv,2.936415910720825
2025-09-16,35.25,nppv,3.021172523498535
2025-09-16,35.5,nppv,2.5676791667938232
2025-09-16,35.75,nppv,2.303619146347046
2025-09-16,36.0,nppv,2.540379047393799
2025-09-16,36.25,nppv,2.195636510848999
2025-09-16,36.5,nppv,2.265995502471924
2025-09-16,36.75,nppv,2.3703558444976807
2025-09-16,37.0,nppv,3.4211690425872803
2025-09-16,37.25,nppv,3.630204439163208
2025-09-16,37.5,nppv,3.6918692588806152
2025-09-16,37.75,nppv,3.8164141178131104
2025-09-16,38.0,nppv,3.673682928085327
2025-09-16,38.25,nppv,4.065474033355713
2025-09-16,38.5,nppv,3.873577356338501
2025-09-16,38.75,nppv,3.7386562824249268
2025-09-16,39.0,nppv,4.197810173034668
2025-09-16,39.25,nppv,3.976072311401367
2025-09-16,39.5,nppv,4.31524133682251
2025-09-16,39.75,nppv,4.778666019439697
2025-09-16,40.0,nppv,4.433845043182373
2025-09-16,40.25,nppv,4.626304626464844
2025-09-16,40.5,nppv,5.106378078460693
2025-09-16,40.75,nppv,4.930156230926514
2025-09-16,41.0,nppv,4.798331260681152
2025-09-16,41.25,nppv,4.858321189880371
2025-09-16,41.5,nppv,4.749657154083252
2025-09-16,41.75,nppv,4.791650772094727
2025-09-16,42.0,nppv,4.901665687561035
2025-09-16,42.25,nppv,4.780977249145508
2025-09-16,42.5,nppv,4.754067897796631
2025-09-16,42.75,nppv,4.816822052001953
2025-09-16,43.0,nppv,5.099327564239502
2025-09-16,43.25,nppv,5.487289905548096
2025-09-16,43.5,nppv,5.54641580581665
2025-09-16,43.75,nppv,5.639620780944824
2025-09-16,44.0,nppv,5.595637321472168
2025-09-16,44.25,nppv,5.949541091918945
2025-09-16,44.5,nppv,6.891391277313232
2025-09-16,44.75,nppv,7.466079235076904
2025-09-16,45.0,nppv,7.578016757965088
2025-09-16,45.25,nppv,7.839874744415283
2025-09-16,45.5,nppv,7.5268449783325195
2025-09-16,45.75,nppv,7.292881488800049
2025-09-16,46.0,nppv,7.7924699783325195
2025-09-16,46.25,nppv,7.842251300811768
2025-09-16,46.5,nppv,7.601956367492676
2025-09-16,46.75,nppv,7.264740467071533
2025-09-16,47.0,nppv,7.3741936683654785
2025-09-16,47.25,nppv,7.6309003829956055
2025-09-16,47.5,nppv,7.5607805252075195
2025-09-16,47.75,nppv,7.9681830406188965
2025-09-16,48.0,nppv,8.696292877197266
2025-09-16,48.25,nppv,8.742063522338867
2025-09-16,48.5,nppv,8.366717338562012
2025-09-16,48.75,nppv,8.07856559753418
2025-09-16,49.0,nppv,8.296222686767578
2025-09-16,49.25,nppv,8.265788078308105
2025-09-16,49.5,nppv,8.037632942199707
2025-09-16,49.75,nppv,8.236309051513672
2025-09-16,50.0,nppv,8.577996253967285
2025-09-16,50.25,nppv,7.768231391906738
2025-09-16,50.5,nppv,7.683370590209961
2025-09-16,50.75,nppv,7.842884063720703
2025-09-16,51.0,nppv,7.837132453918457
2025-09-16,51.25,nppv,8.914097785949707
2025-09-16,51.5,nppv,9.721131324768066
2025-09-16,51.75,nppv,9.753498077392578
2025-09-16,52.0,nppv,9.389832496643066
2025-09-16,52.25,nppv,9.783867835998535
2025-09-16,52.5,nppv,10.398237228393555
2025-09-16,52.75,nppv,10.41626262664795
2025-09-16,53.0,nppv,10.032069206237793
2025-09-16,53.25,nppv,9.664494514465332
2025-09-16,53.5,nppv,10.51272201538086
2025-09-16,53.75,nppv,9.623912811279297
2025-09-16,54.0,nppv,9.657036781311035
2025-09-16,54.25,nppv,9.616403579711914
2025-09-16,54.5,nppv,10.154399871826172
2025-09-16,54.75,nppv,9.336939811706543
2025-09-16,55.0,nppv,8.346288681030273
2025-09-16,55.25,nppv,8.115463256835938
2025-09-16,55.5,nppv,7.933752536773682
2025-09-16,55.75,nppv,7.655711650848389
2025-09-16,56.0,nppv,7.4947943687438965
2025-09-16,56.25,nppv,7.403193950653076
2025-09-16,56.5,nppv,7.090595245361328
2025-09-16,56.75,nppv,6.897571563720703
2025-09-16,57.0,nppv,6.938291549682617
2025-09-16,57.25,nppv,7.106369972229004
2025-09-16,57.5,nppv,6.8858642578125
2025-09-16,57.75,nppv,6.864884853363037
2025-09-16,58.0,nppv,6.932876110076904
2025-09-16,58.25,nppv,6.9842424392700195
2025-09-16,58.5,nppv,7.373423099517822
2025-09-16,58.75,nppv,7.45022439956665
2025-09-16,59.0,nppv,7.786471843719482
2025-09-16,59.25,nppv,7.242249965667725
2025-09-16,59.5,nppv,7.101215362548828
2025-09-16,59.75,nppv,7.417947769165039
2025-09-16,60.0,nppv,7.507046699523926
2025-09-16,60.25,nppv,7.102438926696777
2025-09-16,60.5,nppv,6.769404411315918
2025-09-16,60.75,nppv,6.099912166595459
2025-09-16,61.0,nppv,5.7533674240112305
2025-09-16,61.25,nppv,5.562757968902588
2025-09-16,61.5,nppv,5.27589225769043
2025-09-16,61.75,nppv,5.248413562774658
2025-09-16,62.0,nppv,5.619342803955078
2025-09-16,62.25,nppv,6.377593040466309
2025-09-16,62.5,nppv,6.192881107330322
2025-09-16,62.75,nppv,5.921102046966553
2025-09-16,63.0,nppv,6.258632659912109
2025-09-16,63.25,nppv,7.2910566329956055
2025-09-16,63.5,nppv,8.203779220581055
2025-09-16,63.75,nppv,7.983854293823242
2025-09-16,64.0,nppv,8.394790649414062
2025-09-16,64.25,nppv,9.009577751159668
2025-09-16,64.5,nppv,9.390820503234863
2025-09-16,64.75,nppv,9.967191696166992
2025-09-16,65.0,nppv,8.938189506530762
2025-09-16,65.25,nppv,8.56627082824707
2025-09-16,65.5,nppv,7.677262306213379
2025-09-16,65.75,nppv,6.874788284301758
2025-09-16,66.0,nppv,6.608018398284912
2025-09-16,66.25,nppv,8.033875465393066
2025-09-16,66.5,nppv,8.235827445983887
2025-09-16,66.75,nppv,8.288769721984863
2025-09-16,67.0,nppv,7.910641670227051
2025-09-16,67.25,nppv,7.715621471405029
2025-09-16,67.5,nppv,7.75770902633667
2025-09-16,67.75,nppv,7.452908992767334
2025-09-16,68.0,nppv,6.850834846496582
2025-09-16,68.25,nppv,6.946581840515137
2025-09-16,68.5,nppv,6.7947516441345215
2025-09-16,68.75,nppv,6.974198818206787
2025-09-16,69.0,nppv,6.878145694732666
2025-09-16,69.25,nppv,6.130128383636475
2025-09-16,69.5,nppv,6.838756084442139
2025-09-16,69.75,nppv,7.139104843139648
2025-09-16,70.0,nppv,6.812626361846924
2025-09-16,70.25,nppv,6.426698207855225
2025-09-16,70.5,nppv,6.033855438232422
2025-09-16,70.75,nppv,6.008028984069824
2025-09-16,71.0,nppv,6.278937339782715
2025-09-16,71.25,nppv,6.386502265930176
2025-09-16,71.5,nppv,6.385951995849609
2025-09-16,71.75,nppv,6.394477367401123
2025-09-16,72.0,nppv,6.039124488830566
2025-09-16,72.25,nppv,5.729461669921875
2025-09-16,72.5,nppv,5.581118106842041
2025-09-16,72.75,nppv,5.559184551239014
2025-09-16,73.0,nppv,5.593087673187256
2025-09-16,73.25,nppv,5.301751136779785
2025-09-16,73.5,nppv,5.607039451599121
2025-09-16,73.75,nppv,5.609745502471924
2025-09-16,74.0,nppv,5.337788105010986
2025-09-16,74.25,nppv,5.065845012664795
2025-09-16,74.5,nppv,4.782179355621338
2025-09-16,74.75,nppv,4.472663402557373
2025-09-16,75.0,nppv,4.097989082336426
2025-09-16,75.25,nppv,3.8142991065979004
2025-09-16,75.5,nppv,3.6283106803894043
2025-09-16,75.75,nppv,3.4897208213806152
2025-09-16,76.0,nppv,3.4742484092712402
2025-09-16,76.25,nppv,3.2592806816101074
2025-09-16,76.5,nppv,3.2239246368408203
2025-09-16,76.75,nppv,3.206876039505005
2025-09-16,77.0,nppv,3.0506088733673096
2025-09-16,77.25,nppv,2.922405958175659
2025-09-16,77.5,nppv,2.900975465774536
2025-09-16,77.75,nppv,2.9494059085845947
2025-09-16,78.0,nppv,2.9493885040283203
2025-09-16,78.25,nppv,2.9444003105163574
2025-09-16,78.5,nppv,2.920581340789795
2025-09-16,78.75,nppv,2.8088133335113525
2025-09-16,79.0,nppv,2.766681432723999
2025-09-16,79.25,nppv,2.768369436264038
2025-09-16,79.5,nppv,2.739194393157959
2025-09-16,79.75,nppv,2.738976240158081
2025-09-16,80.0,nppv,2.707399368286133
2025-09-16,80.25,nppv,2.690319299697876
2025-09-16,80.5,nppv,2.680518388748169
2025-09-16,80.75,nppv,2.578117847442627
2025-09-16,81.0,nppv,2.5508339405059814
2025-09-16,81.25,nppv,2.4790544509887695
2025-09-16,81.5,nppv,2.365449905395508
2025-09-16,81.75,nppv,2.25052547454834
2025-09-16,82.0,nppv,2.187930107116699
2025-09-16,82.25,nppv,2.0838162899017334
2025-09-16,82.5,nppv,1.9095497131347656
2025-09-16,82.75,nppv,1.8351504802703857
2025-09-16,83.0,nppv,1.7358319759368896
2025-09-16,83.25,nppv,1.5582122802734375
2025-09-16,83.5,nppv,1.3809359073638916
2025-09-16,83.75,nppv,1.251432180404663
2025-09-16,84.0,nppv,1.165040373802185
2025-09-16,84.25,nppv,1.0828039646148682
2025-09-16,84.5,nppv,1.042846441268921
2025-09-16,84.75,nppv,1.0084198713302612
2025-09-16,85.0,nppv,0.970822811126709
2025-09-16,85.25,nppv,0.9320040941238403
2025-09-16,85.5,nppv,0.8913036584854126
2025-09-16,85.75,nppv,0.8570200800895691
2025-09-16,86.0,nppv,0.8311730027198792
2025-09-16,86.25,nppv,0.8004236817359924
2025-09-16,86.5,nppv,0.7776614427566528
2025-09-16,86.75,nppv,0.7640553712844849
2025-09-16,87.0,nppv,0.754568338394165
2025-09-16,87.25,nppv,0.7388002872467041
2025-09-16,87.5,nppv,0.709291934967041
2025-09-16,87.75,nppv,0.6819465756416321
2025-09-16,88.0,nppv,0.6614566445350647
2025-09-16,88.25,nppv,0.6353566646575928
2025-09-16,88.5,nppv,0.6044480800628662
2025-09-16,88.75,nppv,0.5772362351417542
2025-09-16,89.0,nppv,0.5580140352249146
2025-09-16,89.25,nppv,0.5454325079917908
2025-09-16,89.5,nppv,0.5372631549835205
2025-09-16,89.75,nppv,0.5322392582893372
2025-09-16,-76.75,o2,323.6688537597656
2025-09-16,-76.5,o2,324.41455078125
2025-09-16,-76.25,o2,323.8541564941406
2025-09-16,-76.0,o2,322.8045654296875
2025-09-16,-75.75,o2,322.6506652832031
2025-09-16,-75.5,o2,322.4114074707031
2025-09-16,-75.25,o2,320.9890441894531
2025-09-16,-75.0,o2,320.4795227050781
2025-09-16,-74.75,o2,321.4852294921875
2025-09-16,-74.5,o2,321.60321044921875
2025-09-16,-74.25,o2,322.1638488769531
2025-09-16,-74.0,o2,322.8346862792969
2025-09-16,-73.75,o2,324.1697692871094
2025-09-16,-73.5,o2,324.7694091796875
2025-09-16,-73.25,o2,324.5152282714844
2025-09-16,-73.0,o2,324.59228515625
2025-09-16,-72.75,o2,325.0458679199219
2025-09-16,-72.5,o2,326.5586242675781
2025-09-16,-72.25,o2,326.0240783691406
2025-09-16,-72.0,o2,324.9782409667969
2025-09-16,-71.75,o2,326.1791076660156
2025-09-16,-71.5,o2,326.07623291015625
2025-09-16,-71.25,o2,325.9686279296875
2025-09-16,-71.0,o2,324.9644470214844
2025-09-16,-70.75,o2,324.956298828125
2025-09-16,-70.5,o2,324.9044494628906
2025-09-16,-70.25,o2,324.7393493652344
2025-09-16,-70.0,o2,324.6160888671875
2025-09-16,-69.75,o2,324.93072509765625
2025-09-16,-69.5,o2,324.38446044921875
2025-09-16,-69.25,o2,323.59783935546875
2025-09-16,-69.0,o2,323.7052917480469
2025-09-16,-68.75,o2,324.1392822265625
2025-09-16,-68.5,o2,324.7010803222656
2025-09-16,-68.25,o2,324.636962890625
2025-09-16,-68.0,o2,324.2973937988281
2025-09-16,-67.75,o2,324.5372009277344
2025-09-16,-67.5,o2,324.8714294433594
2025-09-16,-67.25,o2,324.92950439453125
2025-09-16,-67.0,o2,325.20538330078125
2025-09-16,-66.75,o2,325.7608337402344
2025-09-16,-66.5,o2,326.2372131347656
2025-09-16,-66.25,o2,326.6629333496094
2025-09-16,-66.0,o2,326.7957458496094
2025-09-16,-65.75,o2,326.2867431640625
2025-09-16,-65.5,o2,326.5188903808594
2025-09-16,-65.25,o2,327.0181579589844
2025-09-16,-65.0,o2,327.9810791015625
2025-09-16,-64.75,o2,329.2066345214844
2025-09-16,-64.5,o2,330.8724365234375
2025-09-16,-64.25,o2,332.4126892089844
2025-09-16,-64.0,o2,334.06695556640625
2025-09-16,-63.75,o2,335.1835632324219
2025-09-16,-63.5,o2,336.0943908691406
2025-09-16,-63.25,o2,337.3884582519531
2025-09-16,-63.0,o2,338.4884338378906
2025-09-16,-62.75,o2,339.2391357421875
2025-09-16,-62.5,o2,339.7773132324219
2025-09-16,-62.25,o2,340.1629333496094
2025-09-16,-62.0,o2,340.66217041015625
2025-09-16,-61.75,o2,341.2020263671875
2025-09-16,-61.5,o2,341.7417907714844
2025-09-16,-61.25,o2,342.5311584472656
2025-09-16,-61.0,o2,343.0555419921875
2025-09-16,-60.75,o2,343.5760498046875
2025-09-16,-60.5,o2,343.64288330078125
2025-09-16,-60.25,o2,343.34588623046875
2025-09-16,-60.0,o2,343.1737976074219
2025-09-16,-59.75,o2,342.5936279296875
2025-09-16,-59.5,o2,341.77056884765625
2025-09-16,-59.25,o2,341.03924560546875
2025-09-16,-59.0,o2,340.4939270019531
2025-09-16,-58.75,o2,340.1453857421875
2025-09-16,-58.5,o2,340.13067626953125
2025-09-16,-58.25,o2,340.2506408691406
2025-09-16,-58.0,o2,340.2180480957031
2025-09-16,-57.75,o2,339.89727783203125
2025-09-16,-57.5,o2,339.1582946777344
2025-09-16,-57.25,o2,338.48089599609375
2025-09-16,-57.0,o2,338.07562255859375
2025-09-16,-56.75,o2,337.4898681640625
2025-09-16,-56.5,o2,336.9496154785156
2025-09-16,-56.25,o2,336.5819091796875
2025-09-16,-56.0,o2,336.1399841308594
2025-09-16,-55.75,o2,335.4637451171875
2025-09-16,-55.5,o2,334.6271667480469
2025-09-16,-55.25,o2,333.89923095703125
2025-09-16,-55.0,o2,333.068115234375
2025-09-16,-54.75,o2,332.53753662109375
2025-09-16,-54.5,o2,332.2623596191406
2025-09-16,-54.25,o2,331.7868957519531
2025-09-16,-54.0,o2,331.20037841796875
2025-09-16,-53.75,o2,330.45745849609375
2025-09-16,-53.5,o2,329.41973876953125
2025-09-16,-53.25,o2,328.4565734863281
2025-09-16,-53.0,o2,327.5251159667969
2025-09-16,-52.75,o2,326.889404296875
2025-09-16,-52.5,o2,326.5499267578125
2025-09-16,-52.25,o2,326.2025146484375
2025-09-16,-52.0,o2,325.6952209472656
2025-09-16,-51.75,o2,325.1725158691406
2025-09-16,-51.5,o2,324.3527526855469
2025-09-16,-51.25,o2,323.5187683105469
2025-09-16,-51.0,o2,322.7103271484375
2025-09-16,-50.75,o2,322.0134582519531
2025-09-16,-50.5,o2,321.4971923828125
2025-09-16,-50.25,o2,320.8496398925781
2025-09-16,-50.0,o2,320.2298583984375
2025-09-16,-49.75,o2,319.2855224609375
2025-09-16,-49.5,o2,317.98284912109375
2025-09-16,-49.25,o2,316.46722412109375
2025-09-16,-49.0,o2,314.9708557128906
2025-09-16,-48.75,o2,313.5311279296875
2025-09-16,-48.5,o2,312.1855773925781
2025-09-16,-48.25,o2,311.1841735839844
2025-09-16,-48.0,o2,310.07763671875
2025-09-16,-47.75,o2,309.1276550292969
2025-09-16,-47.5,o2,308.10162353515625
2025-09-16,-47.25,o2,307.0076904296875
2025-09-16,-47.0,o2,305.6232604980469
2025-09-16,-46.75,o2,304.0794677734375
2025-09-16,-46.5,o2,302.8531188964844
2025-09-16,-46.25,o2,301.5552978515625
2025-09-16,-46.0,o2,300.6895446777344
2025-09-16,-45.75,o2,299.7259216308594
2025-09-16,-45.5,o2,298.949951171875
2025-09-16,-45.25,o2,297.6807556152344
2025-09-16,-45.0,o2,296.2654724121094
2025-09-16,-44.75,o2,294.517822265625
2025-09-16,-44.5,o2,292.59027099609375
2025-09-16,-44.25,o2,291.25433349609375
2025-09-16,-44.0,o2,289.719970703125
2025-09-16,-43.75,o2,288.6439514160156
2025-09-16,-43.5,o2,287.8093566894531
2025-09-16,-43.25,o2,286.7569274902344
2025-09-16,-43.0,o2,285.6519775390625
2025-09-16,-42.75,o2,284.1217346191406
2025-09-16,-42.5,o2,282.3964538574219
2025-09-16,-42.25,o2,280.83966064453125
2025-09-16,-42.0,o2,278.835693359375
2025-09-16,-41.75,o2,277.14306640625
2025-09-16,-41.5,o2,275.8955383300781
2025-09-16,-41.25,o2,274.451904296875
2025-09-16,-41.0,o2,273.0323181152344
2025-09-16,-40.75,o2,271.8772277832031
2025-09-16,-40.5,o2,270.5105895996094
2025-09-16,-40.25,o2,269.3492431640625
2025-09-16,-40.0,o2,268.4576416015625
2025-09-16,-39.75,o2,267.34234619140625
2025-09-16,-39.5,o2,266.02325439453125
2025-09-16,-39.25,o2,264.91302490234375
2025-09-16,-39.0,o2,263.81170654296875
2025-09-16,-38.75,o2,262.52313232421875
2025-09-16,-38.5,o2,261.517822265625
2025-09-16,-38.25,o2,260.71124267578125
2025-09-16,-38.0,o2,259.7784729003906
2025-09-16,-37.75,o2,258.6834411621094
2025-09-16,-37.5,o2,257.7523498535156
2025-09-16,-37.25,o2,257.04345703125
2025-09-16,-37.0,o2,256.3805236816406
2025-09-16,-36.75,o2,255.62274169921875
2025-09-16,-36.5,o2,255.01853942871094
2025-09-16,-36.25,o2,254.6280975341797
2025-09-16,-36.0,o2,254.154296875
2025-09-16,-35.75,o2,253.5515594482422
2025-09-16,-35.5,o2,252.91529846191406
2025-09-16,-35.25,o2,252.376220703125
2025-09-16,-35.0,o2,251.93589782714844
2025-09-16,-34.75,o2,251.23255920410156
2025-09-16,-34.5,o2,250.53378295898438
2025-09-16,-34.25,o2,250.0244903564453
2025-09-16,-34.0,o2,249.5894317626953
2025-09-16,-33.75,o2,249.1547088623047
2025-09-16,-33.5,o2,248.537109375
2025-09-16,-33.25,o2,247.85861206054688
2025-09-16,-33.0,o2,247.2181854248047
2025-09-16,-32.75,o2,246.50938415527344
2025-09-16,-32.5,o2,245.8111114501953
2025-09-16,-32.25,o2,244.98387145996094
2025-09-16,-32.0,o2,244.24325561523438
2025-09-16,-31.75,o2,243.55572509765625
2025-09-16,-31.5,o2,242.761962890625
2025-09-16,-31.25,o2,242.01600646972656
2025-09-16,-31.0,o2,241.22561645507812
2025-09-16,-30.75,o2,240.47984313964844
2025-09-16,-30.5,o2,239.7932891845703
2025-09-16,-30.25,o2,239.18983459472656
2025-09-16,-30.0,o2,238.69093322753906
2025-09-16,-29.75,o2,238.16905212402344
2025-09-16,-29.5,o2,237.5235137939453
2025-09-16,-29.25,o2,236.86631774902344
2025-09-16,-29.0,o2,236.26316833496094
2025-09-16,-28.75,o2,235.65501403808594
2025-09-16,-28.5,o2,235.1269989013672
2025-09-16,-28.25,o2,234.4891357421875
2025-09-16,-28.0,o2,233.95480346679688
2025-09-16,-27.75,o2,233.34120178222656
2025-09-16,-27.5,o2,232.75857543945312
2025-09-16,-27.25,o2,232.1692657470703
2025-09-16,-27.0,o2,231.50537109375
2025-09-16,-26.75,o2,230.8655548095703
2025-09-16,-26.5,o2,230.3169403076172
2025-09-16,-26.25,o2,229.75521850585938
2025-09-16,-26.0,o2,229.2235107421875
2025-09-16,-25.75,o2,228.65896606445312
2025-09-16,-25.5,o2,228.0951385498047
2025-09-16,-25.25,o2,227.66067504882812
2025-09-16,-25.0,o2,227.15037536621094
2025-09-16,-24.75,o2,226.64804077148438
2025-09-16,-24.5,o2,226.19703674316406
2025-09-16,-24.25,o2,225.77120971679688
2025-09-16,-24.0,o2,225.35227966308594
2025-09-16,-23.75,o2,224.90325927734375
2025-09-16,-23.5,o2,224.51486206054688
2025-09-16,-23.25,o2,224.0488739013672
2025-09-16,-23.0,o2,223.66693115234375
2025-09-16,-22.75,o2,223.21923828125
2025-09-16,-22.5,o2,223.02532958984375
2025-09-16,-22.25,o2,222.68601989746094
2025-09-16,-22.0,o2,222.29835510253906
2025-09-16,-21.75,o2,221.88829040527344
2025-09-16,-21.5,o2,221.45864868164062
2025-09-16,-21.25,o2,221.06033325195312
2025-09-16,-21.0,o2,220.67086791992188
2025-09-16,-20.75,o2,220.3282470703125
2025-09-16,-20.5,o2,220.0496826171875
2025-09-16,-20.25,o2,219.7893524169922
2025-09-16,-20.0,o2,219.49819946289062
2025-09-16,-19.75,o2,219.1955108642578
2025-09-16,-19.5,o2,218.86158752441406
2025-09-16,-19.25,o2,218.50778198242188
2025-09-16,-19.0,o2,218.21359252929688
2025-09-16,-18.75,o2,217.88204956054688
2025-09-16,-18.5,o2,217.5675506591797
2025-09-16,-18.25,o2,217.2490997314453
2025-09-16,-18.0,o2,216.88516235351562
2025-09-16,-17.75,o2,216.49420166015625
2025-09-16,-17.5,o2,216.1178436279297
2025-09-16,-17.25,o2,215.83529663085938
2025-09-16,-17.0,o2,215.50726318359375
2025-09-16,-16.75,o2,215.14022827148438
2025-09-16,-16.5,o2,214.71730041503906
2025-09-16,-16.25,o2,214.24700927734375
2025-09-16,-16.0,o2,213.98214721679688
2025-09-16,-15.75,o2,213.60928344726562
2025-09-16,-15.5,o2,213.18565368652344
2025-09-16,-15.25,o2,212.73800659179688
2025-09-16,-15.0,o2,212.48690795898438
2025-09-16,-14.75,o2,212.14817810058594
2025-09-16,-14.5,o2,211.76356506347656
2025-09-16,-14.25,o2,211.40322875976562
2025-09-16,-14.0,o2,211.08370971679688
2025-09-16,-13.75,o2,210.82188415527344
2025-09-16,-13.5,o2,210.56906127929688
2025-09-16,-13.25,o2,210.33364868164062
2025-09-16,-13.0,o2,210.08749389648438
2025-09-16,-12.75,o2,209.87721252441406
2025-09-16,-12.5,o2,209.6622314453125
2025-09-16,-12.25,o2,209.40065002441406
2025-09-16,-12.0,o2,209.14309692382812
2025-09-16,-11.75,o2,208.91481018066406
2025-09-16,-11.5,o2,208.679443359375
2025-09-16,-11.25,o2,208.4827880859375
2025-09-16,-11.0,o2,208.36618041992188
2025-09-16,-10.75,o2,208.28057861328125
2025-09-16,-10.5,o2,208.1171875
2025-09-16,-10.25,o2,207.96217346191406
2025-09-16,-10.0,o2,207.8479461669922
2025-09-16,-9.75,o2,207.7491912841797
2025-09-16,-9.5,o2,207.669677734375
2025-09-16,-9.25,o2,207.5459442138672
2025-09-16,-9.0,o2,207.50360107421875
2025-09-16,-8.75,o2,207.44728088378906
2025-09-16,-8.5,o2,207.43106079101562
2025-09-16,-8.25,o2,207.34793090820312
2025-09-16,-8.0,o2,207.2675018310547
2025-09-16,-7.75,o2,207.3170623779297
2025-09-16,-7.5,o2,207.3687744140625
2025-09-16,-7.25,o2,207.41519165039062
2025-09-16,-7.0,o2,207.51089477539062
2025-09-16,-6.75,o2,207.46250915527344
2025-09-16,-6.5,o2,207.53176879882812
2025-09-16,-6.25,o2,207.62881469726562
2025-09-16,-6.0,o2,207.80638122558594
2025-09-16,-5.75,o2,207.84954833984375
2025-09-16,-5.5,o2,207.96290588378906
2025-09-16,-5.25,o2,208.0116424560547
2025-09-16,-5.0,o2,208.00204467773438
2025-09-16,-4.75,o2,207.98973083496094
2025-09-16,-4.5,o2,208.000732421875
2025-09-16,-4.25,o2,207.95315551757812
2025-09-16,-4.0,o2,207.9486846923828
2025-09-16,-3.75,o2,207.87583923339844
2025-09-16,-3.5,o2,207.9390106201172
2025-09-16,-3.25,o2,207.91168212890625
2025-09-16,-3.0,o2,207.7714385986328
2025-09-16,-2.75,o2,207.3819122314453
2025-09-16,-2.5,o2,207.02198791503906
2025-09-16,-2.25,o2,206.6569061279297
2025-09-16,-2.0,o2,206.34811401367188
2025-09-16,-1.75,o2,206.013671875
2025-09-16,-1.5,o2,205.54159545898438
2025-09-16,-1.25,o2,205.07704162597656
2025-09-16,-1.0,o2,204.60922241210938
2025-09-16,-0.75,o2,204.16787719726562
2025-09-16,-0.5,o2,203.9712371826172
2025-09-16,-0.25,o2,203.76992797851562
2025-09-16,0.0,o2,203.78042602539062
2025-09-16,0.25,o2,203.96554565429688
2025-09-16,0.5,o2,204.30877685546875
2025-09-16,0.75,o2,204.52581787109375
2025-09-16,1.0,o2,204.73081970214844
2025-09-16,1.25,o2,204.8200225830078
2025-09-16,1.5,o2,204.82986450195312
2025-09-16,1.75,o2,204.8238067626953
2025-09-16,2.0,o2,204.75856018066406
2025-09-16,2.25,o2,204.67491149902344
2025-09-16,2.5,o2,204.5494842529297
2025-09-16,2.75,o2,204.41510009765625
2025-09-16,3.0,o2,204.27561950683594
2025-09-16,3.25,o2,204.13856506347656
2025-09-16,3.5,o2,203.98715209960938
2025-09-16,3.75,o2,203.90902709960938
2025-09-16,4.0,o2,203.8011932373047
2025-09-16,4.25,o2,203.66311645507812
2025-09-16,4.5,o2,203.49713134765625
2025-09-16,4.75,o2,203.2657012939453
2025-09-16,5.0,o2,203.08407592773438
2025-09-16,5.25,o2,202.67047119140625
2025-09-16,5.5,o2,202.5469207763672
2025-09-16,5.75,o2,202.3472442626953
2025-09-16,6.0,o2,202.12745666503906
2025-09-16,6.25,o2,202.0167236328125
2025-09-16,6.5,o2,201.90988159179688
2025-09-16,6.75,o2,201.89114379882812
2025-09-16,7.0,o2,201.90274047851562
2025-09-16,7.25,o2,201.909912109375
2025-09-16,7.5,o2,201.9493408203125
2025-09-16,7.75,o2,202.00926208496094
2025-09-16,8.0,o2,202.09628295898438
2025-09-16,8.25,o2,202.09019470214844
2025-09-16,8.5,o2,202.06878662109375
2025-09-16,8.75,o2,202.10598754882812
2025-09-16,9.0,o2,202.09487915039062
2025-09-16,9.25,o2,202.085205078125
2025-09-16,9.5,o2,202.10789489746094
2025-09-16,9.75,o2,202.1796875
2025-09-16,10.0,o2,202.2052001953125
2025-09-16,10.25,o2,202.37364196777344
2025-09-16,10.5,o2,202.4280242919922
2025-09-16,10.75,o2,202.54681396484375
2025-09-16,11.0,o2,202.53456115722656
2025-09-16,11.25,o2,202.54624938964844
2025-09-16,11.5,o2,202.35562133789062
2025-09-16,11.75,o2,202.23008728027344
2025-09-16,12.0,o2,202.1671600341797
2025-09-16,12.25,o2,202.18174743652344
2025-09-16,12.5,o2,202.14268493652344
2025-09-16,12.75,o2,202.20204162597656
2025-09-16,13.0,o2,202.20494079589844
2025-09-16,13.25,o2,202.18734741210938
2025-09-16,13.5,o2,202.1198272705078
2025-09-16,13.75,o2,202.1038818359375
2025-09-16,14.0,o2,201.9103546142578
2025-09-16,14.25,o2,201.8474578857422
2025-09-16,14.5,o2,201.82037353515625
2025-09-16,14.75,o2,201.7349853515625
2025-09-16,15.0,o2,201.71385192871094
2025-09-16,15.25,o2,201.78106689453125
2025-09-16,15.5,o2,201.79649353027344
2025-09-16,15.75,o2,201.78427124023438
2025-09-16,16.0,o2,201.6612548828125
2025-09-16,16.25,o2,201.72462463378906
2025-09-16,16.5,o2,201.769775390625
2025-09-16,16.75,o2,201.810302734375
2025-09-16,17.0,o2,201.8560333251953
2025-09-16,17.25,o2,201.70492553710938
2025-09-16,17.5,o2,201.72862243652344
2025-09-16,17.75,o2,201.90126037597656
2025-09-16,18.0,o2,201.89979553222656
2025-09-16,18.25,o2,202.0344696044922
2025-09-16,18.5,o2,202.21945190429688
2025-09-16,18.75,o2,202.14364624023438
2025-09-16,19.0,o2,202.09742736816406
2025-09-16,19.25,o2,202.05934143066406
2025-09-16,19.5,o2,202.1525421142578
2025-09-16,19.75,o2,202.2274932861328
2025-09-16,20.0,o2,202.29736328125
2025-09-16,20.25,o2,202.37460327148438
2025-09-16,20.5,o2,202.46209716796875
2025-09-16,20.75,o2,202.6502227783203
2025-09-16,21.0,o2,202.88299560546875
2025-09-16,21.25,o2,203.2765655517578
2025-09-16,21.5,o2,203.5994110107422
2025-09-16,21.75,o2,203.98782348632812
2025-09-16,22.0,o2,204.1080780029297
2025-09-16,22.25,o2,204.11058044433594
2025-09-16,22.5,o2,203.93466186523438
2025-09-16,22.75,o2,202.98306274414062
2025-09-16,23.0,o2,203.0457763671875
2025-09-16,23.25,o2,203.13035583496094
2025-09-16,23.5,o2,203.3295135498047
2025-09-16,23.75,o2,203.33860778808594
2025-09-16,24.0,o2,203.34336853027344
2025-09-16,24.25,o2,203.2241973876953
2025-09-16,24.5,o2,203.2689971923828
2025-09-16,24.75,o2,203.40838623046875
2025-09-16,25.0,o2,203.4428253173828
2025-09-16,25.25,o2,203.54075622558594
2025-09-16,25.5,o2,203.74411010742188
2025-09-16,25.75,o2,203.83616638183594
2025-09-16,26.0,o2,203.92665100097656
2025-09-16,26.25,o2,204.02415466308594
2025-09-16,26.5,o2,204.18849182128906
2025-09-16,26.75,o2,204.46363830566406
2025-09-16,27.0,o2,204.79949951171875
2025-09-16,27.25,o2,205.0494384765625
2025-09-16,27.5,o2,205.12847900390625
2025-09-16,27.75,o2,205.2581329345703
2025-09-16,28.0,o2,205.64175415039062
2025-09-16,28.25,o2,205.9198760986328
2025-09-16,28.5,o2,206.23471069335938
2025-09-16,28.75,o2,206.54046630859375
2025-09-16,29.0,o2,206.8666229248047
2025-09-16,29.25,o2,207.2421417236328
2025-09-16,29.5,o2,207.51632690429688
2025-09-16,29.75,o2,207.7869873046875
2025-09-16,30.0,o2,208.27040100097656
2025-09-16,30.25,o2,208.64524841308594
2025-09-16,30.5,o2,208.82110595703125
2025-09-16,30.75,o2,209.0154266357422
2025-09-16,31.0,o2,209.03099060058594
2025-09-16,31.25,o2,209.17962646484375
2025-09-16,31.5,o2,209.4168243408203
2025-09-16,31.75,o2,209.9271697998047
2025-09-16,32.0,o2,209.9966583251953
2025-09-16,32.25,o2,210.0244903564453
2025-09-16,32.5,o2,210.27651977539062
2025-09-16,32.75,o2,210.60545349121094
2025-09-16,33.0,o2,210.77955627441406
2025-09-16,33.25,o2,211.14112854003906
2025-09-16,33.5,o2,211.40933227539062
2025-09-16,33.75,o2,211.9548797607422
2025-09-16,34.0,o2,212.47911071777344
2025-09-16,34.25,o2,212.6319122314453
2025-09-16,34.5,o2,212.9726104736328
2025-09-16,34.75,o2,213.31935119628906
2025-09-16,35.0,o2,213.75042724609375
2025-09-16,35.25,o2,214.27569580078125
2025-09-16,35.5,o2,214.57069396972656
2025-09-16,35.75,o2,214.8080596923828
2025-09-16,36.0,o2,215.36502075195312
2025-09-16,36.25,o2,215.97564697265625
2025-09-16,36.5,o2,216.47122192382812
2025-09-16,36.75,o2,217.07167053222656
2025-09-16,37.0,o2,217.8362579345703
2025-09-16,37.25,o2,218.05612182617188
2025-09-16,37.5,o2,218.4794464111328
2025-09-16,37.75,o2,218.96978759765625
2025-09-16,38.0,o2,219.49977111816406
2025-09-16,38.25,o2,219.8974609375
2025-09-16,38.5,o2,220.30804443359375
2025-09-16,38.75,o2,220.68568420410156
2025-09-16,39.0,o2,221.3017120361328
2025-09-16,39.25,o2,222.00656127929688
2025-09-16,39.5,o2,223.00335693359375
2025-09-16,39.75,o2,223.92239379882812
2025-09-16,40.0,o2,224.7185821533203
2025-09-16,40.25,o2,225.74449157714844
2025-09-16,40.5,o2,227.1966552734375
2025-09-16,40.75,o2,228.3636474609375
2025-09-16,41.0,o2,229.58421325683594
2025-09-16,41.25,o2,230.88958740234375
2025-09-16,41.5,o2,232.12741088867188
2025-09-16,41.75,o2,233.45571899414062
2025-09-16,42.0,o2,234.90771484375
2025-09-16,42.25,o2,236.1116943359375
2025-09-16,42.5,o2,237.24729919433594
2025-09-16,42.75,o2,238.6168212890625
2025-09-16,43.0,o2,240.13966369628906
2025-09-16,43.25,o2,241.83331298828125
2025-09-16,43.5,o2,243.43106079101562
2025-09-16,43.75,o2,244.98294067382812
2025-09-16,44.0,o2,246.60610961914062
2025-09-16,44.25,o2,248.06463623046875
2025-09-16,44.5,o2,249.68768310546875
2025-09-16,44.75,o2,251.09805297851562
2025-09-16,45.0,o2,252.85621643066406
2025-09-16,45.25,o2,254.8079376220703
2025-09-16,45.5,o2,256.5315246582031
2025-09-16,45.75,o2,257.7681884765625
2025-09-16,46.0,o2,258.8602294921875
2025-09-16,46.25,o2,260.1049499511719
2025-09-16,46.5,o2,261.2280578613281
2025-09-16,46.75,o2,262.2232971191406
2025-09-16,47.0,o2,263.1332092285156
2025-09-16,47.25,o2,264.1017761230469
2025-09-16,47.5,o2,265.23162841796875
2025-09-16,47.75,o2,266.4678649902344
2025-09-16,48.0,o2,267.92266845703125
2025-09-16,48.25,o2,268.2970886230469
2025-09-16,48.5,o2,268.681884765625
2025-09-16,48.75,o2,268.6404113769531
2025-09-16,49.0,o2,268.9812927246094
2025-09-16,49.25,o2,269.13787841796875
2025-09-16,49.5,o2,269.3638610839844
2025-09-16,49.75,o2,270.0731201171875
2025-09-16,50.0,o2,271.47747802734375
2025-09-16,50.25,o2,271.8756408691406
2025-09-16,50.5,o2,271.98779296875
2025-09-16,50.75,o2,272.96380615234375
2025-09-16,51.0,o2,273.6092529296875
2025-09-16,51.25,o2,273.6383972167969
2025-09-16,51.5,o2,274.16888427734375
2025-09-16,51.75,o2,275.1409912109375
2025-09-16,52.0,o2,275.6711730957031
2025-09-16,52.25,o2,276.21624755859375
2025-09-16,52.5,o2,276.51324462890625
2025-09-16,52.75,o2,276.9161682128906
2025-09-16,53.0,o2,276.8664245605469
2025-09-16,53.25,o2,276.7075500488281
2025-09-16,53.5,o2,276.5033264160156
2025-09-16,53.75,o2,277.08251953125
2025-09-16,54.0,o2,278.06317138671875
2025-09-16,54.25,o2,278.82403564453125
2025-09-16,54.5,o2,279.3082580566406
2025-09-16,54.75,o2,279.8779296875
2025-09-16,55.0,o2,280.8238830566406
2025-09-16,55.25,o2,281.6101379394531
2025-09-16,55.5,o2,282.4281005859375
2025-09-16,55.75,o2,283.04095458984375
2025-09-16,56.0,o2,283.25689697265625
2025-09-16,56.25,o2,283.2693176269531
2025-09-16,56.5,o2,283.8020324707031
2025-09-16,56.75,o2,284.3265075683594
2025-09-16,57.0,o2,284.85980224609375
2025-09-16,57.25,o2,285.6754150390625
2025-09-16,57.5,o2,286.0389099121094
2025-09-16,57.75,o2,286.01251220703125
2025-09-16,58.0,o2,286.5218505859375
2025-09-16,58.25,o2,287.2942810058594
2025-09-16,58.5,o2,287.97711181640625
2025-09-16,58.75,o2,288.28594970703125
2025-09-16,59.0,o2,289.4483642578125
2025-09-16,59.25,o2,289.7723083496094
2025-09-16,59.5,o2,290.71728515625
2025-09-16,59.75,o2,292.0085754394531
2025-09-16,60.0,o2,292.7719421386719
2025-09-16,60.25,o2,293.3994140625
2025-09-16,60.5,o2,293.3869934082031
2025-09-16,60.75,o2,293.1257019042969
2025-09-16,61.0,o2,293.4341735839844
2025-09-16,61.25,o2,294.5609130859375
2025-09-16,61.5,o2,294.7005310058594
2025-09-16,61.75,o2,295.0692443847656
2025-09-16,62.0,o2,295.266845703125
2025-09-16,62.25,o2,295.502685546875
2025-09-16,62.5,o2,295.6193542480469
2025-09-16,62.75,o2,295.7831115722656
2025-09-16,63.0,o2,296.52545166015625
2025-09-16,63.25,o2,296.4657287597656
2025-09-16,63.5,o2,296.89630126953125
2025-09-16,63.75,o2,296.79437255859375
2025-09-16,64.0,o2,297.3720703125
2025-09-16,64.25,o2,297.4967956542969
2025-09-16,64.5,o2,296.549072265625
2025-09-16,64.75,o2,297.2405090332031
2025-09-16,65.0,o2,297.95465087890625
2025-09-16,65.25,o2,298.3021240234375
2025-09-16,65.5,o2,300.2767028808594
2025-09-16,65.75,o2,300.5453186035156
2025-09-16,66.0,o2,301.9682312011719
2025-09-16,66.25,o2,302.0574645996094
2025-09-16,66.5,o2,303.0222473144531
2025-09-16,66.75,o2,303.63104248046875
2025-09-16,67.0,o2,305.560791015625
2025-09-16,67.25,o2,306.93609619140625
2025-09-16,67.5,o2,308.9033508300781
2025-09-16,67.75,o2,309.7615051269531
2025-09-16,68.0,o2,312.2781066894531
2025-09-16,68.25,o2,313.999267578125
2025-09-16,68.5,o2,313.8147888183594
2025-09-16,68.75,o2,313.1474609375
2025-09-16,69.0,o2,314.54571533203125
2025-09-16,69.25,o2,314.1393127441406
2025-09-16,69.5,o2,317.48443603515625
2025-09-16,69.75,o2,320.9824523925781
2025-09-16,70.0,o2,323.2262878417969
2025-09-16,70.25,o2,325.09130859375
2025-09-16,70.5,o2,327.0911865234375
2025-09-16,70.75,o2,328.3021240234375
2025-09-16,71.0,o2,331.1296691894531
2025-09-16,71.25,o2,333.3367614746094
2025-09-16,71.5,o2,335.5209655761719
2025-09-16,71.75,o2,338.1595764160156
2025-09-16,72.0,o2,338.7085266113281
2025-09-16,72.25,o2,339.9576721191406
2025-09-16,72.5,o2,341.69342041015625
2025-09-16,72.75,o2,343.8285827636719
2025-09-16,73.0,o2,344.4507141113281
2025-09-16,73.25,o2,345.95697021484375
2025-09-16,73.5,o2,346.56500244140625
2025-09-16,73.75,o2,347.5563659667969
2025-09-16,74.0,o2,348.4238586425781
2025-09-16,74.25,o2,349.3324890136719
2025-09-16,74.5,o2,350.02032470703125
2025-09-16,74.75,o2,349.1569519042969
2025-09-16,75.0,o2,349.2939758300781
2025-09-16,75.25,o2,348.4317932128906
2025-09-16,75.5,o2,349.5277099609375
2025-09-16,75.75,o2,350.38616943359375
2025-09-16,76.0,o2,351.1950378417969
2025-09-16,76.25,o2,350.9734802246094
2025-09-16,76.5,o2,351.2266845703125
2025-09-16,76.75,o2,352.0955810546875
2025-09-16,77.0,o2,354.285888671875
2025-09-16,77.25,o2,355.6086120605469
2025-09-16,77.5,o2,357.0049743652344
2025-09-16,77.75,o2,358.193603515625
2025-09-16,78.0,o2,359.19415283203125
2025-09-16,78.25,o2,360.6919860839844
2025-09-16,78.5,o2,362.0315246582031
2025-09-16,78.75,o2,364.3227844238281
2025-09-16,79.0,o2,365.35809326171875
2025-09-16,79.25,o2,365.9373779296875
2025-09-16,79.5,o2,367.3851623535156
2025-09-16,79.75,o2,367.7098083496094
2025-09-16,80.0,o2,368.04425048828125
2025-09-16,80.25,o2,368.505615234375
2025-09-16,80.5,o2,368.695556640625
2025-09-16,80.75,o2,370.0031433105469
2025-09-16,81.0,o2,371.3814392089844
2025-09-16,81.25,o2,373.1376647949219
2025-09-16,81.5,o2,374.19854736328125
2025-09-16,81.75,o2,374.63861083984375
2025-09-16,82.0,o2,376.3072814941406
2025-09-16,82.25,o2,378.3991394042969
2025-09-16,82.5,o2,379.135986328125
2025-09-16,82.75,o2,379.75762939453125
2025-09-16,83.0,o2,380.4665222167969
2025-09-16,83.25,o2,380.8560791015625
2025-09-16,83.5,o2,380.646728515625
2025-09-16,83.75,o2,380.0703125
2025-09-16,84.0,o2,379.35687255859375
2025-09-16,84.25,o2,379.1278076171875
2025-09-16,84.5,o2,379.3404541015625
2025-09-16,84.75,o2,379.5814208984375
2025-09-16,85.0,o2,379.66058349609375
2025-09-16,85.25,o2,379.60595703125
2025-09-16,85.5,o2,379.7063293457031
2025-09-16,85.75,o2,380.0314636230469
2025-09-16,86.0,o2,380.0570373535156
2025-09-16,86.25,o2,379.88592529296875
2025-09-16,86.5,o2,379.8604736328125
2025-09-16,86.75,o2,379.9024658203125
2025-09-16,87.0,o2,380.0248718261719
2025-09-16,87.25,o2,380.0943908691406
2025-09-16,87.5,o2,380.04718017578125
2025-09-16,87.75,o2,380.1622314453125
2025-09-16,88.0,o2,380.49334716796875
2025-09-16,88.25,o2,380.4361572265625
2025-09-16,88.5,o2,380.306640625
2025-09-16,88.75,o2,380.2486877441406
2025-09-16,89.0,o2,380.5171813964844
2025-09-16,89.25,o2,381.22283935546875
2025-09-16,89.5,o2,381.658935546875
2025-09-16,89.75,o2,381.7344970703125
2025-09-16,-76.75,ph,8.019801139831543
2025-09-16,-76.5,ph,8.019432067871094
2025-09-16,-76.25,ph,8.019168853759766
2025-09-16,-76.0,ph,8.017319679260254
2025-09-16,-75.75,ph,8.017694473266602
2025-09-16,-75.5,ph,8.01667308807373
2025-09-16,-75.25,ph,8.015864372253418
2025-09-16,-75.0,ph,8.014873504638672
2025-09-16,-74.75,ph,8.01618766784668
2025-09-16,-74.5,ph,8.01583194732666
2025-09-16,-74.25,ph,8.015910148620605
2025-09-16,-74.0,ph,8.01585865020752
2025-09-16,-73.75,ph,8.015874862670898
2025-09-16,-73.5,ph,8.016744613647461
2025-09-16,-73.25,ph,8.016079902648926
2025-09-16,-73.0,ph,8.016087532043457
2025-09-16,-72.75,ph,8.01513385772705
2025-09-16,-72.5,ph,8.0144681930542
2025-09-16,-72.25,ph,8.013134002685547
2025-09-16,-72.0,ph,8.0108003616333
2025-09-16,-71.75,ph,8.01013469696045
2025-09-16,-71.5,ph,8.009831428527832
2025-09-16,-71.25,ph,8.009565353393555
2025-09-16,-71.0,ph,8.008397102355957
2025-09-16,-70.75,ph,8.00780963897705
2025-09-16,-70.5,ph,8.008008003234863
2025-09-16,-70.25,ph,8.007601737976074
2025-09-16,-70.0,ph,8.007037162780762
2025-09-16,-69.75,ph,8.007075309753418
2025-09-16,-69.5,ph,8.006977081298828
2025-09-16,-69.25,ph,8.006525993347168
2025-09-16,-69.0,ph,8.00637435913086
2025-09-16,-68.75,ph,8.005674362182617
2025-09-16,-68.5,ph,8.005439758300781
2025-09-16,-68.25,ph,8.005300521850586
2025-09-16,-68.0,ph,8.005043029785156
2025-09-16,-67.75,ph,8.004571914672852
2025-09-16,-67.5,ph,8.004469871520996
2025-09-16,-67.25,ph,8.004500389099121
2025-09-16,-67.0,ph,8.004817962646484
2025-09-16,-66.75,ph,8.005672454833984
2025-09-16,-66.5,ph,8.005821228027344
2025-09-16,-66.25,ph,8.006345748901367
2025-09-16,-66.0,ph,8.006123542785645
2025-09-16,-65.75,ph,8.00541877746582
2025-09-16,-65.5,ph,8.004944801330566
2025-09-16,-65.25,ph,8.00457763671875
2025-09-16,-65.0,ph,8.004839897155762
2025-09-16,-64.75,ph,8.005212783813477
2025-09-16,-64.5,ph,8.006003379821777
2025-09-16,-64.25,ph,8.00631332397461
2025-09-16,-64.0,ph,8.006970405578613
2025-09-16,-63.75,ph,8.007351875305176
2025-09-16,-63.5,ph,8.00738525390625
2025-09-16,-63.25,ph,8.007737159729004
2025-09-16,-63.0,ph,8.00844669342041
2025-09-16,-62.75,ph,8.008795738220215
2025-09-16,-62.5,ph,8.009037971496582
2025-09-16,-62.25,ph,8.009231567382812
2025-09-16,-62.0,ph,8.009613990783691
2025-09-16,-61.75,ph,8.010360717773438
2025-09-16,-61.5,ph,8.011208534240723
2025-09-16,-61.25,ph,8.012425422668457
2025-09-16,-61.0,ph,8.013416290283203
2025-09-16,-60.75,ph,8.014212608337402
2025-09-16,-60.5,ph,8.014699935913086
2025-09-16,-60.25,ph,8.014962196350098
2025-09-16,-60.0,ph,8.01521110534668
2025-09-16,-59.75,ph,8.01526927947998
2025-09-16,-59.5,ph,8.015308380126953
2025-09-16,-59.25,ph,8.015374183654785
2025-09-16,-59.0,ph,8.015509605407715
2025-09-16,-58.75,ph,8.01563835144043
2025-09-16,-58.5,ph,8.015929222106934
2025-09-16,-58.25,ph,8.016196250915527
2025-09-16,-58.0,ph,8.01634693145752
2025-09-16,-57.75,ph,8.016417503356934
2025-09-16,-57.5,ph,8.016252517700195
2025-09-16,-57.25,ph,8.016165733337402
2025-09-16,-57.0,ph,8.01633358001709
2025-09-16,-56.75,ph,8.016478538513184
2025-09-16,-56.5,ph,8.01685619354248
2025-09-16,-56.25,ph,8.017290115356445
2025-09-16,-56.0,ph,8.01761245727539
2025-09-16,-55.75,ph,8.017739295959473
2025-09-16,-55.5,ph,8.017985343933105
2025-09-16,-55.25,ph,8.017675399780273
2025-09-16,-55.0,ph,8.017806053161621
2025-09-16,-54.75,ph,8.017830848693848
2025-09-16,-54.5,ph,8.018343925476074
2025-09-16,-54.25,ph,8.018348693847656
2025-09-16,-54.0,ph,8.01841926574707
2025-09-16,-53.75,ph,8.018628120422363
2025-09-16,-53.5,ph,8.018665313720703
2025-09-16,-53.25,ph,8.018622398376465
2025-09-16,-53.0,ph,8.018876075744629
2025-09-16,-52.75,ph,8.01931095123291
2025-09-16,-52.5,ph,8.019667625427246
2025-09-16,-52.25,ph,8.019903182983398
2025-09-16,-52.0,ph,8.02012825012207
2025-09-16,-51.75,ph,8.020594596862793
2025-09-16,-51.5,ph,8.021066665649414
2025-09-16,-51.25,ph,8.021595001220703
2025-09-16,-51.0,ph,8.021713256835938
2025-09-16,-50.75,ph,8.022174835205078
2025-09-16,-50.5,ph,8.022445678710938
2025-09-16,-50.25,ph,8.022770881652832
2025-09-16,-50.0,ph,8.02324390411377
2025-09-16,-49.75,ph,8.02340316772461
2025-09-16,-49.5,ph,8.023985862731934
2025-09-16,-49.25,ph,8.024703979492188
2025-09-16,-49.0,ph,8.025099754333496
2025-09-16,-48.75,ph,8.025531768798828
2025-09-16,-48.5,ph,8.025838851928711
2025-09-16,-48.25,ph,8.026386260986328
2025-09-16,-48.0,ph,8.027176856994629
2025-09-16,-47.75,ph,8.027772903442383
2025-09-16,-47.5,ph,8.028188705444336
2025-09-16,-47.25,ph,8.028581619262695
2025-09-16,-47.0,ph,8.028785705566406
2025-09-16,-46.75,ph,8.02915096282959
2025-09-16,-46.5,ph,8.029210090637207
2025-09-16,-46.25,ph,8.029658317565918
2025-09-16,-46.0,ph,8.030170440673828
2025-09-16,-45.75,ph,8.03088665008545
2025-09-16,-45.5,ph,8.031325340270996
2025-09-16,-45.25,ph,8.031715393066406
2025-09-16,-45.0,ph,8.032119750976562
2025-09-16,-44.75,ph,8.032750129699707
2025-09-16,-44.5,ph,8.033608436584473
2025-09-16,-44.25,ph,8.034305572509766
2025-09-16,-44.0,ph,8.035284042358398
2025-09-16,-43.75,ph,8.036109924316406
2025-09-16,-43.5,ph,8.037178039550781
2025-09-16,-43.25,ph,8.037885665893555
2025-09-16,-43.0,ph,8.03854751586914
2025-09-16,-42.75,ph,8.039222717285156
2025-09-16,-42.5,ph,8.04012680053711
2025-09-16,-42.25,ph,8.0409574508667
2025-09-16,-42.0,ph,8.042227745056152
2025-09-16,-41.75,ph,8.0437650680542
2025-09-16,-41.5,ph,8.044992446899414
2025-09-16,-41.25,ph,8.046014785766602
2025-09-16,-41.0,ph,8.047218322753906
2025-09-16,-40.75,ph,8.04796314239502
2025-09-16,-40.5,ph,8.048407554626465
2025-09-16,-40.25,ph,8.048887252807617
2025-09-16,-40.0,ph,8.049365043640137
2025-09-16,-39.75,ph,8.050091743469238
2025-09-16,-39.5,ph,8.050966262817383
2025-09-16,-39.25,ph,8.051421165466309
2025-09-16,-39.0,ph,8.051384925842285
2025-09-16,-38.75,ph,8.05138111114502
2025-09-16,-38.5,ph,8.05154037475586
2025-09-16,-38.25,ph,8.051854133605957
2025-09-16,-38.0,ph,8.053083419799805
2025-09-16,-37.75,ph,8.054468154907227
2025-09-16,-37.5,ph,8.055817604064941
2025-09-16,-37.25,ph,8.056680679321289
2025-09-16,-37.0,ph,8.057665824890137
2025-09-16,-36.75,ph,8.059535026550293
2025-09-16,-36.5,ph,8.060741424560547
2025-09-16,-36.25,ph,8.06124496459961
2025-09-16,-36.0,ph,8.061970710754395
2025-09-16,-35.75,ph,8.062417030334473
2025-09-16,-35.5,ph,8.063239097595215
2025-09-16,-35.25,ph,8.063326835632324
2025-09-16,-35.0,ph,8.06246566772461
2025-09-16,-34.75,ph,8.060673713684082
2025-09-16,-34.5,ph,8.062336921691895
2025-09-16,-34.25,ph,8.06238079071045
2025-09-16,-34.0,ph,8.065301895141602
2025-09-16,-33.75,ph,8.064218521118164
2025-09-16,-33.5,ph,8.06386947631836
2025-09-16,-33.25,ph,8.064058303833008
2025-09-16,-33.0,ph,8.064120292663574
2025-09-16,-32.75,ph,8.064129829406738
2025-09-16,-32.5,ph,8.064167022705078
2025-09-16,-32.25,ph,8.064248085021973
2025-09-16,-32.0,ph,8.064604759216309
2025-09-16,-31.75,ph,8.064876556396484
2025-09-16,-31.5,ph,8.064579010009766
2025-09-16,-31.25,ph,8.065061569213867
2025-09-16,-31.0,ph,8.065716743469238
2025-09-16,-30.75,ph,8.066394805908203
2025-09-16,-30.5,ph,8.067176818847656
2025-09-16,-30.25,ph,8.067646980285645
2025-09-16,-30.0,ph,8.067927360534668
2025-09-16,-29.75,ph,8.068154335021973
2025-09-16,-29.5,ph,8.068511009216309
2025-09-16,-29.25,ph,8.068623542785645
2025-09-16,-29.0,ph,8.068507194519043
2025-09-16,-28.75,ph,8.068246841430664
2025-09-16,-28.5,ph,8.068273544311523
2025-09-16,-28.25,ph,8.0679349899292
2025-09-16,-28.0,ph,8.0681734085083
2025-09-16,-27.75,ph,8.067890167236328
2025-09-16,-27.5,ph,8.067854881286621
2025-09-16,-27.25,ph,8.06799030303955
2025-09-16,-27.0,ph,8.068166732788086
2025-09-16,-26.75,ph,8.068328857421875
2025-09-16,-26.5,ph,8.068570137023926
2025-09-16,-26.25,ph,8.068544387817383
2025-09-16,-26.0,ph,8.06789779663086
2025-09-16,-25.75,ph,8.067200660705566
2025-09-16,-25.5,ph,8.06670093536377
2025-09-16,-25.25,ph,8.06604290008545
2025-09-16,-25.0,ph,8.065138816833496
2025-09-16,-24.75,ph,8.064366340637207
2025-09-16,-24.5,ph,8.063420295715332
2025-09-16,-24.25,ph,8.062589645385742
2025-09-16,-24.0,ph,8.062088012695312
2025-09-16,-23.75,ph,8.061593055725098
2025-09-16,-23.5,ph,8.061460494995117
2025-09-16,-23.25,ph,8.061359405517578
2025-09-16,-23.0,ph,8.060970306396484
2025-09-16,-22.75,ph,8.059830665588379
2025-09-16,-22.5,ph,8.059584617614746
2025-09-16,-22.25,ph,8.059127807617188
2025-09-16,-22.0,ph,8.058850288391113
2025-09-16,-21.75,ph,8.058738708496094
2025-09-16,-21.5,ph,8.058382034301758
2025-09-16,-21.25,ph,8.058027267456055
2025-09-16,-21.0,ph,8.0574369430542
2025-09-16,-20.75,ph,8.057122230529785
2025-09-16,-20.5,ph,8.056775093078613
2025-09-16,-20.25,ph,8.056575775146484
2025-09-16,-20.0,ph,8.056222915649414
2025-09-16,-19.75,ph,8.056267738342285
2025-09-16,-19.5,ph,8.056197166442871
2025-09-16,-19.25,ph,8.055951118469238
2025-09-16,-19.0,ph,8.055342674255371
2025-09-16,-18.75,ph,8.054611206054688
2025-09-16,-18.5,ph,8.053736686706543
2025-09-16,-18.25,ph,8.052675247192383
2025-09-16,-18.0,ph,8.051984786987305
2025-09-16,-17.75,ph,8.051587104797363
2025-09-16,-17.5,ph,8.051399230957031
2025-09-16,-17.25,ph,8.051129341125488
2025-09-16,-17.0,ph,8.051204681396484
2025-09-16,-16.75,ph,8.050642013549805
2025-09-16,-16.5,ph,8.05028247833252
2025-09-16,-16.25,ph,8.049860000610352
2025-09-16,-16.0,ph,8.050265312194824
2025-09-16,-15.75,ph,8.049695014953613
2025-09-16,-15.5,ph,8.048856735229492
2025-09-16,-15.25,ph,8.047937393188477
2025-09-16,-15.0,ph,8.047718048095703
2025-09-16,-14.75,ph,8.047335624694824
2025-09-16,-14.5,ph,8.046792984008789
2025-09-16,-14.25,ph,8.046314239501953
2025-09-16,-14.0,ph,8.046137809753418
2025-09-16,-13.75,ph,8.045825958251953
2025-09-16,-13.5,ph,8.045008659362793
2025-09-16,-13.25,ph,8.044482231140137
2025-09-16,-13.0,ph,8.043746948242188
2025-09-16,-12.75,ph,8.042747497558594
2025-09-16,-12.5,ph,8.041523933410645
2025-09-16,-12.25,ph,8.040070533752441
2025-09-16,-12.0,ph,8.038384437561035
2025-09-16,-11.75,ph,8.037202835083008
2025-09-16,-11.5,ph,8.036225318908691
2025-09-16,-11.25,ph,8.0349760055542
2025-09-16,-11.0,ph,8.033780097961426
2025-09-16,-10.75,ph,8.03251838684082
2025-09-16,-10.5,ph,8.03100299835205
2025-09-16,-10.25,ph,8.029253005981445
2025-09-16,-10.0,ph,8.027536392211914
2025-09-16,-9.75,ph,8.025964736938477
2025-09-16,-9.5,ph,8.024136543273926
2025-09-16,-9.25,ph,8.02221965789795
2025-09-16,-9.0,ph,8.020011901855469
2025-09-16,-8.75,ph,8.017614364624023
2025-09-16,-8.5,ph,8.015605926513672
2025-09-16,-8.25,ph,8.013449668884277
2025-09-16,-8.0,ph,8.011469841003418
2025-09-16,-7.75,ph,8.00998306274414
2025-09-16,-7.5,ph,8.009169578552246
2025-09-16,-7.25,ph,8.006852149963379
2025-09-16,-7.0,ph,8.005351066589355
2025-09-16,-6.75,ph,8.003765106201172
2025-09-16,-6.5,ph,8.00253677368164
2025-09-16,-6.25,ph,8.000953674316406
2025-09-16,-6.0,ph,7.999917507171631
2025-09-16,-5.75,ph,7.998706817626953
2025-09-16,-5.5,ph,7.9972100257873535
2025-09-16,-5.25,ph,7.996048927307129
2025-09-16,-5.0,ph,7.995114326477051
2025-09-16,-4.75,ph,7.993975639343262
2025-09-16,-4.5,ph,7.9929046630859375
2025-09-16,-4.25,ph,7.992051124572754
2025-09-16,-4.0,ph,7.991315841674805
2025-09-16,-3.75,ph,7.990341663360596
2025-09-16,-3.5,ph,7.989404678344727
2025-09-16,-3.25,ph,7.9887542724609375
2025-09-16,-3.0,ph,7.988699913024902
2025-09-16,-2.75,ph,7.989452838897705
2025-09-16,-2.5,ph,7.989631175994873
2025-09-16,-2.25,ph,7.989877700805664
2025-09-16,-2.0,ph,7.989777088165283
2025-09-16,-1.75,ph,7.9894514083862305
2025-09-16,-1.5,ph,7.989890098571777
2025-09-16,-1.25,ph,7.990068435668945
2025-09-16,-1.0,ph,7.990144729614258
2025-09-16,-0.75,ph,7.990722179412842
2025-09-16,-0.5,ph,7.99183464050293
2025-09-16,-0.25,ph,7.992454528808594
2025-09-16,0.0,ph,7.993045330047607
2025-09-16,0.25,ph,7.993541240692139
2025-09-16,0.5,ph,7.992950439453125
2025-09-16,0.75,ph,7.994176864624023
2025-09-16,1.0,ph,7.996332168579102
2025-09-16,1.25,ph,7.998247146606445
2025-09-16,1.5,ph,7.99973726272583
2025-09-16,1.75,ph,8.000378608703613
2025-09-16,2.0,ph,8.001419067382812
2025-09-16,2.25,ph,8.002215385437012
2025-09-16,2.5,ph,8.00291633605957
2025-09-16,2.75,ph,8.003378868103027
2025-09-16,3.0,ph,8.003674507141113
2025-09-16,3.25,ph,8.003589630126953
2025-09-16,3.5,ph,8.003865242004395
2025-09-16,3.75,ph,8.003838539123535
2025-09-16,4.0,ph,8.004469871520996
2025-09-16,4.25,ph,8.004358291625977
2025-09-16,4.5,ph,8.004326820373535
2025-09-16,4.75,ph,8.004656791687012
2025-09-16,5.0,ph,8.005168914794922
2025-09-16,5.25,ph,8.006609916687012
2025-09-16,5.5,ph,8.00826358795166
2025-09-16,5.75,ph,8.00992488861084
2025-09-16,6.0,ph,8.011164665222168
2025-09-16,6.25,ph,8.012605667114258
2025-09-16,6.5,ph,8.013518333435059
2025-09-16,6.75,ph,8.013925552368164
2025-09-16,7.0,ph,8.013962745666504
2025-09-16,7.25,ph,8.01393985748291
2025-09-16,7.5,ph,8.013755798339844
2025-09-16,7.75,ph,8.013124465942383
2025-09-16,8.0,ph,8.012847900390625
2025-09-16,8.25,ph,8.012700080871582
2025-09-16,8.5,ph,8.01222038269043
2025-09-16,8.75,ph,8.011691093444824
2025-09-16,9.0,ph,8.011348724365234
2025-09-16,9.25,ph,8.010688781738281
2025-09-16,9.5,ph,8.01015853881836
2025-09-16,9.75,ph,8.009713172912598
2025-09-16,10.0,ph,8.00910758972168
2025-09-16,10.25,ph,8.008708953857422
2025-09-16,10.5,ph,8.008734703063965
2025-09-16,10.75,ph,8.009268760681152
2025-09-16,11.0,ph,8.008992195129395
2025-09-16,11.25,ph,8.008980751037598
2025-09-16,11.5,ph,8.008679389953613
2025-09-16,11.75,ph,8.008400917053223
2025-09-16,12.0,ph,8.008252143859863
2025-09-16,12.25,ph,8.008071899414062
2025-09-16,12.5,ph,8.007889747619629
2025-09-16,12.75,ph,8.00776481628418
2025-09-16,13.0,ph,8.007508277893066
2025-09-16,13.25,ph,8.007207870483398
2025-09-16,13.5,ph,8.007204055786133
2025-09-16,13.75,ph,8.007064819335938
2025-09-16,14.0,ph,8.007026672363281
2025-09-16,14.25,ph,8.007231712341309
2025-09-16,14.5,ph,8.007192611694336
2025-09-16,14.75,ph,8.00673770904541
2025-09-16,15.0,ph,8.006288528442383
2025-09-16,15.25,ph,8.005136489868164
2025-09-16,15.5,ph,8.003853797912598
2025-09-16,15.75,ph,8.003337860107422
2025-09-16,16.0,ph,8.003116607666016
2025-09-16,16.25,ph,8.003138542175293
2025-09-16,16.5,ph,8.002432823181152
2025-09-16,16.75,ph,8.001846313476562
2025-09-16,17.0,ph,8.000968933105469
2025-09-16,17.25,ph,8.002907752990723
2025-09-16,17.5,ph,8.00251579284668
2025-09-16,17.75,ph,8.00251293182373
2025-09-16,18.0,ph,8.002291679382324
2025-09-16,18.25,ph,8.001827239990234
2025-09-16,18.5,ph,8.001504898071289
2025-09-16,18.75,ph,8.000554084777832
2025-09-16,19.0,ph,8.000611305236816
2025-09-16,19.25,ph,8.000616073608398
2025-09-16,19.5,ph,8.000875473022461
2025-09-16,19.75,ph,8.000922203063965
2025-09-16,20.0,ph,8.001160621643066
2025-09-16,20.25,ph,8.001029014587402
2025-09-16,20.5,ph,8.00098991394043
2025-09-16,20.75,ph,8.00125503540039
2025-09-16,21.0,ph,8.002248764038086
2025-09-16,21.25,ph,8.002976417541504
2025-09-16,21.5,ph,8.003308296203613
2025-09-16,21.75,ph,8.001321792602539
2025-09-16,22.0,ph,7.998927116394043
2025-09-16,22.25,ph,7.998814582824707
2025-09-16,22.5,ph,7.998094081878662
2025-09-16,22.75,ph,7.99614953994751
2025-09-16,23.0,ph,7.996157646179199
2025-09-16,23.25,ph,7.996092796325684
2025-09-16,23.5,ph,7.996007919311523
2025-09-16,23.75,ph,7.995719909667969
2025-09-16,24.0,ph,7.995357513427734
2025-09-16,24.25,ph,7.995291709899902
2025-09-16,24.5,ph,7.994514465332031
2025-09-16,24.75,ph,7.993778705596924
2025-09-16,25.0,ph,7.992876052856445
2025-09-16,25.25,ph,7.991950988769531
2025-09-16,25.5,ph,7.990946292877197
2025-09-16,25.75,ph,7.9901909828186035
2025-09-16,26.0,ph,7.989793300628662
2025-09-16,26.25,ph,7.989016532897949
2025-09-16,26.5,ph,7.988615989685059
2025-09-16,26.75,ph,7.988020420074463
2025-09-16,27.0,ph,7.988121509552002
2025-09-16,27.25,ph,7.987753868103027
2025-09-16,27.5,ph,7.987143039703369
2025-09-16,27.75,ph,7.985903739929199
2025-09-16,28.0,ph,7.9845194816589355
2025-09-16,28.25,ph,7.98355770111084
2025-09-16,28.5,ph,7.98252534866333
2025-09-16,28.75,ph,7.981212139129639
2025-09-16,29.0,ph,7.979788780212402
2025-09-16,29.25,ph,7.97819709777832
2025-09-16,29.5,ph,7.977240085601807
2025-09-16,29.75,ph,7.9762091636657715
2025-09-16,30.0,ph,7.975095272064209
2025-09-16,30.25,ph,7.974572658538818
2025-09-16,30.5,ph,7.974961280822754
2025-09-16,30.75,ph,7.975358009338379
2025-09-16,31.0,ph,7.975611686706543
2025-09-16,31.25,ph,7.976016044616699
2025-09-16,31.5,ph,7.976680755615234
2025-09-16,31.75,ph,7.977789878845215
2025-09-16,32.0,ph,7.978146076202393
2025-09-16,32.25,ph,7.97815465927124
2025-09-16,32.5,ph,7.978869915008545
2025-09-16,32.75,ph,7.978923320770264
2025-09-16,33.0,ph,7.978450775146484
2025-09-16,33.25,ph,7.9785685539245605
2025-09-16,33.5,ph,7.979175567626953
2025-09-16,33.75,ph,7.979863166809082
2025-09-16,34.0,ph,7.980400562286377
2025-09-16,34.25,ph,7.98033332824707
2025-09-16,34.5,ph,7.983083248138428
2025-09-16,34.75,ph,7.981947422027588
2025-09-16,35.0,ph,7.981390476226807
2025-09-16,35.25,ph,7.981005668640137
2025-09-16,35.5,ph,7.981225967407227
2025-09-16,35.75,ph,7.981542587280273
2025-09-16,36.0,ph,7.982773303985596
2025-09-16,36.25,ph,7.984220504760742
2025-09-16,36.5,ph,7.985957622528076
2025-09-16,36.75,ph,7.98765754699707
2025-09-16,37.0,ph,7.989221096038818
2025-09-16,37.25,ph,7.99163293838501
2025-09-16,37.5,ph,7.992654800415039
2025-09-16,37.75,ph,7.993460178375244
2025-09-16,38.0,ph,7.994140625
2025-09-16,38.25,ph,7.994573593139648
2025-09-16,38.5,ph,7.995471000671387
2025-09-16,38.75,ph,7.996273040771484
2025-09-16,39.0,ph,7.997750759124756
2025-09-16,39.25,ph,7.997871398925781
2025-09-16,39.5,ph,7.998932838439941
2025-09-16,39.75,ph,7.998699188232422
2025-09-16,40.0,ph,8.000554084777832
2025-09-16,40.25,ph,8.001482963562012
2025-09-16,40.5,ph,8.002193450927734
2025-09-16,40.75,ph,8.001107215881348
2025-09-16,41.0,ph,8.001243591308594
2025-09-16,41.25,ph,8.002614974975586
2025-09-16,41.5,ph,8.004952430725098
2025-09-16,41.75,ph,8.006270408630371
2025-09-16,42.0,ph,8.007059097290039
2025-09-16,42.25,ph,8.006763458251953
2025-09-16,42.5,ph,8.005410194396973
2025-09-16,42.75,ph,8.004631996154785
2025-09-16,43.0,ph,8.003252029418945
2025-09-16,43.25,ph,8.001708030700684
2025-09-16,43.5,ph,7.999936103820801
2025-09-16,43.75,ph,7.999780178070068
2025-09-16,44.0,ph,7.999305725097656
2025-09-16,44.25,ph,7.999220371246338
2025-09-16,44.5,ph,7.99903678894043
2025-09-16,44.75,ph,8.000105857849121
2025-09-16,45.0,ph,7.998617649078369
2025-09-16,45.25,ph,7.998061656951904
2025-09-16,45.5,ph,7.997982501983643
2025-09-16,45.75,ph,7.996216297149658
2025-09-16,46.0,ph,7.995486259460449
2025-09-16,46.25,ph,7.995468616485596
2025-09-16,46.5,ph,7.993993282318115
2025-09-16,46.75,ph,7.992566108703613
2025-09-16,47.0,ph,7.992477893829346
2025-09-16,47.25,ph,7.99216365814209
2025-09-16,47.5,ph,7.992864608764648
2025-09-16,47.75,ph,7.994996070861816
2025-09-16,48.0,ph,7.995368003845215
2025-09-16,48.25,ph,7.992870330810547
2025-09-16,48.5,ph,7.993005752563477
2025-09-16,48.75,ph,7.99261999130249
2025-09-16,49.0,ph,7.9903340339660645
2025-09-16,49.25,ph,7.989692687988281
2025-09-16,49.5,ph,7.989264011383057
2025-09-16,49.75,ph,7.98879861831665
2025-09-16,50.0,ph,7.9905548095703125
2025-09-16,50.25,ph,7.993403911590576
2025-09-16,50.5,ph,7.9950361251831055
2025-09-16,50.75,ph,7.994675159454346
2025-09-16,51.0,ph,7.996529579162598
2025-09-16,51.25,ph,7.99537992477417
2025-09-16,51.5,ph,7.99498176574707
2025-09-16,51.75,ph,7.993711948394775
2025-09-16,52.0,ph,7.99591064453125
2025-09-16,52.25,ph,7.998233318328857
2025-09-16,52.5,ph,7.99861478805542
2025-09-16,52.75,ph,7.999649524688721
2025-09-16,53.0,ph,7.999931812286377
2025-09-16,53.25,ph,7.998116970062256
2025-09-16,53.5,ph,7.995083808898926
2025-09-16,53.75,ph,7.997536659240723
2025-09-16,54.0,ph,7.999259948730469
2025-09-16,54.25,ph,8.000564575195312
2025-09-16,54.5,ph,8.002939224243164
2025-09-16,54.75,ph,8.00096607208252
2025-09-16,55.0,ph,8.00070858001709
2025-09-16,55.25,ph,8.000146865844727
2025-09-16,55.5,ph,7.999618053436279
2025-09-16,55.75,ph,7.99949312210083
2025-09-16,56.0,ph,7.999570846557617
2025-09-16,56.25,ph,8.000937461853027
2025-09-16,56.5,ph,8.001212120056152
2025-09-16,56.75,ph,8.001165390014648
2025-09-16,57.0,ph,7.999647617340088
2025-09-16,57.25,ph,7.996325492858887
2025-09-16,57.5,ph,7.996933460235596
2025-09-16,57.75,ph,7.998602390289307
2025-09-16,58.0,ph,7.999965667724609
2025-09-16,58.25,ph,8.002211570739746
2025-09-16,58.5,ph,7.999797821044922
2025-09-16,58.75,ph,8.004178047180176
2025-09-16,59.0,ph,8.006396293640137
2025-09-16,59.25,ph,8.006095886230469
2025-09-16,59.5,ph,8.001770973205566
2025-09-16,59.75,ph,7.99872350692749
2025-09-16,60.0,ph,7.994472026824951
2025-09-16,60.25,ph,8.000246047973633
2025-09-16,60.5,ph,8.003631591796875
2025-09-16,60.75,ph,8.005709648132324
2025-09-16,61.0,ph,8.003820419311523
2025-09-16,61.25,ph,8.003950119018555
2025-09-16,61.5,ph,8.004342079162598
2025-09-16,61.75,ph,8.004048347473145
2025-09-16,62.0,ph,8.00472354888916
2025-09-16,62.25,ph,8.005241394042969
2025-09-16,62.5,ph,8.001134872436523
2025-09-16,62.75,ph,8.007524490356445
2025-09-16,63.0,ph,8.010509490966797
2025-09-16,63.25,ph,8.010618209838867
2025-09-16,63.5,ph,8.012127876281738
2025-09-16,63.75,ph,8.015554428100586
2025-09-16,64.0,ph,8.016048431396484
2025-09-16,64.25,ph,8.017395973205566
2025-09-16,64.5,ph,8.011701583862305
2025-09-16,64.75,ph,8.017816543579102
2025-09-16,65.0,ph,8.01848316192627
2025-09-16,65.25,ph,8.017097473144531
2025-09-16,65.5,ph,8.011039733886719
2025-09-16,65.75,ph,8.01586627960205
2025-09-16,66.0,ph,8.025185585021973
2025-09-16,66.25,ph,8.020215034484863
2025-09-16,66.5,ph,8.009747505187988
2025-09-16,66.75,ph,8.015937805175781
2025-09-16,67.0,ph,8.009965896606445
2025-09-16,67.25,ph,8.015698432922363
2025-09-16,67.5,ph,8.009932518005371
2025-09-16,67.75,ph,8.016525268554688
2025-09-16,68.0,ph,8.016899108886719
2025-09-16,68.25,ph,8.009866714477539
2025-09-16,68.5,ph,8.009509086608887
2025-09-16,68.75,ph,8.01179027557373
2025-09-16,69.0,ph,8.011487007141113
2025-09-16,69.25,ph,8.015339851379395
2025-09-16,69.5,ph,8.002007484436035
2025-09-16,69.75,ph,8.00368595123291
2025-09-16,70.0,ph,8.012262344360352
2025-09-16,70.25,ph,8.019291877746582
2025-09-16,70.5,ph,8.02426815032959
2025-09-16,70.75,ph,8.028508186340332
2025-09-16,71.0,ph,8.026947975158691
2025-09-16,71.25,ph,8.01518726348877
2025-09-16,71.5,ph,8.010213851928711
2025-09-16,71.75,ph,8.010431289672852
2025-09-16,72.0,ph,8.010625839233398
2025-09-16,72.25,ph,8.011978149414062
2025-09-16,72.5,ph,8.012454986572266
2025-09-16,72.75,ph,8.011850357055664
2025-09-16,73.0,ph,8.007243156433105
2025-09-16,73.25,ph,8.0126371383667
2025-09-16,73.5,ph,8.011205673217773
2025-09-16,73.75,ph,8.011212348937988
2025-09-16,74.0,ph,8.016093254089355
2025-09-16,74.25,ph,8.02148151397705
2025-09-16,74.5,ph,8.02574634552002
2025-09-16,74.75,ph,8.025445938110352
2025-09-16,75.0,ph,8.02784252166748
2025-09-16,75.25,ph,8.02723217010498
2025-09-16,75.5,ph,8.029133796691895
2025-09-16,75.75,ph,8.029766082763672
2025-09-16,76.0,ph,8.028438568115234
2025-09-16,76.25,ph,8.028424263000488
2025-09-16,76.5,ph,8.028115272521973
2025-09-16,76.75,ph,8.027371406555176
2025-09-16,77.0,ph,8.030299186706543
2025-09-16,77.25,ph,8.0338716506958
2025-09-16,77.5,ph,8.03630256652832
2025-09-16,77.75,ph,8.038436889648438
2025-09-16,78.0,ph,8.042059898376465
2025-09-16,78.25,ph,8.045352935791016
2025-09-16,78.5,ph,8.048166275024414
2025-09-16,78.75,ph,8.050216674804688
2025-09-16,79.0,ph,8.0526704788208
2025-09-16,79.25,ph,8.055230140686035
2025-09-16,79.5,ph,8.056486129760742
2025-09-16,79.75,ph,8.056888580322266
2025-09-16,80.0,ph,8.05732536315918
2025-09-16,80.25,ph,8.059621810913086
2025-09-16,80.5,ph,8.062286376953125
2025-09-16,80.75,ph,8.06181526184082
2025-09-16,81.0,ph,8.06270694732666
2025-09-16,81.25,ph,8.062858581542969
2025-09-16,81.5,ph,8.063530921936035
2025-09-16,81.75,ph,8.062433242797852
2025-09-16,82.0,ph,8.061375617980957
2025-09-16,82.25,ph,8.05801773071289
2025-09-16,82.5,ph,8.055809020996094
2025-09-16,82.75,ph,8.055070877075195
2025-09-16,83.0,ph,8.052433967590332
2025-09-16,83.25,ph,8.04919719696045
2025-09-16,83.5,ph,8.045969009399414
2025-09-16,83.75,ph,8.042436599731445
2025-09-16,84.0,ph,8.039046287536621
2025-09-16,84.25,ph,8.036978721618652
2025-09-16,84.5,ph,8.035846710205078
2025-09-16,84.75,ph,8.034807205200195
2025-09-16,85.0,ph,8.033742904663086
2025-09-16,85.25,ph,8.032805442810059
2025-09-16,85.5,ph,8.03207778930664
2025-09-16,85.75,ph,8.031539916992188
2025-09-16,86.0,ph,8.030976295471191
2025-09-16,86.25,ph,8.030019760131836
2025-09-16,86.5,ph,8.02932357788086
2025-09-16,86.75,ph,8.028898239135742
2025-09-16,87.0,ph,8.028056144714355
2025-09-16,87.25,ph,8.027054786682129
2025-09-16,87.5,ph,8.026091575622559
2025-09-16,87.75,ph,8.025455474853516
2025-09-16,88.0,ph,8.024922370910645
2025-09-16,88.25,ph,8.024605751037598
2025-09-16,88.5,ph,8.024514198303223
2025-09-16,88.75,ph,8.024456977844238
2025-09-16,89.0,ph,8.02418041229248
2025-09-16,89.25,ph,8.023736953735352
2025-09-16,89.5,ph,8.023717880249023
2025-09-16,89.75,ph,8.023993492126465
2025-09-16,-76.75,phyc,0.09767548739910126
2025-09-16,-76.5,phyc,0.0994882732629776
2025-09-16,-76.25,phyc,0.10396608710289001
2025-09-16,-76.0,phyc,0.10725449025630951
2025-09-16,-75.75,phyc,0.10840639472007751
2025-09-16,-75.5,phyc,0.10968195647001266
2025-09-16,-75.25,phyc,0.10493431240320206
2025-09-16,-75.0,phyc,0.10420878976583481
2025-09-16,-74.75,phyc,0.10547812283039093
2025-09-16,-74.5,phyc,0.10632353276014328
2025-09-16,-74.25,phyc,0.10855384171009064
2025-09-16,-74.0,phyc,0.1122765988111496
2025-09-16,-73.75,phyc,0.11782040446996689
2025-09-16,-73.5,phyc,0.11842238157987595
2025-09-16,-73.25,phyc,0.12066756933927536
2025-09-16,-73.0,phyc,0.12416832894086838
2025-09-16,-72.75,phyc,0.12544482946395874
2025-09-16,-72.5,phyc,0.13107830286026
2025-09-16,-72.25,phyc,0.1279805302619934
2025-09-16,-72.0,phyc,0.1275116503238678
2025-09-16,-71.75,phyc,0.13386493921279907
2025-09-16,-71.5,phyc,0.13582299649715424
2025-09-16,-71.25,phyc,0.1443459689617157
2025-09-16,-71.0,phyc,0.1640971153974533
2025-09-16,-70.75,phyc,0.17076532542705536
2025-09-16,-70.5,phyc,0.1957320272922516
2025-09-16,-70.25,phyc,0.22534450888633728
2025-09-16,-70.0,phyc,0.23194460570812225
2025-09-16,-69.75,phyc,0.24095864593982697
2025-09-16,-69.5,phyc,0.22444918751716614
2025-09-16,-69.25,phyc,0.21873272955417633
2025-09-16,-69.0,phyc,0.2279435694217682
2025-09-16,-68.75,phyc,0.233505517244339
2025-09-16,-68.5,phyc,0.23539087176322937
2025-09-16,-68.25,phyc,0.23416496813297272
2025-09-16,-68.0,phyc,0.23744936287403107
2025-09-16,-67.75,phyc,0.25615832209587097
2025-09-16,-67.5,phyc,0.2673080265522003
2025-09-16,-67.25,phyc,0.28566381335258484
2025-09-16,-67.0,phyc,0.3077464699745178
2025-09-16,-66.75,phyc,0.31568673253059387
2025-09-16,-66.5,phyc,0.31592515110969543
2025-09-16,-66.25,phyc,0.3079235851764679
2025-09-16,-66.0,phyc,0.30932384729385376
2025-09-16,-65.75,phyc,0.30783143639564514
2025-09-16,-65.5,phyc,0.31810295581817627
2025-09-16,-65.25,phyc,0.35230889916419983
2025-09-16,-65.0,phyc,0.3879796266555786
2025-09-16,-64.75,phyc,0.42802977561950684
2025-09-16,-64.5,phyc,0.5026508569717407
2025-09-16,-64.25,phyc,0.5509675741195679
2025-09-16,-64.0,phyc,0.5997671484947205
2025-09-16,-63.75,phyc,0.6361479163169861
2025-09-16,-63.5,phyc,0.679187536239624
2025-09-16,-63.25,phyc,0.7488288283348083
2025-09-16,-63.0,phyc,0.8277764916419983
2025-09-16,-62.75,phyc,0.8977510333061218
2025-09-16,-62.5,phyc,0.9397226572036743
2025-09-16,-62.25,phyc,0.9864756464958191
2025-09-16,-62.0,phyc,1.049773097038269
2025-09-16,-61.75,phyc,1.1133314371109009
2025-09-16,-61.5,phyc,1.1614716053009033
2025-09-16,-61.25,phyc,1.2117886543273926
2025-09-16,-61.0,phyc,1.2631220817565918
2025-09-16,-60.75,phyc,1.3189440965652466
2025-09-16,-60.5,phyc,1.3646447658538818
2025-09-16,-60.25,phyc,1.4141442775726318
2025-09-16,-60.0,phyc,1.475927710533142
2025-09-16,-59.75,phyc,1.5278069972991943
2025-09-16,-59.5,phyc,1.5673969984054565
2025-09-16,-59.25,phyc,1.5998306274414062
2025-09-16,-59.0,phyc,1.6196812391281128
2025-09-16,-58.75,phyc,1.647337794303894
2025-09-16,-58.5,phyc,1.6653671264648438
2025-09-16,-58.25,phyc,1.697348713874817
2025-09-16,-58.0,phyc,1.7233449220657349
2025-09-16,-57.75,phyc,1.729346752166748
2025-09-16,-57.5,phyc,1.7135850191116333
2025-09-16,-57.25,phyc,1.6988179683685303
2025-09-16,-57.0,phyc,1.696965217590332
2025-09-16,-56.75,phyc,1.7075560092926025
2025-09-16,-56.5,phyc,1.7237122058868408
2025-09-16,-56.25,phyc,1.7616376876831055
2025-09-16,-56.0,phyc,1.8026567697525024
2025-09-16,-55.75,phyc,1.8386571407318115
2025-09-16,-55.5,phyc,1.8453930616378784
2025-09-16,-55.25,phyc,1.7726333141326904
2025-09-16,-55.0,phyc,1.7948148250579834
2025-09-16,-54.75,phyc,1.7816017866134644
2025-09-16,-54.5,phyc,1.8447067737579346
2025-09-16,-54.25,phyc,1.8309721946716309
2025-09-16,-54.0,phyc,1.829781174659729
2025-09-16,-53.75,phyc,1.8514554500579834
2025-09-16,-53.5,phyc,1.8514788150787354
2025-09-16,-53.25,phyc,1.8298343420028687
2025-09-16,-53.0,phyc,1.8183170557022095
2025-09-16,-52.75,phyc,1.8231765031814575
2025-09-16,-52.5,phyc,1.8533861637115479
2025-09-16,-52.25,phyc,1.870111107826233
2025-09-16,-52.0,phyc,1.8422151803970337
2025-09-16,-51.75,phyc,1.8584896326065063
2025-09-16,-51.5,phyc,1.8764586448669434
2025-09-16,-51.25,phyc,1.9271361827850342
2025-09-16,-51.0,phyc,1.8911508321762085
2025-09-16,-50.75,phyc,1.8860667943954468
2025-09-16,-50.5,phyc,1.893551230430603
2025-09-16,-50.25,phyc,1.8905353546142578
2025-09-16,-50.0,phyc,1.9118826389312744
2025-09-16,-49.75,phyc,1.9114044904708862
2025-09-16,-49.5,phyc,1.9212217330932617
2025-09-16,-49.25,phyc,1.924866795539856
2025-09-16,-49.0,phyc,1.9343135356903076
2025-09-16,-48.75,phyc,1.9253617525100708
2025-09-16,-48.5,phyc,1.9361038208007812
2025-09-16,-48.25,phyc,1.9445115327835083
2025-09-16,-48.0,phyc,1.9443026781082153
2025-09-16,-47.75,phyc,1.945906400680542
2025-09-16,-47.5,phyc,1.9397341012954712
2025-09-16,-47.25,phyc,1.942152738571167
2025-09-16,-47.0,phyc,1.9034748077392578
2025-09-16,-46.75,phyc,1.8471516370773315
2025-09-16,-46.5,phyc,1.781780481338501
2025-09-16,-46.25,phyc,1.7449777126312256
2025-09-16,-46.0,phyc,1.7337437868118286
2025-09-16,-45.75,phyc,1.717260479927063
2025-09-16,-45.5,phyc,1.6968486309051514
2025-09-16,-45.25,phyc,1.675133466720581
2025-09-16,-45.0,phyc,1.6660332679748535
2025-09-16,-44.75,phyc,1.6682813167572021
2025-09-16,-44.5,phyc,1.6879942417144775
2025-09-16,-44.25,phyc,1.711677074432373
2025-09-16,-44.0,phyc,1.7202190160751343
2025-09-16,-43.75,phyc,1.7032835483551025
2025-09-16,-43.5,phyc,1.7097872495651245
2025-09-16,-43.25,phyc,1.7069562673568726
2025-09-16,-43.0,phyc,1.722528100013733
2025-09-16,-42.75,phyc,1.7295979261398315
2025-09-16,-42.5,phyc,1.756332278251648
2025-09-16,-42.25,phyc,1.7477504014968872
2025-09-16,-42.0,phyc,1.7468510866165161
2025-09-16,-41.75,phyc,1.759602427482605
2025-09-16,-41.5,phyc,1.7496602535247803
2025-09-16,-41.25,phyc,1.7435996532440186
2025-09-16,-41.0,phyc,1.7821537256240845
2025-09-16,-40.75,phyc,1.8189016580581665
2025-09-16,-40.5,phyc,1.8407760858535767
2025-09-16,-40.25,phyc,1.844091773033142
2025-09-16,-40.0,phyc,1.8379746675491333
2025-09-16,-39.75,phyc,1.8439948558807373
2025-09-16,-39.5,phyc,1.873410940170288
2025-09-16,-39.25,phyc,1.899587869644165
2025-09-16,-39.0,phyc,1.9034948348999023
2025-09-16,-38.75,phyc,1.9258698225021362
2025-09-16,-38.5,phyc,1.9338223934173584
2025-09-16,-38.25,phyc,1.938429832458496
2025-09-16,-38.0,phyc,1.9504846334457397
2025-09-16,-37.75,phyc,1.9539932012557983
2025-09-16,-37.5,phyc,1.9474058151245117
2025-09-16,-37.25,phyc,1.9409922361373901
2025-09-16,-37.0,phyc,1.9590904712677002
2025-09-16,-36.75,phyc,1.9740530252456665
2025-09-16,-36.5,phyc,1.9646406173706055
2025-09-16,-36.25,phyc,1.9612541198730469
2025-09-16,-36.0,phyc,1.945450782775879
2025-09-16,-35.75,phyc,1.941384196281433
2025-09-16,-35.5,phyc,1.9236528873443604
2025-09-16,-35.25,phyc,1.9295076131820679
2025-09-16,-35.0,phyc,1.9548289775848389
2025-09-16,-34.75,phyc,1.8948019742965698
2025-09-16,-34.5,phyc,1.8547544479370117
2025-09-16,-34.25,phyc,1.8054428100585938
2025-09-16,-34.0,phyc,1.747398853302002
2025-09-16,-33.75,phyc,1.6994343996047974
2025-09-16,-33.5,phyc,1.6662977933883667
2025-09-16,-33.25,phyc,1.6477148532867432
2025-09-16,-33.0,phyc,1.6195985078811646
2025-09-16,-32.75,phyc,1.554770588874817
2025-09-16,-32.5,phyc,1.5330549478530884
2025-09-16,-32.25,phyc,1.484186053276062
2025-09-16,-32.0,phyc,1.4865666627883911
2025-09-16,-31.75,phyc,1.4637351036071777
2025-09-16,-31.5,phyc,1.4277396202087402
2025-09-16,-31.25,phyc,1.422682523727417
2025-09-16,-31.0,phyc,1.3966188430786133
2025-09-16,-30.75,phyc,1.3700793981552124
2025-09-16,-30.5,phyc,1.3805692195892334
2025-09-16,-30.25,phyc,1.3777267932891846
2025-09-16,-30.0,phyc,1.3973525762557983
2025-09-16,-29.75,phyc,1.4047197103500366
2025-09-16,-29.5,phyc,1.3672436475753784
2025-09-16,-29.25,phyc,1.3503488302230835
2025-09-16,-29.0,phyc,1.3297187089920044
2025-09-16,-28.75,phyc,1.3219760656356812
2025-09-16,-28.5,phyc,1.269344687461853
2025-09-16,-28.25,phyc,1.269263505935669
2025-09-16,-28.0,phyc,1.2053180932998657
2025-09-16,-27.75,phyc,1.1880676746368408
2025-09-16,-27.5,phyc,1.1771361827850342
2025-09-16,-27.25,phyc,1.1611140966415405
2025-09-16,-27.0,phyc,1.1513183116912842
2025-09-16,-26.75,phyc,1.1404927968978882
2025-09-16,-26.5,phyc,1.1128672361373901
2025-09-16,-26.25,phyc,1.0799506902694702
2025-09-16,-26.0,phyc,1.092844843864441
2025-09-16,-25.75,phyc,1.1016345024108887
2025-09-16,-25.5,phyc,1.09575617313385
2025-09-16,-25.25,phyc,1.0878125429153442
2025-09-16,-25.0,phyc,1.0525305271148682
2025-09-16,-24.75,phyc,1.032861590385437
2025-09-16,-24.5,phyc,1.031835675239563
2025-09-16,-24.25,phyc,1.0303239822387695
2025-09-16,-24.0,phyc,1.020616054534912
2025-09-16,-23.75,phyc,1.0430424213409424
2025-09-16,-23.5,phyc,1.055635929107666
2025-09-16,-23.25,phyc,1.0432794094085693
2025-09-16,-23.0,phyc,1.051506757736206
2025-09-16,-22.75,phyc,1.0177392959594727
2025-09-16,-22.5,phyc,1.0304194688796997
2025-09-16,-22.25,phyc,1.014877438545227
2025-09-16,-22.0,phyc,1.000078558921814
2025-09-16,-21.75,phyc,1.0062083005905151
2025-09-16,-21.5,phyc,1.0187400579452515
2025-09-16,-21.25,phyc,1.023205280303955
2025-09-16,-21.0,phyc,1.046095848083496
2025-09-16,-20.75,phyc,1.0566885471343994
2025-09-16,-20.5,phyc,1.078709363937378
2025-09-16,-20.25,phyc,1.0878525972366333
2025-09-16,-20.0,phyc,1.1050529479980469
2025-09-16,-19.75,phyc,1.1155682802200317
2025-09-16,-19.5,phyc,1.1293984651565552
2025-09-16,-19.25,phyc,1.1282228231430054
2025-09-16,-19.0,phyc,1.1365910768508911
2025-09-16,-18.75,phyc,1.1361894607543945
2025-09-16,-18.5,phyc,1.1314805746078491
2025-09-16,-18.25,phyc,1.1346347332000732
2025-09-16,-18.0,phyc,1.1528271436691284
2025-09-16,-17.75,phyc,1.1383256912231445
2025-09-16,-17.5,phyc,1.160124659538269
2025-09-16,-17.25,phyc,1.2007204294204712
2025-09-16,-17.0,phyc,1.2504507303237915
2025-09-16,-16.75,phyc,1.348078966140747
2025-09-16,-16.5,phyc,1.3582667112350464
2025-09-16,-16.25,phyc,1.3699060678482056
2025-09-16,-16.0,phyc,1.3209604024887085
2025-09-16,-15.75,phyc,1.3296067714691162
2025-09-16,-15.5,phyc,1.321146011352539
2025-09-16,-15.25,phyc,1.334204912185669
2025-09-16,-15.0,phyc,1.3223131895065308
2025-09-16,-14.75,phyc,1.3223826885223389
2025-09-16,-14.5,phyc,1.3281540870666504
2025-09-16,-14.25,phyc,1.3291798830032349
2025-09-16,-14.0,phyc,1.314687967300415
2025-09-16,-13.75,phyc,1.3117733001708984
2025-09-16,-13.5,phyc,1.3229055404663086
2025-09-16,-13.25,phyc,1.2959719896316528
2025-09-16,-13.0,phyc,1.2811378240585327
2025-09-16,-12.75,phyc,1.2982009649276733
2025-09-16,-12.5,phyc,1.3069562911987305
2025-09-16,-12.25,phyc,1.3233754634857178
2025-09-16,-12.0,phyc,1.3564671277999878
2025-09-16,-11.75,phyc,1.385166883468628
2025-09-16,-11.5,phyc,1.3896435499191284
2025-09-16,-11.25,phyc,1.3837783336639404
2025-09-16,-11.0,phyc,1.3797048330307007
2025-09-16,-10.75,phyc,1.3624722957611084
2025-09-16,-10.5,phyc,1.3520410060882568
2025-09-16,-10.25,phyc,1.362628698348999
2025-09-16,-10.0,phyc,1.3844215869903564
2025-09-16,-9.75,phyc,1.3914754390716553
2025-09-16,-9.5,phyc,1.4219752550125122
2025-09-16,-9.25,phyc,1.4303858280181885
2025-09-16,-9.0,phyc,1.4558838605880737
2025-09-16,-8.75,phyc,1.4551827907562256
2025-09-16,-8.5,phyc,1.4878017902374268
2025-09-16,-8.25,phyc,1.5005836486816406
2025-09-16,-8.0,phyc,1.5122703313827515
2025-09-16,-7.75,phyc,1.5538077354431152
2025-09-16,-7.5,phyc,1.5924348831176758
2025-09-16,-7.25,phyc,1.6370093822479248
2025-09-16,-7.0,phyc,1.6496260166168213
2025-09-16,-6.75,phyc,1.6723469495773315
2025-09-16,-6.5,phyc,1.6564323902130127
2025-09-16,-6.25,phyc,1.6249662637710571
2025-09-16,-6.0,phyc,1.630142092704773
2025-09-16,-5.75,phyc,1.6272571086883545
2025-09-16,-5.5,phyc,1.632276177406311
2025-09-16,-5.25,phyc,1.6336065530776978
2025-09-16,-5.0,phyc,1.6379058361053467
2025-09-16,-4.75,phyc,1.6284425258636475
2025-09-16,-4.5,phyc,1.6343101263046265
2025-09-16,-4.25,phyc,1.6514121294021606
2025-09-16,-4.0,phyc,1.6692405939102173
2025-09-16,-3.75,phyc,1.692575216293335
2025-09-16,-3.5,phyc,1.732716679573059
2025-09-16,-3.25,phyc,1.748050570487976
2025-09-16,-3.0,phyc,1.7493911981582642
2025-09-16,-2.75,phyc,1.7651535272598267
2025-09-16,-2.5,phyc,1.7790122032165527
2025-09-16,-2.25,phyc,1.7916942834854126
2025-09-16,-2.0,phyc,1.8029422760009766
2025-09-16,-1.75,phyc,1.8262795209884644
2025-09-16,-1.5,phyc,1.8385251760482788
2025-09-16,-1.25,phyc,1.8448301553726196
2025-09-16,-1.0,phyc,1.8532440662384033
2025-09-16,-0.75,phyc,1.8574004173278809
2025-09-16,-0.5,phyc,1.8596093654632568
2025-09-16,-0.25,phyc,1.8226302862167358
2025-09-16,0.0,phyc,1.7951631546020508
2025-09-16,0.25,phyc,1.756722331047058
2025-09-16,0.5,phyc,1.7084548473358154
2025-09-16,0.75,phyc,1.6562142372131348
2025-09-16,1.0,phyc,1.6034308671951294
2025-09-16,1.25,phyc,1.5697194337844849
2025-09-16,1.5,phyc,1.5355936288833618
2025-09-16,1.75,phyc,1.5364809036254883
2025-09-16,2.0,phyc,1.5179945230484009
2025-09-16,2.25,phyc,1.4998773336410522
2025-09-16,2.5,phyc,1.4768568277359009
2025-09-16,2.75,phyc,1.4672348499298096
2025-09-16,3.0,phyc,1.4627137184143066
2025-09-16,3.25,phyc,1.4821345806121826
2025-09-16,3.5,phyc,1.4929847717285156
2025-09-16,3.75,phyc,1.5283153057098389
2025-09-16,4.0,phyc,1.524126648902893
2025-09-16,4.25,phyc,1.538111686706543
2025-09-16,4.5,phyc,1.5591928958892822
2025-09-16,4.75,phyc,1.5543001890182495
2025-09-16,5.0,phyc,1.5605558156967163
2025-09-16,5.25,phyc,1.4732943773269653
2025-09-16,5.5,phyc,1.4952934980392456
2025-09-16,5.75,phyc,1.5013939142227173
2025-09-16,6.0,phyc,1.4919426441192627
2025-09-16,6.25,phyc,1.4611691236495972
2025-09-16,6.5,phyc,1.4509241580963135
2025-09-16,6.75,phyc,1.4592801332473755
2025-09-16,7.0,phyc,1.483163595199585
2025-09-16,7.25,phyc,1.4916659593582153
2025-09-16,7.5,phyc,1.5195246934890747
2025-09-16,7.75,phyc,1.548484206199646
2025-09-16,8.0,phyc,1.5725950002670288
2025-09-16,8.25,phyc,1.5522962808609009
2025-09-16,8.5,phyc,1.5493664741516113
2025-09-16,8.75,phyc,1.5713626146316528
2025-09-16,9.0,phyc,1.5952410697937012
2025-09-16,9.25,phyc,1.6355434656143188
2025-09-16,9.5,phyc,1.6678613424301147
2025-09-16,9.75,phyc,1.6718313694000244
2025-09-16,10.0,phyc,1.7068266868591309
2025-09-16,10.25,phyc,1.7555162906646729
2025-09-16,10.5,phyc,1.693075180053711
2025-09-16,10.75,phyc,1.645044207572937
2025-09-16,11.0,phyc,1.6093850135803223
2025-09-16,11.25,phyc,1.669920563697815
2025-09-16,11.5,phyc,1.6039515733718872
2025-09-16,11.75,phyc,1.5535261631011963
2025-09-16,12.0,phyc,1.5286505222320557
2025-09-16,12.25,phyc,1.5227997303009033
2025-09-16,12.5,phyc,1.5116711854934692
2025-09-16,12.75,phyc,1.4939359426498413
2025-09-16,13.0,phyc,1.47930908203125
2025-09-16,13.25,phyc,1.4792366027832031
2025-09-16,13.5,phyc,1.4465429782867432
2025-09-16,13.75,phyc,1.4475308656692505
2025-09-16,14.0,phyc,1.4310455322265625
2025-09-16,14.25,phyc,1.454592227935791
2025-09-16,14.5,phyc,1.471893310546875
2025-09-16,14.75,phyc,1.4578686952590942
2025-09-16,15.0,phyc,1.4732483625411987
2025-09-16,15.25,phyc,1.4933000802993774
2025-09-16,15.5,phyc,1.5165454149246216
2025-09-16,15.75,phyc,1.490227460861206
2025-09-16,16.0,phyc,1.4489372968673706
2025-09-16,16.25,phyc,1.424017071723938
2025-09-16,16.5,phyc,1.392533540725708
2025-09-16,16.75,phyc,1.3894870281219482
2025-09-16,17.0,phyc,1.3860523700714111
2025-09-16,17.25,phyc,1.3576346635818481
2025-09-16,17.5,phyc,1.3800992965698242
2025-09-16,17.75,phyc,1.473406434059143
2025-09-16,18.0,phyc,1.4580516815185547
2025-09-16,18.25,phyc,1.432515263557434
2025-09-16,18.5,phyc,1.4385493993759155
2025-09-16,18.75,phyc,1.4596986770629883
2025-09-16,19.0,phyc,1.4582934379577637
2025-09-16,19.25,phyc,1.4346052408218384
2025-09-16,19.5,phyc,1.4818603992462158
2025-09-16,19.75,phyc,1.5319299697875977
2025-09-16,20.0,phyc,1.5444022417068481
2025-09-16,20.25,phyc,1.5751296281814575
2025-09-16,20.5,phyc,1.5654383897781372
2025-09-16,20.75,phyc,1.5794999599456787
2025-09-16,21.0,phyc,1.6279380321502686
2025-09-16,21.25,phyc,1.7376607656478882
2025-09-16,21.5,phyc,1.888185739517212
2025-09-16,21.75,phyc,1.9548213481903076
2025-09-16,22.0,phyc,1.9069076776504517
2025-09-16,22.25,phyc,1.8292522430419922
2025-09-16,22.5,phyc,1.7517426013946533
2025-09-16,22.75,phyc,1.459236979484558
2025-09-16,23.0,phyc,1.461182951927185
2025-09-16,23.25,phyc,1.4742074012756348
2025-09-16,23.5,phyc,1.500054121017456
2025-09-16,23.75,phyc,1.4730583429336548
2025-09-16,24.0,phyc,1.4574767351150513
2025-09-16,24.25,phyc,1.4714210033416748
2025-09-16,24.5,phyc,1.4987976551055908
2025-09-16,24.75,phyc,1.499600887298584
2025-09-16,25.0,phyc,1.4843792915344238
2025-09-16,25.25,phyc,1.4633699655532837
2025-09-16,25.5,phyc,1.4385100603103638
2025-09-16,25.75,phyc,1.414751410484314
2025-09-16,26.0,phyc,1.40833580493927
2025-09-16,26.25,phyc,1.4062750339508057
2025-09-16,26.5,phyc,1.4269039630889893
2025-09-16,26.75,phyc,1.4231302738189697
2025-09-16,27.0,phyc,1.4316157102584839
2025-09-16,27.25,phyc,1.419293761253357
2025-09-16,27.5,phyc,1.4202275276184082
2025-09-16,27.75,phyc,1.414515495300293
2025-09-16,28.0,phyc,1.419013500213623
2025-09-16,28.25,phyc,1.4058994054794312
2025-09-16,28.5,phyc,1.4145888090133667
2025-09-16,28.75,phyc,1.4236036539077759
2025-09-16,29.0,phyc,1.4458590745925903
2025-09-16,29.25,phyc,1.4592241048812866
2025-09-16,29.5,phyc,1.474519968032837
2025-09-16,29.75,phyc,1.472180962562561
2025-09-16,30.0,phyc,1.4956891536712646
2025-09-16,30.25,phyc,1.5264052152633667
2025-09-16,30.5,phyc,1.511762261390686
2025-09-16,30.75,phyc,1.5669177770614624
2025-09-16,31.0,phyc,1.5311923027038574
2025-09-16,31.25,phyc,1.5818848609924316
2025-09-16,31.5,phyc,1.6240105628967285
2025-09-16,31.75,phyc,1.716488242149353
2025-09-16,32.0,phyc,1.5905773639678955
2025-09-16,32.25,phyc,1.5593276023864746
2025-09-16,32.5,phyc,1.5520939826965332
2025-09-16,32.75,phyc,1.516741394996643
2025-09-16,33.0,phyc,1.4611705541610718
2025-09-16,33.25,phyc,1.470784068107605
2025-09-16,33.5,phyc,1.4898219108581543
2025-09-16,33.75,phyc,1.5243898630142212
2025-09-16,34.0,phyc,1.5497772693634033
2025-09-16,34.25,phyc,1.5193591117858887
2025-09-16,34.5,phyc,1.5558804273605347
2025-09-16,34.75,phyc,1.4925187826156616
2025-09-16,35.0,phyc,1.4616053104400635
2025-09-16,35.25,phyc,1.4642051458358765
2025-09-16,35.5,phyc,1.4227726459503174
2025-09-16,35.75,phyc,1.4063442945480347
2025-09-16,36.0,phyc,1.412696361541748
2025-09-16,36.25,phyc,1.3665200471878052
2025-09-16,36.5,phyc,1.3564528226852417
2025-09-16,36.75,phyc,1.3614035844802856
2025-09-16,37.0,phyc,1.4338886737823486
2025-09-16,37.25,phyc,1.4628349542617798
2025-09-16,37.5,phyc,1.4747138023376465
2025-09-16,37.75,phyc,1.4875577688217163
2025-09-16,38.0,phyc,1.4708709716796875
2025-09-16,38.25,phyc,1.4760504961013794
2025-09-16,38.5,phyc,1.4583814144134521
2025-09-16,38.75,phyc,1.4392280578613281
2025-09-16,39.0,phyc,1.4770218133926392
2025-09-16,39.25,phyc,1.4470045566558838
2025-09-16,39.5,phyc,1.4818427562713623
2025-09-16,39.75,phyc,1.5134916305541992
2025-09-16,40.0,phyc,1.487009882926941
2025-09-16,40.25,phyc,1.5074279308319092
2025-09-16,40.5,phyc,1.568803310394287
2025-09-16,40.75,phyc,1.5515859127044678
2025-09-16,41.0,phyc,1.5361849069595337
2025-09-16,41.25,phyc,1.5414475202560425
2025-09-16,41.5,phyc,1.537699818611145
2025-09-16,41.75,phyc,1.5400220155715942
2025-09-16,42.0,phyc,1.546306848526001
2025-09-16,42.25,phyc,1.521927833557129
2025-09-16,42.5,phyc,1.528357744216919
2025-09-16,42.75,phyc,1.5360081195831299
2025-09-16,43.0,phyc,1.5491055250167847
2025-09-16,43.25,phyc,1.5623217821121216
2025-09-16,43.5,phyc,1.5823990106582642
2025-09-16,43.75,phyc,1.5910629034042358
2025-09-16,44.0,phyc,1.5803284645080566
2025-09-16,44.25,phyc,1.6137830018997192
2025-09-16,44.5,phyc,1.6810681819915771
2025-09-16,44.75,phyc,1.7167754173278809
2025-09-16,45.0,phyc,1.7370936870574951
2025-09-16,45.25,phyc,1.7826465368270874
2025-09-16,45.5,phyc,1.810180902481079
2025-09-16,45.75,phyc,1.8050657510757446
2025-09-16,46.0,phyc,1.839295744895935
2025-09-16,46.25,phyc,1.8320893049240112
2025-09-16,46.5,phyc,1.8142281770706177
2025-09-16,46.75,phyc,1.787695050239563
2025-09-16,47.0,phyc,1.8254070281982422
2025-09-16,47.25,phyc,1.8651467561721802
2025-09-16,47.5,phyc,1.8722949028015137
2025-09-16,47.75,phyc,1.9501327276229858
2025-09-16,48.0,phyc,2.012455940246582
2025-09-16,48.25,phyc,2.041163206100464
2025-09-16,48.5,phyc,1.9930506944656372
2025-09-16,48.75,phyc,1.9501405954360962
2025-09-16,49.0,phyc,1.9773799180984497
2025-09-16,49.25,phyc,1.934191107749939
2025-09-16,49.5,phyc,1.916133165359497
2025-09-16,49.75,phyc,1.9471038579940796
2025-09-16,50.0,phyc,2.0190601348876953
2025-09-16,50.25,phyc,1.9267587661743164
2025-09-16,50.5,phyc,1.9022783041000366
2025-09-16,50.75,phyc,1.903383493423462
2025-09-16,51.0,phyc,1.902521014213562
2025-09-16,51.25,phyc,2.0282561779022217
2025-09-16,51.5,phyc,2.1045620441436768
2025-09-16,51.75,phyc,2.121849536895752
2025-09-16,52.0,phyc,2.111524820327759
2025-09-16,52.25,phyc,2.2088139057159424
2025-09-16,52.5,phyc,2.280229330062866
2025-09-16,52.75,phyc,2.2876601219177246
2025-09-16,53.0,phyc,2.2278926372528076
2025-09-16,53.25,phyc,2.156254768371582
2025-09-16,53.5,phyc,2.2385332584381104
2025-09-16,53.75,phyc,2.2283706665039062
2025-09-16,54.0,phyc,2.271169424057007
2025-09-16,54.25,phyc,2.2697389125823975
2025-09-16,54.5,phyc,2.32890248298645
2025-09-16,54.75,phyc,2.2738101482391357
2025-09-16,55.0,phyc,2.1403656005859375
2025-09-16,55.25,phyc,2.0826151371002197
2025-09-16,55.5,phyc,2.046203136444092
2025-09-16,55.75,phyc,1.9938981533050537
2025-09-16,56.0,phyc,1.9927595853805542
2025-09-16,56.25,phyc,1.9877052307128906
2025-09-16,56.5,phyc,1.9451260566711426
2025-09-16,56.75,phyc,1.9223278760910034
2025-09-16,57.0,phyc,1.9226555824279785
2025-09-16,57.25,phyc,1.9587187767028809
2025-09-16,57.5,phyc,1.9251543283462524
2025-09-16,57.75,phyc,1.9333915710449219
2025-09-16,58.0,phyc,1.9695844650268555
2025-09-16,58.25,phyc,1.9871844053268433
2025-09-16,58.5,phyc,2.0605382919311523
2025-09-16,58.75,phyc,2.068787097930908
2025-09-16,59.0,phyc,2.1098198890686035
2025-09-16,59.25,phyc,2.036125421524048
2025-09-16,59.5,phyc,2.0292184352874756
2025-09-16,59.75,phyc,2.0951690673828125
2025-09-16,60.0,phyc,2.1170992851257324
2025-09-16,60.25,phyc,2.0446090698242188
2025-09-16,60.5,phyc,2.01334810256958
2025-09-16,60.75,phyc,1.9204223155975342
2025-09-16,61.0,phyc,1.893525242805481
2025-09-16,61.25,phyc,1.890002965927124
2025-09-16,61.5,phyc,1.8391835689544678
2025-09-16,61.75,phyc,1.8246688842773438
2025-09-16,62.0,phyc,1.8843661546707153
2025-09-16,62.25,phyc,2.028208017349243
2025-09-16,62.5,phyc,1.9937818050384521
2025-09-16,62.75,phyc,1.9277008771896362
2025-09-16,63.0,phyc,1.9959278106689453
2025-09-16,63.25,phyc,2.1565911769866943
2025-09-16,63.5,phyc,2.336043357849121
2025-09-16,63.75,phyc,2.2972352504730225
2025-09-16,64.0,phyc,2.380627155303955
2025-09-16,64.25,phyc,2.550922155380249
2025-09-16,64.5,phyc,2.6505370140075684
2025-09-16,64.75,phyc,2.7848732471466064
2025-09-16,65.0,phyc,2.6172595024108887
2025-09-16,65.25,phyc,2.6128933429718018
2025-09-16,65.5,phyc,2.3988635540008545
2025-09-16,65.75,phyc,2.2181882858276367
2025-09-16,66.0,phyc,2.2648115158081055
2025-09-16,66.25,phyc,2.526944398880005
2025-09-16,66.5,phyc,2.713366746902466
2025-09-16,66.75,phyc,2.738398313522339
2025-09-16,67.0,phyc,2.723421335220337
2025-09-16,67.25,phyc,2.720003128051758
2025-09-16,67.5,phyc,2.797142744064331
2025-09-16,67.75,phyc,2.7477166652679443
2025-09-16,68.0,phyc,2.6559717655181885
2025-09-16,68.25,phyc,2.680912733078003
2025-09-16,68.5,phyc,2.657789707183838
2025-09-16,68.75,phyc,2.7225563526153564
2025-09-16,69.0,phyc,2.783254384994507
2025-09-16,69.25,phyc,2.6654062271118164
2025-09-16,69.5,phyc,2.8749501705169678
2025-09-16,69.75,phyc,3.033719301223755
2025-09-16,70.0,phyc,3.017117500305176
2025-09-16,70.25,phyc,2.971980333328247
2025-09-16,70.5,phyc,2.8719334602355957
2025-09-16,70.75,phyc,2.8351571559906006
2025-09-16,71.0,phyc,2.9350547790527344
2025-09-16,71.25,phyc,2.9561996459960938
2025-09-16,71.5,phyc,2.946068525314331
2025-09-16,71.75,phyc,2.9895412921905518
2025-09-16,72.0,phyc,2.885104179382324
2025-09-16,72.25,phyc,2.818788766860962
2025-09-16,72.5,phyc,2.800320625305176
2025-09-16,72.75,phyc,2.8223345279693604
2025-09-16,73.0,phyc,2.8320298194885254
2025-09-16,73.25,phyc,2.768838882446289
2025-09-16,73.5,phyc,2.868614912033081
2025-09-16,73.75,phyc,2.9214024543762207
2025-09-16,74.0,phyc,2.8585007190704346
2025-09-16,74.25,phyc,2.8267486095428467
2025-09-16,74.5,phyc,2.7934231758117676
2025-09-16,74.75,phyc,2.6697757244110107
2025-09-16,75.0,phyc,2.535702705383301
2025-09-16,75.25,phyc,2.378779649734497
2025-09-16,75.5,phyc,2.317955493927002
2025-09-16,75.75,phyc,2.259803295135498
2025-09-16,76.0,phyc,2.285573720932007
2025-09-16,76.25,phyc,2.207606792449951
2025-09-16,76.5,phyc,2.1771275997161865
2025-09-16,76.75,phyc,2.1765732765197754
2025-09-16,77.0,phyc,2.1156890392303467
2025-09-16,77.25,phyc,2.061429023742676
2025-09-16,77.5,phyc,2.0705997943878174
2025-09-16,77.75,phyc,2.134094715118408
2025-09-16,78.0,phyc,2.1695308685302734
2025-09-16,78.25,phyc,2.2279062271118164
2025-09-16,78.5,phyc,2.2405474185943604
2025-09-16,78.75,phyc,2.2181553840637207
2025-09-16,79.0,phyc,2.2358551025390625
2025-09-16,79.25,phyc,2.2364425659179688
2025-09-16,79.5,phyc,2.2445311546325684
2025-09-16,79.75,phyc,2.2279603481292725
2025-09-16,80.0,phyc,2.222857713699341
2025-09-16,80.25,phyc,2.2401416301727295
2025-09-16,80.5,phyc,2.2123208045959473
2025-09-16,80.75,phyc,2.142965793609619
2025-09-16,81.0,phyc,2.110400915145874
2025-09-16,81.25,phyc,2.0490126609802246
2025-09-16,81.5,phyc,1.9574224948883057
2025-09-16,81.75,phyc,1.8547433614730835
2025-09-16,82.0,phyc,1.8454712629318237
2025-09-16,82.25,phyc,1.7915534973144531
2025-09-16,82.5,phyc,1.6716443300247192
2025-09-16,82.75,phyc,1.6420687437057495
2025-09-16,83.0,phyc,1.540784478187561
2025-09-16,83.25,phyc,1.4384511709213257
2025-09-16,83.5,phyc,1.3308359384536743
2025-09-16,83.75,phyc,1.235343098640442
2025-09-16,84.0,phyc,1.1523767709732056
2025-09-16,84.25,phyc,1.0989067554473877
2025-09-16,84.5,phyc,1.0807796716690063
2025-09-16,84.75,phyc,1.0667656660079956
2025-09-16,85.0,phyc,1.0532701015472412
2025-09-16,85.25,phyc,1.04263174533844
2025-09-16,85.5,phyc,1.0261001586914062
2025-09-16,85.75,phyc,1.0100128650665283
2025-09-16,86.0,phyc,0.9982351660728455
2025-09-16,86.25,phyc,0.9785929918289185
2025-09-16,86.5,phyc,0.9625583291053772
2025-09-16,86.75,phyc,0.95526522397995
2025-09-16,87.0,phyc,0.9609609246253967
2025-09-16,87.25,phyc,0.9675644636154175
2025-09-16,87.5,phyc,0.9635394811630249
2025-09-16,87.75,phyc,0.955531656742096
2025-09-16,88.0,phyc,0.951478898525238
2025-09-16,88.25,phyc,0.927382230758667
2025-09-16,88.5,phyc,0.8919301629066467
2025-09-16,88.75,phyc,0.8687013387680054
2025-09-16,89.0,phyc,0.8687487244606018
2025-09-16,89.25,phyc,0.8961557745933533
2025-09-16,89.5,phyc,0.9070156812667847
2025-09-16,89.75,phyc,0.8852752447128296
2025-09-16,-76.75,po4,2.0597243309020996
2025-09-16,-76.5,po4,2.0623373985290527
2025-09-16,-76.25,po4,2.0636661052703857
2025-09-16,-76.0,po4,2.071296453475952
2025-09-16,-75.75,po4,2.0699596405029297
2025-09-16,-75.5,po4,2.077849864959717
2025-09-16,-75.25,po4,2.0760610103607178
2025-09-16,-75.0,po4,2.0754876136779785
2025-09-16,-74.75,po4,2.056405544281006
2025-09-16,-74.5,po4,2.0548088550567627
2025-09-16,-74.25,po4,2.0462470054626465
2025-09-16,-74.0,po4,2.03788423538208
2025-09-16,-73.75,po4,2.020458698272705
2025-09-16,-73.5,po4,2.0079877376556396
2025-09-16,-73.25,po4,2.006718158721924
2025-09-16,-73.0,po4,1.9996895790100098
2025-09-16,-72.75,po4,2.0028247833251953
2025-09-16,-72.5,po4,1.9968451261520386
2025-09-16,-72.25,po4,2.007755756378174
2025-09-16,-72.0,po4,2.0302088260650635
2025-09-16,-71.75,po4,2.032968521118164
2025-09-16,-71.5,po4,2.0428149700164795
2025-09-16,-71.25,po4,2.052980422973633
2025-09-16,-71.0,po4,2.0763185024261475
2025-09-16,-70.75,po4,2.0868759155273438
2025-09-16,-70.5,po4,2.0925135612487793
2025-09-16,-70.25,po4,2.1016452312469482
2025-09-16,-70.0,po4,2.108574867248535
2025-09-16,-69.75,po4,2.1100564002990723
2025-09-16,-69.5,po4,2.1091442108154297
2025-09-16,-69.25,po4,2.1074225902557373
2025-09-16,-69.0,po4,2.105719566345215
2025-09-16,-68.75,po4,2.1088573932647705
2025-09-16,-68.5,po4,2.1089892387390137
2025-09-16,-68.25,po4,2.1094045639038086
2025-09-16,-68.0,po4,2.1081128120422363
2025-09-16,-67.75,po4,2.107686758041382
2025-09-16,-67.5,po4,2.108815908432007
2025-09-16,-67.25,po4,2.108114004135132
2025-09-16,-67.0,po4,2.1061441898345947
2025-09-16,-66.75,po4,2.1007468700408936
2025-09-16,-66.5,po4,2.0973243713378906
2025-09-16,-66.25,po4,2.0931003093719482
2025-09-16,-66.0,po4,2.0910584926605225
2025-09-16,-65.75,po4,2.091273069381714
2025-09-16,-65.5,po4,2.08992338180542
2025-09-16,-65.25,po4,2.08868670463562
2025-09-16,-65.0,po4,2.0836923122406006
2025-09-16,-64.75,po4,2.079273223876953
2025-09-16,-64.5,po4,2.0717554092407227
2025-09-16,-64.25,po4,2.06449294090271
2025-09-16,-64.0,po4,2.0571932792663574
2025-09-16,-63.75,po4,2.050222873687744
2025-09-16,-63.5,po4,2.0453221797943115
2025-09-16,-63.25,po4,2.040212392807007
2025-09-16,-63.0,po4,2.032639741897583
2025-09-16,-62.75,po4,2.0254862308502197
2025-09-16,-62.5,po4,2.017010450363159
2025-09-16,-62.25,po4,2.00872802734375
2025-09-16,-62.0,po4,1.9979970455169678
2025-09-16,-61.75,po4,1.9840970039367676
2025-09-16,-61.5,po4,1.9709728956222534
2025-09-16,-61.25,po4,1.9583462476730347
2025-09-16,-61.0,po4,1.9470018148422241
2025-09-16,-60.75,po4,1.9349452257156372
2025-09-16,-60.5,po4,1.9227206707000732
2025-09-16,-60.25,po4,1.9109907150268555
2025-09-16,-60.0,po4,1.9007350206375122
2025-09-16,-59.75,po4,1.8886666297912598
2025-09-16,-59.5,po4,1.8757938146591187
2025-09-16,-59.25,po4,1.8637868165969849
2025-09-16,-59.0,po4,1.8503068685531616
2025-09-16,-58.75,po4,1.837755799293518
2025-09-16,-58.5,po4,1.8252655267715454
2025-09-16,-58.25,po4,1.8145911693572998
2025-09-16,-58.0,po4,1.8047858476638794
2025-09-16,-57.75,po4,1.7954596281051636
2025-09-16,-57.5,po4,1.7854173183441162
2025-09-16,-57.25,po4,1.774093508720398
2025-09-16,-57.0,po4,1.7623693943023682
2025-09-16,-56.75,po4,1.7493064403533936
2025-09-16,-56.5,po4,1.7346059083938599
2025-09-16,-56.25,po4,1.7212527990341187
2025-09-16,-56.0,po4,1.7091318368911743
2025-09-16,-55.75,po4,1.696653962135315
2025-09-16,-55.5,po4,1.6819325685501099
2025-09-16,-55.25,po4,1.6747742891311646
2025-09-16,-55.0,po4,1.6630359888076782
2025-09-16,-54.75,po4,1.6552517414093018
2025-09-16,-54.5,po4,1.646227478981018
2025-09-16,-54.25,po4,1.6399914026260376
2025-09-16,-54.0,po4,1.6322664022445679
2025-09-16,-53.75,po4,1.6214499473571777
2025-09-16,-53.5,po4,1.609554409980774
2025-09-16,-53.25,po4,1.5995705127716064
2025-09-16,-53.0,po4,1.5871635675430298
2025-09-16,-52.75,po4,1.5744686126708984
2025-09-16,-52.5,po4,1.5641430616378784
2025-09-16,-52.25,po4,1.5560669898986816
2025-09-16,-52.0,po4,1.5469979047775269
2025-09-16,-51.75,po4,1.536950707435608
2025-09-16,-51.5,po4,1.523558497428894
2025-09-16,-51.25,po4,1.512142300605774
2025-09-16,-51.0,po4,1.5031896829605103
2025-09-16,-50.75,po4,1.4911247491836548
2025-09-16,-50.5,po4,1.4821627140045166
2025-09-16,-50.25,po4,1.47221040725708
2025-09-16,-50.0,po4,1.46266508102417
2025-09-16,-49.75,po4,1.4532901048660278
2025-09-16,-49.5,po4,1.4376499652862549
2025-09-16,-49.25,po4,1.4201689958572388
2025-09-16,-49.0,po4,1.406050205230713
2025-09-16,-48.75,po4,1.3909317255020142
2025-09-16,-48.5,po4,1.3764550685882568
2025-09-16,-48.25,po4,1.3642557859420776
2025-09-16,-48.0,po4,1.3488636016845703
2025-09-16,-47.75,po4,1.3342833518981934
2025-09-16,-47.5,po4,1.3194090127944946
2025-09-16,-47.25,po4,1.304732322692871
2025-09-16,-47.0,po4,1.2899224758148193
2025-09-16,-46.75,po4,1.2703990936279297
2025-09-16,-46.5,po4,1.2578721046447754
2025-09-16,-46.25,po4,1.2412596940994263
2025-09-16,-46.0,po4,1.227363109588623
2025-09-16,-45.75,po4,1.2103748321533203
2025-09-16,-45.5,po4,1.197914481163025
2025-09-16,-45.25,po4,1.1804237365722656
2025-09-16,-45.0,po4,1.1615866422653198
2025-09-16,-44.75,po4,1.1377962827682495
2025-09-16,-44.5,po4,1.1096960306167603
2025-09-16,-44.25,po4,1.089735746383667
2025-09-16,-44.0,po4,1.0652086734771729
2025-09-16,-43.75,po4,1.046362042427063
2025-09-16,-43.5,po4,1.0282670259475708
2025-09-16,-43.25,po4,1.010540246963501
2025-09-16,-43.0,po4,0.9927183985710144
2025-09-16,-42.75,po4,0.9695516228675842
2025-09-16,-42.5,po4,0.9454295039176941
2025-09-16,-42.25,po4,0.9240303635597229
2025-09-16,-42.0,po4,0.895104169845581
2025-09-16,-41.75,po4,0.8664968013763428
2025-09-16,-41.5,po4,0.8435992002487183
2025-09-16,-41.25,po4,0.8180830478668213
2025-09-16,-41.0,po4,0.7896857857704163
2025-09-16,-40.75,po4,0.7687024474143982
2025-09-16,-40.5,po4,0.746247410774231
2025-09-16,-40.25,po4,0.7256326079368591
2025-09-16,-40.0,po4,0.7086894512176514
2025-09-16,-39.75,po4,0.6863690614700317
2025-09-16,-39.5,po4,0.6611364483833313
2025-09-16,-39.25,po4,0.641914427280426
2025-09-16,-39.0,po4,0.6251712441444397
2025-09-16,-38.75,po4,0.6095868945121765
2025-09-16,-38.5,po4,0.5931420922279358
2025-09-16,-38.25,po4,0.578366219997406
2025-09-16,-38.0,po4,0.5535706877708435
2025-09-16,-37.75,po4,0.5280794501304626
2025-09-16,-37.5,po4,0.5053455829620361
2025-09-16,-37.25,po4,0.48803675174713135
2025-09-16,-37.0,po4,0.4692271649837494
2025-09-16,-36.75,po4,0.4475491940975189
2025-09-16,-36.5,po4,0.42920398712158203
2025-09-16,-36.25,po4,0.413409948348999
2025-09-16,-36.0,po4,0.39701738953590393
2025-09-16,-35.75,po4,0.38339123129844666
2025-09-16,-35.5,po4,0.36841604113578796
2025-09-16,-35.25,po4,0.3554302752017975
2025-09-16,-35.0,po4,0.34309497475624084
2025-09-16,-34.75,po4,0.3337482511997223
2025-09-16,-34.5,po4,0.3214154839515686
2025-09-16,-34.25,po4,0.3122619092464447
2025-09-16,-34.0,po4,0.3051784336566925
2025-09-16,-33.75,po4,0.30031296610832214
2025-09-16,-33.5,po4,0.2912859320640564
2025-09-16,-33.25,po4,0.2803860604763031
2025-09-16,-33.0,po4,0.2725013494491577
2025-09-16,-32.75,po4,0.26463639736175537
2025-09-16,-32.5,po4,0.2566431164741516
2025-09-16,-32.25,po4,0.24628253281116486
2025-09-16,-32.0,po4,0.23633095622062683
2025-09-16,-31.75,po4,0.2277562916278839
2025-09-16,-31.5,po4,0.22222810983657837
2025-09-16,-31.25,po4,0.21193960309028625
2025-09-16,-31.0,po4,0.20046323537826538
2025-09-16,-30.75,po4,0.19117647409439087
2025-09-16,-30.5,po4,0.183808833360672
2025-09-16,-30.25,po4,0.17792029678821564
2025-09-16,-30.0,po4,0.1722622811794281
2025-09-16,-29.75,po4,0.166881263256073
2025-09-16,-29.5,po4,0.16009771823883057
2025-09-16,-29.25,po4,0.15457198023796082
2025-09-16,-29.0,po4,0.1475725620985031
2025-09-16,-28.75,po4,0.14209285378456116
2025-09-16,-28.5,po4,0.13483212888240814
2025-09-16,-28.25,po4,0.13163703680038452
2025-09-16,-28.0,po4,0.12491650134325027
2025-09-16,-27.75,po4,0.12363723665475845
2025-09-16,-27.5,po4,0.12316897511482239
2025-09-16,-27.25,po4,0.12175546586513519
2025-09-16,-27.0,po4,0.12025624513626099
2025-09-16,-26.75,po4,0.11893318593502045
2025-09-16,-26.5,po4,0.11738205701112747
2025-09-16,-26.25,po4,0.11748364567756653
2025-09-16,-26.0,po4,0.12070813030004501
2025-09-16,-25.75,po4,0.1232379674911499
2025-09-16,-25.5,po4,0.1240210011601448
2025-09-16,-25.25,po4,0.12574532628059387
2025-09-16,-25.0,po4,0.12884582579135895
2025-09-16,-24.75,po4,0.13351206481456757
2025-09-16,-24.5,po4,0.13986346125602722
2025-09-16,-24.25,po4,0.14608867466449738
2025-09-16,-24.0,po4,0.14956288039684296
2025-09-16,-23.75,po4,0.15244999527931213
2025-09-16,-23.5,po4,0.15361730754375458
2025-09-16,-23.25,po4,0.15450678765773773
2025-09-16,-23.0,po4,0.15741775929927826
2025-09-16,-22.75,po4,0.1635986566543579
2025-09-16,-22.5,po4,0.16541343927383423
2025-09-16,-22.25,po4,0.16711939871311188
2025-09-16,-22.0,po4,0.1692739725112915
2025-09-16,-21.75,po4,0.17310284078121185
2025-09-16,-21.5,po4,0.17884966731071472
2025-09-16,-21.25,po4,0.1823626607656479
2025-09-16,-21.0,po4,0.18678006529808044
2025-09-16,-20.75,po4,0.188200443983078
2025-09-16,-20.5,po4,0.1909715235233307
2025-09-16,-20.25,po4,0.19350773096084595
2025-09-16,-20.0,po4,0.19873014092445374
2025-09-16,-19.75,po4,0.2000778317451477
2025-09-16,-19.5,po4,0.20374652743339539
2025-09-16,-19.25,po4,0.20558759570121765
2025-09-16,-19.0,po4,0.20994845032691956
2025-09-16,-18.75,po4,0.21453912556171417
2025-09-16,-18.5,po4,0.21913032233715057
2025-09-16,-18.25,po4,0.2239755094051361
2025-09-16,-18.0,po4,0.2262369692325592
2025-09-16,-17.75,po4,0.22405590116977692
2025-09-16,-17.5,po4,0.2214587777853012
2025-09-16,-17.25,po4,0.21868394315242767
2025-09-16,-17.0,po4,0.21821796894073486
2025-09-16,-16.75,po4,0.22209492325782776
2025-09-16,-16.5,po4,0.22357311844825745
2025-09-16,-16.25,po4,0.2262217104434967
2025-09-16,-16.0,po4,0.2228778898715973
2025-09-16,-15.75,po4,0.2249889373779297
2025-09-16,-15.5,po4,0.2284461408853531
2025-09-16,-15.25,po4,0.23083826899528503
2025-09-16,-15.0,po4,0.22936473786830902
2025-09-16,-14.75,po4,0.22676829993724823
2025-09-16,-14.5,po4,0.22718015313148499
2025-09-16,-14.25,po4,0.2254520058631897
2025-09-16,-14.0,po4,0.22315233945846558
2025-09-16,-13.75,po4,0.2210465371608734
2025-09-16,-13.5,po4,0.22063025832176208
2025-09-16,-13.25,po4,0.21991951763629913
2025-09-16,-13.0,po4,0.21938841044902802
2025-09-16,-12.75,po4,0.22075067460536957
2025-09-16,-12.5,po4,0.22140860557556152
2025-09-16,-12.25,po4,0.22030755877494812
2025-09-16,-12.0,po4,0.22194302082061768
2025-09-16,-11.75,po4,0.2260635495185852
2025-09-16,-11.5,po4,0.22812092304229736
2025-09-16,-11.25,po4,0.229053795337677
2025-09-16,-11.0,po4,0.23324759304523468
2025-09-16,-10.75,po4,0.2380085438489914
2025-09-16,-10.5,po4,0.24176301062107086
2025-09-16,-10.25,po4,0.24874436855316162
2025-09-16,-10.0,po4,0.25479161739349365
2025-09-16,-9.75,po4,0.2592025101184845
2025-09-16,-9.5,po4,0.2650391459465027
2025-09-16,-9.25,po4,0.2693409025669098
2025-09-16,-9.0,po4,0.2770281732082367
2025-09-16,-8.75,po4,0.2880985736846924
2025-09-16,-8.5,po4,0.29298144578933716
2025-09-16,-8.25,po4,0.29719850420951843
2025-09-16,-8.0,po4,0.3015037477016449
2025-09-16,-7.75,po4,0.3106766939163208
2025-09-16,-7.5,po4,0.31427910923957825
2025-09-16,-7.25,po4,0.32058316469192505
2025-09-16,-7.0,po4,0.32580438256263733
2025-09-16,-6.75,po4,0.32444119453430176
2025-09-16,-6.5,po4,0.3272900879383087
2025-09-16,-6.25,po4,0.3296339809894562
2025-09-16,-6.0,po4,0.33444803953170776
2025-09-16,-5.75,po4,0.3400449752807617
2025-09-16,-5.5,po4,0.34592774510383606
2025-09-16,-5.25,po4,0.3507465124130249
2025-09-16,-5.0,po4,0.3539963364601135
2025-09-16,-4.75,po4,0.3581659495830536
2025-09-16,-4.5,po4,0.36280813813209534
2025-09-16,-4.25,po4,0.36585283279418945
2025-09-16,-4.0,po4,0.36854276061058044
2025-09-16,-3.75,po4,0.37317490577697754
2025-09-16,-3.5,po4,0.3776106536388397
2025-09-16,-3.25,po4,0.3822976350784302
2025-09-16,-3.0,po4,0.38372156023979187
2025-09-16,-2.75,po4,0.37737447023391724
2025-09-16,-2.5,po4,0.374644935131073
2025-09-16,-2.25,po4,0.37155625224113464
2025-09-16,-2.0,po4,0.3709716796875
2025-09-16,-1.75,po4,0.3727293908596039
2025-09-16,-1.5,po4,0.3679274916648865
2025-09-16,-1.25,po4,0.36649176478385925
2025-09-16,-1.0,po4,0.36396047472953796
2025-09-16,-0.75,po4,0.3583209812641144
2025-09-16,-0.5,po4,0.3515159487724304
2025-09-16,-0.25,po4,0.3466131091117859
2025-09-16,0.0,po4,0.3406499922275543
2025-09-16,0.25,po4,0.3342164158821106
2025-09-16,0.5,po4,0.3300057053565979
2025-09-16,0.75,po4,0.31995469331741333
2025-09-16,1.0,po4,0.30850642919540405
2025-09-16,1.25,po4,0.2954002916812897
2025-09-16,1.5,po4,0.2844754457473755
2025-09-16,1.75,po4,0.27250826358795166
2025-09-16,2.0,po4,0.26427116990089417
2025-09-16,2.25,po4,0.2577017545700073
2025-09-16,2.5,po4,0.25334039330482483
2025-09-16,2.75,po4,0.2495182752609253
2025-09-16,3.0,po4,0.24587497115135193
2025-09-16,3.25,po4,0.2431897521018982
2025-09-16,3.5,po4,0.24133539199829102
2025-09-16,3.75,po4,0.239815354347229
2025-09-16,4.0,po4,0.23817934095859528
2025-09-16,4.25,po4,0.23704640567302704
2025-09-16,4.5,po4,0.23706665635108948
2025-09-16,4.75,po4,0.23637321591377258
2025-09-16,5.0,po4,0.23396767675876617
2025-09-16,5.25,po4,0.22697237133979797
2025-09-16,5.5,po4,0.21819376945495605
2025-09-16,5.75,po4,0.2091716080904007
2025-09-16,6.0,po4,0.20068515837192535
2025-09-16,6.25,po4,0.19634553790092468
2025-09-16,6.5,po4,0.19424770772457123
2025-09-16,6.75,po4,0.1928926706314087
2025-09-16,7.0,po4,0.19232885539531708
2025-09-16,7.25,po4,0.19419609010219574
2025-09-16,7.5,po4,0.19553476572036743
2025-09-16,7.75,po4,0.19779561460018158
2025-09-16,8.0,po4,0.19910040497779846
2025-09-16,8.25,po4,0.1984497606754303
2025-09-16,8.5,po4,0.19748547673225403
2025-09-16,8.75,po4,0.1948062926530838
2025-09-16,9.0,po4,0.1934984028339386
2025-09-16,9.25,po4,0.19277435541152954
2025-09-16,9.5,po4,0.19013354182243347
2025-09-16,9.75,po4,0.18826991319656372
2025-09-16,10.0,po4,0.1859893798828125
2025-09-16,10.25,po4,0.1845041960477829
2025-09-16,10.5,po4,0.1832979917526245
2025-09-16,10.75,po4,0.17977669835090637
2025-09-16,11.0,po4,0.17649801075458527
2025-09-16,11.25,po4,0.17316383123397827
2025-09-16,11.5,po4,0.1691814512014389
2025-09-16,11.75,po4,0.1666175127029419
2025-09-16,12.0,po4,0.16575810313224792
2025-09-16,12.25,po4,0.16494856774806976
2025-09-16,12.5,po4,0.16271844506263733
2025-09-16,12.75,po4,0.16174888610839844
2025-09-16,13.0,po4,0.160967618227005
2025-09-16,13.25,po4,0.16056706011295319
2025-09-16,13.5,po4,0.16151063144207
2025-09-16,13.75,po4,0.16218547523021698
2025-09-16,14.0,po4,0.1607406586408615
2025-09-16,14.25,po4,0.15949904918670654
2025-09-16,14.5,po4,0.15845617651939392
2025-09-16,14.75,po4,0.15819920599460602
2025-09-16,15.0,po4,0.15799620747566223
2025-09-16,15.25,po4,0.15891723334789276
2025-09-16,15.5,po4,0.15825259685516357
2025-09-16,15.75,po4,0.1592133492231369
2025-09-16,16.0,po4,0.1591576337814331
2025-09-16,16.25,po4,0.160090833902359
2025-09-16,16.5,po4,0.1602254956960678
2025-09-16,16.75,po4,0.1591320037841797
2025-09-16,17.0,po4,0.15754394233226776
2025-09-16,17.25,po4,0.15644662082195282
2025-09-16,17.5,po4,0.15590673685073853
2025-09-16,17.75,po4,0.15701498091220856
2025-09-16,18.0,po4,0.15790563821792603
2025-09-16,18.25,po4,0.15854617953300476
2025-09-16,18.5,po4,0.16039365530014038
2025-09-16,18.75,po4,0.15626221895217896
2025-09-16,19.0,po4,0.1511521339416504
2025-09-16,19.25,po4,0.14373686909675598
2025-09-16,19.5,po4,0.1382395625114441
2025-09-16,19.75,po4,0.13253925740718842
2025-09-16,20.0,po4,0.12755391001701355
2025-09-16,20.25,po4,0.12325557321310043
2025-09-16,20.5,po4,0.11882694065570831
2025-09-16,20.75,po4,0.11652472615242004
2025-09-16,21.0,po4,0.11465924233198166
2025-09-16,21.25,po4,0.11195926368236542
2025-09-16,21.5,po4,0.10976850241422653
2025-09-16,21.75,po4,0.10890769213438034
2025-09-16,22.0,po4,0.10649093240499496
2025-09-16,22.25,po4,0.10461609065532684
2025-09-16,22.5,po4,0.10208189487457275
2025-09-16,22.75,po4,0.10082223266363144
2025-09-16,23.0,po4,0.09726911783218384
2025-09-16,23.25,po4,0.09520348906517029
2025-09-16,23.5,po4,0.09241880476474762
2025-09-16,23.75,po4,0.09010864049196243
2025-09-16,24.0,po4,0.0881417766213417
2025-09-16,24.25,po4,0.08428215980529785
2025-09-16,24.5,po4,0.08096255362033844
2025-09-16,24.75,po4,0.07467908412218094
2025-09-16,25.0,po4,0.0685543417930603
2025-09-16,25.25,po4,0.06403063982725143
2025-09-16,25.5,po4,0.06038391590118408
2025-09-16,25.75,po4,0.0585627518594265
2025-09-16,26.0,po4,0.0564364492893219
2025-09-16,26.25,po4,0.055434450507164
2025-09-16,26.5,po4,0.05343588441610336
2025-09-16,26.75,po4,0.05380009114742279
2025-09-16,27.0,po4,0.049910955131053925
2025-09-16,27.25,po4,0.046308062970638275
2025-09-16,27.5,po4,0.04255656152963638
2025-09-16,27.75,po4,0.04163321107625961
2025-09-16,28.0,po4,0.040802568197250366
2025-09-16,28.25,po4,0.03766026347875595
2025-09-16,28.5,po4,0.03620811924338341
2025-09-16,28.75,po4,0.036249205470085144
2025-09-16,29.0,po4,0.03462902829051018
2025-09-16,29.25,po4,0.03681559860706329
2025-09-16,29.5,po4,0.03850690647959709
2025-09-16,29.75,po4,0.038669273257255554
2025-09-16,30.0,po4,0.04248371720314026
2025-09-16,30.25,po4,0.044549424201250076
2025-09-16,30.5,po4,0.04626943916082382
2025-09-16,30.75,po4,0.04610428586602211
2025-09-16,31.0,po4,0.04552994295954704
2025-09-16,31.25,po4,0.04365963116288185
2025-09-16,31.5,po4,0.04010338336229324
2025-09-16,31.75,po4,0.03659963607788086
2025-09-16,32.0,po4,0.03769496828317642
2025-09-16,32.25,po4,0.03876280412077904
2025-09-16,32.5,po4,0.03960439935326576
2025-09-16,32.75,po4,0.04078403487801552
2025-09-16,33.0,po4,0.04161423072218895
2025-09-16,33.25,po4,0.04364585131406784
2025-09-16,33.5,po4,0.04600226506590843
2025-09-16,33.75,po4,0.047409702092409134
2025-09-16,34.0,po4,0.04864118620753288
2025-09-16,34.25,po4,0.04921652376651764
2025-09-16,34.5,po4,0.05375349149107933
2025-09-16,34.75,po4,0.05137849599123001
2025-09-16,35.0,po4,0.054663222283124924
2025-09-16,35.25,po4,0.05809803679585457
2025-09-16,35.5,po4,0.05763612315058708
2025-09-16,35.75,po4,0.056983690708875656
2025-09-16,36.0,po4,0.05749685317277908
2025-09-16,36.25,po4,0.05951903387904167
2025-09-16,36.5,po4,0.06203947588801384
2025-09-16,36.75,po4,0.06632385402917862
2025-09-16,37.0,po4,0.07078322768211365
2025-09-16,37.25,po4,0.07849076390266418
2025-09-16,37.5,po4,0.08138512820005417
2025-09-16,37.75,po4,0.07633491605520248
2025-09-16,38.0,po4,0.07203377783298492
2025-09-16,38.25,po4,0.07208260893821716
2025-09-16,38.5,po4,0.07480126619338989
2025-09-16,38.75,po4,0.07737275213003159
2025-09-16,39.0,po4,0.08273486793041229
2025-09-16,39.25,po4,0.089244544506073
2025-09-16,39.5,po4,0.09650404751300812
2025-09-16,39.75,po4,0.10661427676677704
2025-09-16,40.0,po4,0.11800345778465271
2025-09-16,40.25,po4,0.12673774361610413
2025-09-16,40.5,po4,0.1477988213300705
2025-09-16,40.75,po4,0.15403883159160614
2025-09-16,41.0,po4,0.17551691830158234
2025-09-16,41.25,po4,0.24269604682922363
2025-09-16,41.5,po4,0.28923463821411133
2025-09-16,41.75,po4,0.32365426421165466
2025-09-16,42.0,po4,0.3738899230957031
2025-09-16,42.25,po4,0.3945883512496948
2025-09-16,42.5,po4,0.4111160337924957
2025-09-16,42.75,po4,0.4210207462310791
2025-09-16,43.0,po4,0.4288524091243744
2025-09-16,43.25,po4,0.43764564394950867
2025-09-16,43.5,po4,0.4369320571422577
2025-09-16,43.75,po4,0.44234102964401245
2025-09-16,44.0,po4,0.44625481963157654
2025-09-16,44.25,po4,0.44981661438941956
2025-09-16,44.5,po4,0.43442487716674805
2025-09-16,44.75,po4,0.43326184153556824
2025-09-16,45.0,po4,0.4186728000640869
2025-09-16,45.25,po4,0.4207279086112976
2025-09-16,45.5,po4,0.4469568133354187
2025-09-16,45.75,po4,0.47555574774742126
2025-09-16,46.0,po4,0.4833099842071533
2025-09-16,46.25,po4,0.4867568016052246
2025-09-16,46.5,po4,0.49912920594215393
2025-09-16,46.75,po4,0.5129135847091675
2025-09-16,47.0,po4,0.5311073660850525
2025-09-16,47.25,po4,0.5444480776786804
2025-09-16,47.5,po4,0.5582609176635742
2025-09-16,47.75,po4,0.5766711235046387
2025-09-16,48.0,po4,0.5896371006965637
2025-09-16,48.25,po4,0.6018641591072083
2025-09-16,48.5,po4,0.6113746166229248
2025-09-16,48.75,po4,0.6027196645736694
2025-09-16,49.0,po4,0.6053283214569092
2025-09-16,49.25,po4,0.6133317947387695
2025-09-16,49.5,po4,0.6142399907112122
2025-09-16,49.75,po4,0.6153249144554138
2025-09-16,50.0,po4,0.6097322106361389
2025-09-16,50.25,po4,0.6191113591194153
2025-09-16,50.5,po4,0.6340320706367493
2025-09-16,50.75,po4,0.6418560147285461
2025-09-16,51.0,po4,0.6456994414329529
2025-09-16,51.25,po4,0.6318970322608948
2025-09-16,51.5,po4,0.6379644274711609
2025-09-16,51.75,po4,0.6499335765838623
2025-09-16,52.0,po4,0.6497065424919128
2025-09-16,52.25,po4,0.6396826505661011
2025-09-16,52.5,po4,0.6359671950340271
2025-09-16,52.75,po4,0.6376469135284424
2025-09-16,53.0,po4,0.6537829637527466
2025-09-16,53.25,po4,0.6399962306022644
2025-09-16,53.5,po4,0.6291675567626953
2025-09-16,53.75,po4,0.6136699318885803
2025-09-16,54.0,po4,0.6044634580612183
2025-09-16,54.25,po4,0.5821066498756409
2025-09-16,54.5,po4,0.5690072774887085
2025-09-16,54.75,po4,0.5684059858322144
2025-09-16,55.0,po4,0.561984121799469
2025-09-16,55.25,po4,0.5572463274002075
2025-09-16,55.5,po4,0.5689934492111206
2025-09-16,55.75,po4,0.5725551247596741
2025-09-16,56.0,po4,0.5634637475013733
2025-09-16,56.25,po4,0.5598174929618835
2025-09-16,56.5,po4,0.5603299140930176
2025-09-16,56.75,po4,0.5597572326660156
2025-09-16,57.0,po4,0.5586021542549133
2025-09-16,57.25,po4,0.5539516806602478
2025-09-16,57.5,po4,0.5556430816650391
2025-09-16,57.75,po4,0.5403720736503601
2025-09-16,58.0,po4,0.5276046991348267
2025-09-16,58.25,po4,0.5320416688919067
2025-09-16,58.5,po4,0.5298871994018555
2025-09-16,58.75,po4,0.5144961476325989
2025-09-16,59.0,po4,0.49107542634010315
2025-09-16,59.25,po4,0.47728583216667175
2025-09-16,59.5,po4,0.46870124340057373
2025-09-16,59.75,po4,0.4541737735271454
2025-09-16,60.0,po4,0.45140284299850464
2025-09-16,60.25,po4,0.45631515979766846
2025-09-16,60.5,po4,0.45213043689727783
2025-09-16,60.75,po4,0.44498538970947266
2025-09-16,61.0,po4,0.43327558040618896
2025-09-16,61.25,po4,0.42794308066368103
2025-09-16,61.5,po4,0.4164467453956604
2025-09-16,61.75,po4,0.40488240122795105
2025-09-16,62.0,po4,0.391562819480896
2025-09-16,62.25,po4,0.38224440813064575
2025-09-16,62.5,po4,0.3699679672718048
2025-09-16,62.75,po4,0.36754047870635986
2025-09-16,63.0,po4,0.3676457405090332
2025-09-16,63.25,po4,0.3563629388809204
2025-09-16,63.5,po4,0.3542531430721283
2025-09-16,63.75,po4,0.35347890853881836
2025-09-16,64.0,po4,0.3583100438117981
2025-09-16,64.25,po4,0.3682318925857544
2025-09-16,64.5,po4,0.3441532254219055
2025-09-16,64.75,po4,0.34087488055229187
2025-09-16,65.0,po4,0.32745927572250366
2025-09-16,65.25,po4,0.3212491571903229
2025-09-16,65.5,po4,0.3169146180152893
2025-09-16,65.75,po4,0.30776482820510864
2025-09-16,66.0,po4,0.3201279640197754
2025-09-16,66.25,po4,0.3295319676399231
2025-09-16,66.5,po4,0.3228602111339569
2025-09-16,66.75,po4,0.33210331201553345
2025-09-16,67.0,po4,0.3245292603969574
2025-09-16,67.25,po4,0.3307361900806427
2025-09-16,67.5,po4,0.3307415544986725
2025-09-16,67.75,po4,0.33459946513175964
2025-09-16,68.0,po4,0.3494664132595062
2025-09-16,68.25,po4,0.35831624269485474
2025-09-16,68.5,po4,0.3595093786716461
2025-09-16,68.75,po4,0.3405037522315979
2025-09-16,69.0,po4,0.3291706442832947
2025-09-16,69.25,po4,0.33897653222084045
2025-09-16,69.5,po4,0.33750292658805847
2025-09-16,69.75,po4,0.3436948359012604
2025-09-16,70.0,po4,0.3603105843067169
2025-09-16,70.25,po4,0.36709660291671753
2025-09-16,70.5,po4,0.3816666901111603
2025-09-16,70.75,po4,0.38589897751808167
2025-09-16,71.0,po4,0.3927835524082184
2025-09-16,71.25,po4,0.3981710970401764
2025-09-16,71.5,po4,0.4018538296222687
2025-09-16,71.75,po4,0.4055105745792389
2025-09-16,72.0,po4,0.4042818248271942
2025-09-16,72.25,po4,0.40083616971969604
2025-09-16,72.5,po4,0.398987352848053
2025-09-16,72.75,po4,0.39990198612213135
2025-09-16,73.0,po4,0.39279866218566895
2025-09-16,73.25,po4,0.39371421933174133
2025-09-16,73.5,po4,0.3932476341724396
2025-09-16,73.75,po4,0.3851834237575531
2025-09-16,74.0,po4,0.3848723769187927
2025-09-16,74.25,po4,0.3888143301010132
2025-09-16,74.5,po4,0.3924313187599182
2025-09-16,74.75,po4,0.3918604850769043
2025-09-16,75.0,po4,0.397673100233078
2025-09-16,75.25,po4,0.3952942192554474
2025-09-16,75.5,po4,0.40177789330482483
2025-09-16,75.75,po4,0.3971700966358185
2025-09-16,76.0,po4,0.39118605852127075
2025-09-16,76.25,po4,0.3881664276123047
2025-09-16,76.5,po4,0.39158210158348083
2025-09-16,76.75,po4,0.38780319690704346
2025-09-16,77.0,po4,0.39470571279525757
2025-09-16,77.25,po4,0.3915758430957794
2025-09-16,77.5,po4,0.3851752281188965
2025-09-16,77.75,po4,0.37726566195487976
2025-09-16,78.0,po4,0.3704065978527069
2025-09-16,78.25,po4,0.3688640594482422
2025-09-16,78.5,po4,0.36937201023101807
2025-09-16,78.75,po4,0.3772514760494232
2025-09-16,79.0,po4,0.3761650621891022
2025-09-16,79.25,po4,0.3789559006690979
2025-09-16,79.5,po4,0.3917413055896759
2025-09-16,79.75,po4,0.40025845170021057
2025-09-16,80.0,po4,0.4047057628631592
2025-09-16,80.25,po4,0.4011838436126709
2025-09-16,80.5,po4,0.3928980529308319
2025-09-16,80.75,po4,0.39236828684806824
2025-09-16,81.0,po4,0.3925114572048187
2025-09-16,81.25,po4,0.39872103929519653
2025-09-16,81.5,po4,0.4025968313217163
2025-09-16,81.75,po4,0.4137601852416992
2025-09-16,82.0,po4,0.42255446314811707
2025-09-16,82.25,po4,0.44337984919548035
2025-09-16,82.5,po4,0.46115201711654663
2025-09-16,82.75,po4,0.46863409876823425
2025-09-16,83.0,po4,0.4802025556564331
2025-09-16,83.25,po4,0.48768770694732666
2025-09-16,83.5,po4,0.4974891245365143
2025-09-16,83.75,po4,0.5061916708946228
2025-09-16,84.0,po4,0.5111960768699646
2025-09-16,84.25,po4,0.5195811986923218
2025-09-16,84.5,po4,0.5264924764633179
2025-09-16,84.75,po4,0.5411030054092407
2025-09-16,85.0,po4,0.5505496263504028
2025-09-16,85.25,po4,0.5579070448875427
2025-09-16,85.5,po4,0.5638975501060486
2025-09-16,85.75,po4,0.5668157935142517
2025-09-16,86.0,po4,0.5703272223472595
2025-09-16,86.25,po4,0.5759053230285645
2025-09-16,86.5,po4,0.5794709920883179
2025-09-16,86.75,po4,0.5820967555046082
2025-09-16,87.0,po4,0.5841502547264099
2025-09-16,87.25,po4,0.5871810913085938
2025-09-16,87.5,po4,0.5879994034767151
2025-09-16,87.75,po4,0.5891368985176086
2025-09-16,88.0,po4,0.595854640007019
2025-09-16,88.25,po4,0.5970723628997803
2025-09-16,88.5,po4,0.5906478762626648
2025-09-16,88.75,po4,0.5850971937179565
2025-09-16,89.0,po4,0.5784965753555298
2025-09-16,89.25,po4,0.5688870549201965
2025-09-16,89.5,po4,0.5582638382911682
2025-09-16,89.75,po4,0.554669976234436
2025-09-16,-76.75,si,73.79680633544922
2025-09-16,-76.5,si,74.53551483154297
2025-09-16,-76.25,si,75.09217834472656
2025-09-16,-76.0,si,76.33724975585938
2025-09-16,-75.75,si,76.48004913330078
2025-09-16,-75.5,si,78.60123443603516
2025-09-16,-75.25,si,78.47803497314453
2025-09-16,-75.0,si,79.13996887207031
2025-09-16,-74.75,si,77.23804473876953
2025-09-16,-74.5,si,77.32759857177734
2025-09-16,-74.25,si,76.6490249633789
2025-09-16,-74.0,si,75.76990509033203
2025-09-16,-73.75,si,73.99530792236328
2025-09-16,-73.5,si,72.96670532226562
2025-09-16,-73.25,si,72.64661407470703
2025-09-16,-73.0,si,71.97333526611328
2025-09-16,-72.75,si,72.64521789550781
2025-09-16,-72.5,si,72.14629364013672
2025-09-16,-72.25,si,73.28903198242188
2025-09-16,-72.0,si,75.7400131225586
2025-09-16,-71.75,si,75.54462432861328
2025-09-16,-71.5,si,76.25814819335938
2025-09-16,-71.25,si,77.28529357910156
2025-09-16,-71.0,si,79.5668716430664
2025-09-16,-70.75,si,80.61713409423828
2025-09-16,-70.5,si,81.09341430664062
2025-09-16,-70.25,si,82.3980712890625
2025-09-16,-70.0,si,83.8169937133789
2025-09-16,-69.75,si,84.91024017333984
2025-09-16,-69.5,si,85.27230072021484
2025-09-16,-69.25,si,85.53005981445312
2025-09-16,-69.0,si,85.69088745117188
2025-09-16,-68.75,si,86.11602783203125
2025-09-16,-68.5,si,86.09981536865234
2025-09-16,-68.25,si,86.19410705566406
2025-09-16,-68.0,si,86.13372802734375
2025-09-16,-67.75,si,86.08463287353516
2025-09-16,-67.5,si,86.19387817382812
2025-09-16,-67.25,si,86.19189453125
2025-09-16,-67.0,si,86.05844116210938
2025-09-16,-66.75,si,85.36621856689453
2025-09-16,-66.5,si,84.700439453125
2025-09-16,-66.25,si,83.94577026367188
2025-09-16,-66.0,si,83.52876281738281
2025-09-16,-65.75,si,83.47543334960938
2025-09-16,-65.5,si,83.17249298095703
2025-09-16,-65.25,si,82.77713012695312
2025-09-16,-65.0,si,82.0190200805664
2025-09-16,-64.75,si,81.36288452148438
2025-09-16,-64.5,si,80.3636703491211
2025-09-16,-64.25,si,79.34148406982422
2025-09-16,-64.0,si,78.38800048828125
2025-09-16,-63.75,si,77.49710083007812
2025-09-16,-63.5,si,76.71682739257812
2025-09-16,-63.25,si,75.98460388183594
2025-09-16,-63.0,si,75.10337829589844
2025-09-16,-62.75,si,74.16366577148438
2025-09-16,-62.5,si,73.04300689697266
2025-09-16,-62.25,si,71.9930419921875
2025-09-16,-62.0,si,70.77606201171875
2025-09-16,-61.75,si,69.14149475097656
2025-09-16,-61.5,si,67.60435485839844
2025-09-16,-61.25,si,66.25117492675781
2025-09-16,-61.0,si,64.98015594482422
2025-09-16,-60.75,si,63.51656723022461
2025-09-16,-60.5,si,62.06121826171875
2025-09-16,-60.25,si,60.67586898803711
2025-09-16,-60.0,si,59.47566604614258
2025-09-16,-59.75,si,58.09077835083008
2025-09-16,-59.5,si,56.560054779052734
2025-09-16,-59.25,si,55.12692642211914
2025-09-16,-59.0,si,53.50743865966797
2025-09-16,-58.75,si,51.83194351196289
2025-09-16,-58.5,si,50.231075286865234
2025-09-16,-58.25,si,48.90989685058594
2025-09-16,-58.0,si,47.79078674316406
2025-09-16,-57.75,si,46.74888229370117
2025-09-16,-57.5,si,45.57286834716797
2025-09-16,-57.25,si,44.276607513427734
2025-09-16,-57.0,si,43.060874938964844
2025-09-16,-56.75,si,41.8127555847168
2025-09-16,-56.5,si,40.493778228759766
2025-09-16,-56.25,si,39.48698806762695
2025-09-16,-56.0,si,38.536739349365234
2025-09-16,-55.75,si,37.49929428100586
2025-09-16,-55.5,si,36.33263397216797
2025-09-16,-55.25,si,35.6888542175293
2025-09-16,-55.0,si,34.93614959716797
2025-09-16,-54.75,si,34.34849548339844
2025-09-16,-54.5,si,33.71003723144531
2025-09-16,-54.25,si,33.16990280151367
2025-09-16,-54.0,si,32.587547302246094
2025-09-16,-53.75,si,31.85518455505371
2025-09-16,-53.5,si,30.986434936523438
2025-09-16,-53.25,si,30.217422485351562
2025-09-16,-53.0,si,29.403541564941406
2025-09-16,-52.75,si,28.66790008544922
2025-09-16,-52.5,si,28.135793685913086
2025-09-16,-52.25,si,27.679201126098633
2025-09-16,-52.0,si,27.160297393798828
2025-09-16,-51.75,si,26.6048526763916
2025-09-16,-51.5,si,25.894268035888672
2025-09-16,-51.25,si,25.230573654174805
2025-09-16,-51.0,si,24.63777732849121
2025-09-16,-50.75,si,24.01435089111328
2025-09-16,-50.5,si,23.534896850585938
2025-09-16,-50.25,si,22.95122528076172
2025-09-16,-50.0,si,22.47200584411621
2025-09-16,-49.75,si,21.915756225585938
2025-09-16,-49.5,si,21.173131942749023
2025-09-16,-49.25,si,20.409868240356445
2025-09-16,-49.0,si,19.917762756347656
2025-09-16,-48.75,si,19.24224281311035
2025-09-16,-48.5,si,18.650218963623047
2025-09-16,-48.25,si,18.21798324584961
2025-09-16,-48.0,si,17.738101959228516
2025-09-16,-47.75,si,17.297794342041016
2025-09-16,-47.5,si,16.8090763092041
2025-09-16,-47.25,si,16.277677536010742
2025-09-16,-47.0,si,15.72779369354248
2025-09-16,-46.75,si,15.161767959594727
2025-09-16,-46.5,si,14.733025550842285
2025-09-16,-46.25,si,14.222611427307129
2025-09-16,-46.0,si,13.859264373779297
2025-09-16,-45.75,si,13.450191497802734
2025-09-16,-45.5,si,13.147669792175293
2025-09-16,-45.25,si,12.688425064086914
2025-09-16,-45.0,si,12.202836036682129
2025-09-16,-44.75,si,11.611348152160645
2025-09-16,-44.5,si,10.996557235717773
2025-09-16,-44.25,si,10.584822654724121
2025-09-16,-44.0,si,10.110125541687012
2025-09-16,-43.75,si,9.712335586547852
2025-09-16,-43.5,si,9.350275039672852
2025-09-16,-43.25,si,9.025988578796387
2025-09-16,-43.0,si,8.707014083862305
2025-09-16,-42.75,si,8.306633949279785
2025-09-16,-42.5,si,7.911457538604736
2025-09-16,-42.25,si,7.5538763999938965
2025-09-16,-42.0,si,7.245798587799072
2025-09-16,-41.75,si,6.822152137756348
2025-09-16,-41.5,si,6.384021759033203
2025-09-16,-41.25,si,6.0450263023376465
2025-09-16,-41.0,si,5.716584205627441
2025-09-16,-40.75,si,5.454498767852783
2025-09-16,-40.5,si,5.193591117858887
2025-09-16,-40.25,si,4.973715305328369
2025-09-16,-40.0,si,4.795703411102295
2025-09-16,-39.75,si,4.570652484893799
2025-09-16,-39.5,si,4.361801624298096
2025-09-16,-39.25,si,4.221565246582031
2025-09-16,-39.0,si,4.086864471435547
2025-09-16,-38.75,si,3.8761258125305176
2025-09-16,-38.5,si,3.726076364517212
2025-09-16,-38.25,si,3.5996720790863037
2025-09-16,-38.0,si,3.4352900981903076
2025-09-16,-37.75,si,3.288196086883545
2025-09-16,-37.5,si,3.149170398712158
2025-09-16,-37.25,si,3.0425071716308594
2025-09-16,-37.0,si,2.946993589401245
2025-09-16,-36.75,si,2.8601462841033936
2025-09-16,-36.5,si,2.7221124172210693
2025-09-16,-36.25,si,2.6870968341827393
2025-09-16,-36.0,si,2.6164309978485107
2025-09-16,-35.75,si,2.5327937602996826
2025-09-16,-35.5,si,2.4245307445526123
2025-09-16,-35.25,si,2.3746278285980225
2025-09-16,-35.0,si,2.336916208267212
2025-09-16,-34.75,si,2.2067365646362305
2025-09-16,-34.5,si,2.117802381515503
2025-09-16,-34.25,si,2.0730185508728027
2025-09-16,-34.0,si,2.0429794788360596
2025-09-16,-33.75,si,1.99732506275177
2025-09-16,-33.5,si,1.953450083732605
2025-09-16,-33.25,si,1.9130167961120605
2025-09-16,-33.0,si,1.868829369544983
2025-09-16,-32.75,si,1.8426047563552856
2025-09-16,-32.5,si,1.8357149362564087
2025-09-16,-32.25,si,1.7942657470703125
2025-09-16,-32.0,si,1.7492830753326416
2025-09-16,-31.75,si,1.7030020952224731
2025-09-16,-31.5,si,1.6624152660369873
2025-09-16,-31.25,si,1.6355830430984497
2025-09-16,-31.0,si,1.599471926689148
2025-09-16,-30.75,si,1.5664427280426025
2025-09-16,-30.5,si,1.556382656097412
2025-09-16,-30.25,si,1.5296989679336548
2025-09-16,-30.0,si,1.5345700979232788
2025-09-16,-29.75,si,1.5584033727645874
2025-09-16,-29.5,si,1.5301107168197632
2025-09-16,-29.25,si,1.5480471849441528
2025-09-16,-29.0,si,1.525665044784546
2025-09-16,-28.75,si,1.5793160200119019
2025-09-16,-28.5,si,1.5147154331207275
2025-09-16,-28.25,si,1.599392294883728
2025-09-16,-28.0,si,1.4901944398880005
2025-09-16,-27.75,si,1.50373375415802
2025-09-16,-27.5,si,1.47908353805542
2025-09-16,-27.25,si,1.4671331644058228
2025-09-16,-27.0,si,1.486090064048767
2025-09-16,-26.75,si,1.5030040740966797
2025-09-16,-26.5,si,1.5078226327896118
2025-09-16,-26.25,si,1.4906247854232788
2025-09-16,-26.0,si,1.508446216583252
2025-09-16,-25.75,si,1.5244364738464355
2025-09-16,-25.5,si,1.5261021852493286
2025-09-16,-25.25,si,1.518578052520752
2025-09-16,-25.0,si,1.5129503011703491
2025-09-16,-24.75,si,1.4809316396713257
2025-09-16,-24.5,si,1.4702132940292358
2025-09-16,-24.25,si,1.4632267951965332
2025-09-16,-24.0,si,1.4473378658294678
2025-09-16,-23.75,si,1.4451183080673218
2025-09-16,-23.5,si,1.4313032627105713
2025-09-16,-23.25,si,1.4267514944076538
2025-09-16,-23.0,si,1.4222145080566406
2025-09-16,-22.75,si,1.4225425720214844
2025-09-16,-22.5,si,1.4048056602478027
2025-09-16,-22.25,si,1.4039146900177002
2025-09-16,-22.0,si,1.3931399583816528
2025-09-16,-21.75,si,1.380541205406189
2025-09-16,-21.5,si,1.3804798126220703
2025-09-16,-21.25,si,1.3733922243118286
2025-09-16,-21.0,si,1.3772300481796265
2025-09-16,-20.75,si,1.3871300220489502
2025-09-16,-20.5,si,1.3985154628753662
2025-09-16,-20.25,si,1.4092153310775757
2025-09-16,-20.0,si,1.414543628692627
2025-09-16,-19.75,si,1.4207338094711304
2025-09-16,-19.5,si,1.3968337774276733
2025-09-16,-19.25,si,1.3929132223129272
2025-09-16,-19.0,si,1.3944934606552124
2025-09-16,-18.75,si,1.3938854932785034
2025-09-16,-18.5,si,1.4009888172149658
2025-09-16,-18.25,si,1.4083147048950195
2025-09-16,-18.0,si,1.413967251777649
2025-09-16,-17.75,si,1.447669506072998
2025-09-16,-17.5,si,1.4747459888458252
2025-09-16,-17.25,si,1.5521657466888428
2025-09-16,-17.0,si,1.5539507865905762
2025-09-16,-16.75,si,1.5589483976364136
2025-09-16,-16.5,si,1.591752529144287
2025-09-16,-16.25,si,1.622685194015503
2025-09-16,-16.0,si,1.6126296520233154
2025-09-16,-15.75,si,1.6386374235153198
2025-09-16,-15.5,si,1.647788405418396
2025-09-16,-15.25,si,1.676553726196289
2025-09-16,-15.0,si,1.679148554801941
2025-09-16,-14.75,si,1.7293310165405273
2025-09-16,-14.5,si,1.7089977264404297
2025-09-16,-14.25,si,1.7190937995910645
2025-09-16,-14.0,si,1.7081882953643799
2025-09-16,-13.75,si,1.7197494506835938
2025-09-16,-13.5,si,1.7300492525100708
2025-09-16,-13.25,si,1.7032753229141235
2025-09-16,-13.0,si,1.706725001335144
2025-09-16,-12.75,si,1.7123318910598755
2025-09-16,-12.5,si,1.739590048789978
2025-09-16,-12.25,si,1.8110690116882324
2025-09-16,-12.0,si,1.848001480102539
2025-09-16,-11.75,si,1.8253247737884521
2025-09-16,-11.5,si,1.8075462579727173
2025-09-16,-11.25,si,1.82996666431427
2025-09-16,-11.0,si,1.8241784572601318
2025-09-16,-10.75,si,1.815716028213501
2025-09-16,-10.5,si,1.825738549232483
2025-09-16,-10.25,si,1.820833683013916
2025-09-16,-10.0,si,1.828750729560852
2025-09-16,-9.75,si,1.841557502746582
2025-09-16,-9.5,si,1.8616124391555786
2025-09-16,-9.25,si,1.8668957948684692
2025-09-16,-9.0,si,1.8840433359146118
2025-09-16,-8.75,si,1.8632268905639648
2025-09-16,-8.5,si,1.9372886419296265
2025-09-16,-8.25,si,2.059636116027832
2025-09-16,-8.0,si,2.1674716472625732
2025-09-16,-7.75,si,2.0503294467926025
2025-09-16,-7.5,si,2.213496685028076
2025-09-16,-7.25,si,2.2163259983062744
2025-09-16,-7.0,si,2.1914148330688477
2025-09-16,-6.75,si,2.2269253730773926
2025-09-16,-6.5,si,2.2180819511413574
2025-09-16,-6.25,si,2.226681709289551
2025-09-16,-6.0,si,2.3444228172302246
2025-09-16,-5.75,si,2.319042444229126
2025-09-16,-5.5,si,2.2965025901794434
2025-09-16,-5.25,si,2.2119054794311523
2025-09-16,-5.0,si,2.1479384899139404
2025-09-16,-4.75,si,2.1297202110290527
2025-09-16,-4.5,si,2.1557109355926514
2025-09-16,-4.25,si,2.2024636268615723
2025-09-16,-4.0,si,2.2438266277313232
2025-09-16,-3.75,si,2.319871425628662
2025-09-16,-3.5,si,2.423483371734619
2025-09-16,-3.25,si,2.465235710144043
2025-09-16,-3.0,si,2.3606033325195312
2025-09-16,-2.75,si,2.3763160705566406
2025-09-16,-2.5,si,2.429180383682251
2025-09-16,-2.25,si,2.473968505859375
2025-09-16,-2.0,si,2.4850809574127197
2025-09-16,-1.75,si,2.495569944381714
2025-09-16,-1.5,si,2.6080057621002197
2025-09-16,-1.25,si,2.6370296478271484
2025-09-16,-1.0,si,2.6473500728607178
2025-09-16,-0.75,si,2.745246410369873
2025-09-16,-0.5,si,2.7454288005828857
2025-09-16,-0.25,si,2.7003486156463623
2025-09-16,0.0,si,2.7102224826812744
2025-09-16,0.25,si,2.7209548950195312
2025-09-16,0.5,si,2.7509753704071045
2025-09-16,0.75,si,2.8094229698181152
2025-09-16,1.0,si,2.714789628982544
2025-09-16,1.25,si,2.895871162414551
2025-09-16,1.5,si,2.6813266277313232
2025-09-16,1.75,si,3.0351338386535645
2025-09-16,2.0,si,3.0466673374176025
2025-09-16,2.25,si,3.0836968421936035
2025-09-16,2.5,si,2.8939707279205322
2025-09-16,2.75,si,2.7616851329803467
2025-09-16,3.0,si,2.7946975231170654
2025-09-16,3.25,si,2.9105234146118164
2025-09-16,3.5,si,2.7637581825256348
2025-09-16,3.75,si,2.681283473968506
2025-09-16,4.0,si,2.6175618171691895
2025-09-16,4.25,si,2.59082293510437
2025-09-16,4.5,si,2.6140923500061035
2025-09-16,4.75,si,2.5362658500671387
2025-09-16,5.0,si,2.526378631591797
2025-09-16,5.25,si,2.5209431648254395
2025-09-16,5.5,si,2.5594961643218994
2025-09-16,5.75,si,2.610135078430176
2025-09-16,6.0,si,2.722041130065918
2025-09-16,6.25,si,2.6917834281921387
2025-09-16,6.5,si,2.6748783588409424
2025-09-16,6.75,si,2.686915397644043
2025-09-16,7.0,si,2.762133836746216
2025-09-16,7.25,si,2.7485806941986084
2025-09-16,7.5,si,2.7576215267181396
2025-09-16,7.75,si,2.748974084854126
2025-09-16,8.0,si,2.7462856769561768
2025-09-16,8.25,si,2.7536962032318115
2025-09-16,8.5,si,2.804678201675415
2025-09-16,8.75,si,2.8673410415649414
2025-09-16,9.0,si,2.936171054840088
2025-09-16,9.25,si,2.8689022064208984
2025-09-16,9.5,si,2.8625943660736084
2025-09-16,9.75,si,2.865510940551758
2025-09-16,10.0,si,2.9008915424346924
2025-09-16,10.25,si,2.9447884559631348
2025-09-16,10.5,si,2.668290853500366
2025-09-16,10.75,si,2.551833391189575
2025-09-16,11.0,si,2.4905803203582764
2025-09-16,11.25,si,2.5031025409698486
2025-09-16,11.5,si,2.5080132484436035
2025-09-16,11.75,si,2.4597105979919434
2025-09-16,12.0,si,2.4161229133605957
2025-09-16,12.25,si,2.4401462078094482
2025-09-16,12.5,si,2.503147840499878
2025-09-16,12.75,si,2.477748155593872
2025-09-16,13.0,si,2.502945899963379
2025-09-16,13.25,si,2.5882604122161865
2025-09-16,13.5,si,2.472235679626465
2025-09-16,13.75,si,2.524717330932617
2025-09-16,14.0,si,2.608553409576416
2025-09-16,14.25,si,2.6637988090515137
2025-09-16,14.5,si,2.704298496246338
2025-09-16,14.75,si,2.7087759971618652
2025-09-16,15.0,si,2.782304048538208
2025-09-16,15.25,si,2.841866970062256
2025-09-16,15.5,si,2.9959380626678467
2025-09-16,15.75,si,3.0106072425842285
2025-09-16,16.0,si,3.0459682941436768
2025-09-16,16.25,si,3.128758668899536
2025-09-16,16.5,si,3.3167641162872314
2025-09-16,16.75,si,3.4303221702575684
2025-09-16,17.0,si,3.528745174407959
2025-09-16,17.25,si,2.557539939880371
2025-09-16,17.5,si,2.571460485458374
2025-09-16,17.75,si,2.549010992050171
2025-09-16,18.0,si,2.5503556728363037
2025-09-16,18.25,si,2.6094484329223633
2025-09-16,18.5,si,2.6294775009155273
2025-09-16,18.75,si,2.661829710006714
2025-09-16,19.0,si,2.666748046875
2025-09-16,19.25,si,2.6024062633514404
2025-09-16,19.5,si,2.553697109222412
2025-09-16,19.75,si,2.5911664962768555
2025-09-16,20.0,si,2.5311591625213623
2025-09-16,20.25,si,2.5443637371063232
2025-09-16,20.5,si,2.523679733276367
2025-09-16,20.75,si,2.4743471145629883
2025-09-16,21.0,si,2.5298516750335693
2025-09-16,21.25,si,2.710108518600464
2025-09-16,21.5,si,2.725982189178467
2025-09-16,21.75,si,2.5861456394195557
2025-09-16,22.0,si,2.364675998687744
2025-09-16,22.25,si,2.2319090366363525
2025-09-16,22.5,si,2.202064037322998
2025-09-16,22.75,si,2.0019235610961914
2025-09-16,23.0,si,1.9736543893814087
2025-09-16,23.25,si,1.981277585029602
2025-09-16,23.5,si,1.9819817543029785
2025-09-16,23.75,si,1.9763901233673096
2025-09-16,24.0,si,1.9570964574813843
2025-09-16,24.25,si,1.9513307809829712
2025-09-16,24.5,si,1.963005781173706
2025-09-16,24.75,si,1.9525771141052246
2025-09-16,25.0,si,1.9757097959518433
2025-09-16,25.25,si,1.997814655303955
2025-09-16,25.5,si,2.0102007389068604
2025-09-16,25.75,si,2.01397705078125
2025-09-16,26.0,si,2.011195182800293
2025-09-16,26.25,si,2.0156874656677246
2025-09-16,26.5,si,2.0161538124084473
2025-09-16,26.75,si,2.003864288330078
2025-09-16,27.0,si,2.0043489933013916
2025-09-16,27.25,si,1.9868377447128296
2025-09-16,27.5,si,2.0065267086029053
2025-09-16,27.75,si,2.012803792953491
2025-09-16,28.0,si,2.0080716609954834
2025-09-16,28.25,si,2.019404411315918
2025-09-16,28.5,si,2.0976345539093018
2025-09-16,28.75,si,2.2213375568389893
2025-09-16,29.0,si,2.373941659927368
2025-09-16,29.25,si,2.4250829219818115
2025-09-16,29.5,si,2.4758641719818115
2025-09-16,29.75,si,2.3798577785491943
2025-09-16,30.0,si,2.3834588527679443
2025-09-16,30.25,si,2.5683133602142334
2025-09-16,30.5,si,2.0669031143188477
2025-09-16,30.75,si,1.9123347997665405
2025-09-16,31.0,si,1.9020782709121704
2025-09-16,31.25,si,1.9179506301879883
2025-09-16,31.5,si,1.896119475364685
2025-09-16,31.75,si,2.0241708755493164
2025-09-16,32.0,si,1.9992661476135254
2025-09-16,32.25,si,1.945626974105835
2025-09-16,32.5,si,2.0602293014526367
2025-09-16,32.75,si,2.0641868114471436
2025-09-16,33.0,si,2.0126278400421143
2025-09-16,33.25,si,2.0461513996124268
2025-09-16,33.5,si,2.1774251461029053
2025-09-16,33.75,si,2.470458507537842
2025-09-16,34.0,si,2.521376609802246
2025-09-16,34.25,si,2.364000082015991
2025-09-16,34.5,si,2.6014060974121094
2025-09-16,34.75,si,2.532517910003662
2025-09-16,35.0,si,2.347724676132202
2025-09-16,35.25,si,2.261530637741089
2025-09-16,35.5,si,2.3860888481140137
2025-09-16,35.75,si,2.445615291595459
2025-09-16,36.0,si,2.532414436340332
2025-09-16,36.25,si,2.481990098953247
2025-09-16,36.5,si,2.5150113105773926
2025-09-16,36.75,si,2.4211981296539307
2025-09-16,37.0,si,2.2867770195007324
2025-09-16,37.25,si,2.418874502182007
2025-09-16,37.5,si,2.5084142684936523
2025-09-16,37.75,si,2.511230945587158
2025-09-16,38.0,si,2.8490889072418213
2025-09-16,38.25,si,2.7996113300323486
2025-09-16,38.5,si,2.5533361434936523
2025-09-16,38.75,si,2.6734488010406494
2025-09-16,39.0,si,2.8010923862457275
2025-09-16,39.25,si,2.8544716835021973
2025-09-16,39.5,si,2.8668806552886963
2025-09-16,39.75,si,2.906698703765869
2025-09-16,40.0,si,2.84816837310791
2025-09-16,40.25,si,2.8770806789398193
2025-09-16,40.5,si,3.0332746505737305
2025-09-16,40.75,si,2.88651180267334
2025-09-16,41.0,si,2.870666980743408
2025-09-16,41.25,si,3.436537742614746
2025-09-16,41.5,si,3.4593300819396973
2025-09-16,41.75,si,3.6247358322143555
2025-09-16,42.0,si,3.948901414871216
2025-09-16,42.25,si,4.1057562828063965
2025-09-16,42.5,si,4.200393199920654
2025-09-16,42.75,si,4.303139686584473
2025-09-16,43.0,si,4.406461238861084
2025-09-16,43.25,si,4.526243209838867
2025-09-16,43.5,si,4.511945724487305
2025-09-16,43.75,si,4.59282922744751
2025-09-16,44.0,si,4.710500240325928
2025-09-16,44.25,si,5.040870189666748
2025-09-16,44.5,si,5.146841526031494
2025-09-16,44.75,si,5.186407089233398
2025-09-16,45.0,si,5.027121067047119
2025-09-16,45.25,si,5.161571025848389
2025-09-16,45.5,si,5.843235492706299
2025-09-16,45.75,si,6.266668319702148
2025-09-16,46.0,si,6.018985748291016
2025-09-16,46.25,si,5.865322113037109
2025-09-16,46.5,si,5.828047275543213
2025-09-16,46.75,si,5.925792694091797
2025-09-16,47.0,si,6.162367820739746
2025-09-16,47.25,si,6.37469482421875
2025-09-16,47.5,si,6.514801979064941
2025-09-16,47.75,si,6.754129409790039
2025-09-16,48.0,si,6.9855170249938965
2025-09-16,48.25,si,7.270547389984131
2025-09-16,48.5,si,7.306186676025391
2025-09-16,48.75,si,7.2206597328186035
2025-09-16,49.0,si,7.366318702697754
2025-09-16,49.25,si,7.647659778594971
2025-09-16,49.5,si,7.757175922393799
2025-09-16,49.75,si,8.01505184173584
2025-09-16,50.0,si,7.852874279022217
2025-09-16,50.25,si,7.392998218536377
2025-09-16,50.5,si,7.449760913848877
2025-09-16,50.75,si,8.523090362548828
2025-09-16,51.0,si,7.624878883361816
2025-09-16,51.25,si,7.758935928344727
2025-09-16,51.5,si,8.008838653564453
2025-09-16,51.75,si,8.372907638549805
2025-09-16,52.0,si,8.344221115112305
2025-09-16,52.25,si,8.448074340820312
2025-09-16,52.5,si,8.299410820007324
2025-09-16,52.75,si,8.492471694946289
2025-09-16,53.0,si,7.984513282775879
2025-09-16,53.25,si,8.013598442077637
2025-09-16,53.5,si,8.268805503845215
2025-09-16,53.75,si,8.202956199645996
2025-09-16,54.0,si,8.249327659606934
2025-09-16,54.25,si,8.457147598266602
2025-09-16,54.5,si,8.316282272338867
2025-09-16,54.75,si,8.448086738586426
2025-09-16,55.0,si,8.440078735351562
2025-09-16,55.25,si,8.0923490524292
2025-09-16,55.5,si,7.821547508239746
2025-09-16,55.75,si,7.71870231628418
2025-09-16,56.0,si,7.644167900085449
2025-09-16,56.25,si,7.251987457275391
2025-09-16,56.5,si,7.087404727935791
2025-09-16,56.75,si,7.053343772888184
2025-09-16,57.0,si,7.078127384185791
2025-09-16,57.25,si,7.100024223327637
2025-09-16,57.5,si,7.075024604797363
2025-09-16,57.75,si,7.205782890319824
2025-09-16,58.0,si,7.275583744049072
2025-09-16,58.25,si,7.08054256439209
2025-09-16,58.5,si,7.2346510887146
2025-09-16,58.75,si,6.7780632972717285
2025-09-16,59.0,si,6.360126495361328
2025-09-16,59.25,si,6.47299861907959
2025-09-16,59.5,si,6.910999774932861
2025-09-16,59.75,si,7.432724952697754
2025-09-16,60.0,si,7.5734052658081055
2025-09-16,60.25,si,7.412209510803223
2025-09-16,60.5,si,7.102170467376709
2025-09-16,60.75,si,6.932060241699219
2025-09-16,61.0,si,7.256431579589844
2025-09-16,61.25,si,7.127954483032227
2025-09-16,61.5,si,6.979286193847656
2025-09-16,61.75,si,6.821768760681152
2025-09-16,62.0,si,6.656927585601807
2025-09-16,62.25,si,6.805617809295654
2025-09-16,62.5,si,7.6313157081604
2025-09-16,62.75,si,6.294389247894287
2025-09-16,63.0,si,6.24609375
2025-09-16,63.25,si,7.129065990447998
2025-09-16,63.5,si,7.508758544921875
2025-09-16,63.75,si,7.327243328094482
2025-09-16,64.0,si,8.25709342956543
2025-09-16,64.25,si,8.51513957977295
2025-09-16,64.5,si,10.537848472595215
2025-09-16,64.75,si,9.679351806640625
2025-09-16,65.0,si,9.27718448638916
2025-09-16,65.25,si,9.372835159301758
2025-09-16,65.5,si,9.82667064666748
2025-09-16,65.75,si,7.995538711547852
2025-09-16,66.0,si,5.874557018280029
2025-09-16,66.25,si,7.016602516174316
2025-09-16,66.5,si,8.713655471801758
2025-09-16,66.75,si,7.634235858917236
2025-09-16,67.0,si,8.171231269836426
2025-09-16,67.25,si,6.873810291290283
2025-09-16,67.5,si,6.689507007598877
2025-09-16,67.75,si,6.47606897354126
2025-09-16,68.0,si,6.614760398864746
2025-09-16,68.25,si,7.825747966766357
2025-09-16,68.5,si,7.331658840179443
2025-09-16,68.75,si,7.9313201904296875
2025-09-16,69.0,si,9.636669158935547
2025-09-16,69.25,si,7.204312801361084
2025-09-16,69.5,si,8.92400074005127
2025-09-16,69.75,si,8.922346115112305
2025-09-16,70.0,si,8.8915376663208
2025-09-16,70.25,si,8.450392723083496
2025-09-16,70.5,si,8.06633472442627
2025-09-16,70.75,si,7.793625831604004
2025-09-16,71.0,si,8.415057182312012
2025-09-16,71.25,si,9.483713150024414
2025-09-16,71.5,si,9.872483253479004
2025-09-16,71.75,si,10.101000785827637
2025-09-16,72.0,si,10.830334663391113
2025-09-16,72.25,si,10.791984558105469
2025-09-16,72.5,si,11.065217018127441
2025-09-16,72.75,si,11.52094554901123
2025-09-16,73.0,si,12.290998458862305
2025-09-16,73.25,si,12.195246696472168
2025-09-16,73.5,si,12.597050666809082
2025-09-16,73.75,si,13.083816528320312
2025-09-16,74.0,si,12.660014152526855
2025-09-16,74.25,si,12.064772605895996
2025-09-16,74.5,si,11.392250061035156
2025-09-16,74.75,si,11.073490142822266
2025-09-16,75.0,si,10.42183780670166
2025-09-16,75.25,si,9.913101196289062
2025-09-16,75.5,si,9.424919128417969
2025-09-16,75.75,si,9.127776145935059
2025-09-16,76.0,si,9.152715682983398
2025-09-16,76.25,si,9.006855964660645
2025-09-16,76.5,si,9.016159057617188
2025-09-16,76.75,si,9.032635688781738
2025-09-16,77.0,si,8.873504638671875
2025-09-16,77.25,si,8.507550239562988
2025-09-16,77.5,si,8.18700122833252
2025-09-16,77.75,si,7.9832611083984375
2025-09-16,78.0,si,7.684553623199463
2025-09-16,78.25,si,7.462346076965332
2025-09-16,78.5,si,7.243542194366455
2025-09-16,78.75,si,7.258792877197266
2025-09-16,79.0,si,7.177802085876465
2025-09-16,79.25,si,7.074440002441406
2025-09-16,79.5,si,7.177331447601318
2025-09-16,79.75,si,7.216355800628662
2025-09-16,80.0,si,7.2715253829956055
2025-09-16,80.25,si,7.294928073883057
2025-09-16,80.5,si,7.184959411621094
2025-09-16,80.75,si,7.149143695831299
2025-09-16,81.0,si,6.978506565093994
2025-09-16,81.25,si,6.99898099899292
2025-09-16,81.5,si,7.021912097930908
2025-09-16,81.75,si,7.1309919357299805
2025-09-16,82.0,si,7.358511924743652
2025-09-16,82.25,si,7.765414237976074
2025-09-16,82.5,si,8.032964706420898
2025-09-16,82.75,si,8.208106994628906
2025-09-16,83.0,si,8.570826530456543
2025-09-16,83.25,si,8.806419372558594
2025-09-16,83.5,si,9.001602172851562
2025-09-16,83.75,si,9.211791038513184
2025-09-16,84.0,si,9.373733520507812
2025-09-16,84.25,si,9.562814712524414
2025-09-16,84.5,si,9.705278396606445
2025-09-16,84.75,si,9.91362190246582
2025-09-16,85.0,si,10.042295455932617
2025-09-16,85.25,si,10.149388313293457
2025-09-16,85.5,si,10.236353874206543
2025-09-16,85.75,si,10.267325401306152
2025-09-16,86.0,si,10.297807693481445
2025-09-16,86.25,si,10.360640525817871
2025-09-16,86.5,si,10.389716148376465
2025-09-16,86.75,si,10.409745216369629
2025-09-16,87.0,si,10.4459228515625
2025-09-16,87.25,si,10.5040283203125
2025-09-16,87.5,si,10.535481452941895
2025-09-16,87.75,si,10.55962085723877
2025-09-16,88.0,si,10.640939712524414
2025-09-16,88.25,si,10.654260635375977
2025-09-16,88.5,si,10.585684776306152
2025-09-16,88.75,si,10.53423023223877
2025-09-16,89.0,si,10.483296394348145
2025-09-16,89.25,si,10.398998260498047
2025-09-16,89.5,si,10.293950080871582
2025-09-16,89.75,si,10.262591361999512
