time,longitude,variable,mean_value
2025-09-16,-180.0,spco2,40.80463409423828
2025-09-16,-179.75,spco2,40.80402374267578
2025-09-16,-179.5,spco2,40.798946380615234
2025-09-16,-179.25,spco2,40.784149169921875
2025-09-16,-179.0,spco2,40.796810150146484
2025-09-16,-178.75,spco2,40.82521438598633
2025-09-16,-178.5,spco2,40.84199523925781
2025-09-16,-178.25,spco2,40.85492706298828
2025-09-16,-178.0,spco2,40.86426544189453
2025-09-16,-177.75,spco2,40.8698844909668
2025-09-16,-177.5,spco2,40.85837936401367
2025-09-16,-177.25,spco2,40.85292434692383
2025-09-16,-177.0,spco2,40.858543395996094
2025-09-16,-176.75,spco2,40.86970901489258
2025-09-16,-176.5,spco2,40.90299987792969
2025-09-16,-176.25,spco2,40.90654754638672
2025-09-16,-176.0,spco2,40.926273345947266
2025-09-16,-175.75,spco2,40.936180114746094
2025-09-16,-175.5,spco2,40.95379638671875
2025-09-16,-175.25,spco2,40.958641052246094
2025-09-16,-175.0,spco2,40.978675842285156
2025-09-16,-174.75,spco2,41.01808547973633
2025-09-16,-174.5,spco2,41.036380767822266
2025-09-16,-174.25,spco2,41.06393051147461
2025-09-16,-174.0,spco2,41.07528305053711
2025-09-16,-173.75,spco2,41.066993713378906
2025-09-16,-173.5,spco2,41.071197509765625
2025-09-16,-173.25,spco2,41.07763671875
2025-09-16,-173.0,spco2,41.08650588989258
2025-09-16,-172.75,spco2,41.0933837890625
2025-09-16,-172.5,spco2,41.10894012451172
2025-09-16,-172.25,spco2,41.129085540771484
2025-09-16,-172.0,spco2,41.161216735839844
2025-09-16,-171.75,spco2,41.17155838012695
2025-09-16,-171.5,spco2,41.1755256652832
2025-09-16,-171.25,spco2,41.1774787902832
2025-09-16,-171.0,spco2,41.17927551269531
2025-09-16,-170.75,spco2,41.16461944580078
2025-09-16,-170.5,spco2,41.149070739746094
2025-09-16,-170.25,spco2,41.137935638427734
2025-09-16,-170.0,spco2,41.13996124267578
2025-09-16,-169.75,spco2,41.15651321411133
2025-09-16,-169.5,spco2,41.177284240722656
2025-09-16,-169.25,spco2,41.20429611206055
2025-09-16,-169.0,spco2,41.22898483276367
2025-09-16,-168.75,spco2,41.25929260253906
2025-09-16,-168.5,spco2,41.27592849731445
2025-09-16,-168.25,spco2,41.29820251464844
2025-09-16,-168.0,spco2,41.31092834472656
2025-09-16,-167.75,spco2,41.321624755859375
2025-09-16,-167.5,spco2,41.33368682861328
2025-09-16,-167.25,spco2,41.3470458984375
2025-09-16,-167.0,spco2,41.3799934387207
2025-09-16,-166.75,spco2,41.41154098510742
2025-09-16,-166.5,spco2,41.42557907104492
2025-09-16,-166.25,spco2,41.426612854003906
2025-09-16,-166.0,spco2,41.42961120605469
2025-09-16,-165.75,spco2,41.425716400146484
2025-09-16,-165.5,spco2,41.423709869384766
2025-09-16,-165.25,spco2,41.438114166259766
2025-09-16,-165.0,spco2,41.4295654296875
2025-09-16,-164.75,spco2,41.413673400878906
2025-09-16,-164.5,spco2,41.404869079589844
2025-09-16,-164.25,spco2,41.38959503173828
2025-09-16,-164.0,spco2,41.40024948120117
2025-09-16,-163.75,spco2,41.405975341796875
2025-09-16,-163.5,spco2,41.41608428955078
2025-09-16,-163.25,spco2,41.42991256713867
2025-09-16,-163.0,spco2,41.43480682373047
2025-09-16,-162.75,spco2,41.434242248535156
2025-09-16,-162.5,spco2,41.44956970214844
2025-09-16,-162.25,spco2,41.44628143310547
2025-09-16,-162.0,spco2,41.417930603027344
2025-09-16,-161.75,spco2,41.3938102722168
2025-09-16,-161.5,spco2,41.3963508605957
2025-09-16,-161.25,spco2,41.41941452026367
2025-09-16,-161.0,spco2,41.43373107910156
2025-09-16,-160.75,spco2,41.45420455932617
2025-09-16,-160.5,spco2,41.46788024902344
2025-09-16,-160.25,spco2,41.4825553894043
2025-09-16,-160.0,spco2,41.49961471557617
2025-09-16,-159.75,spco2,41.531333923339844
2025-09-16,-159.5,spco2,41.54132080078125
2025-09-16,-159.25,spco2,41.549644470214844
2025-09-16,-159.0,spco2,41.56082534790039
2025-09-16,-158.75,spco2,41.60090255737305
2025-09-16,-158.5,spco2,41.6063117980957
2025-09-16,-158.25,spco2,41.58695983886719
2025-09-16,-158.0,spco2,41.580810546875
2025-09-16,-157.75,spco2,41.55018997192383
2025-09-16,-157.5,spco2,41.56142807006836
2025-09-16,-157.25,spco2,41.572662353515625
2025-09-16,-157.0,spco2,41.56904220581055
2025-09-16,-156.75,spco2,41.58097457885742
2025-09-16,-156.5,spco2,41.57944107055664
2025-09-16,-156.25,spco2,41.5746955871582
2025-09-16,-156.0,spco2,41.56589126586914
2025-09-16,-155.75,spco2,41.54978561401367
2025-09-16,-155.5,spco2,41.54574203491211
2025-09-16,-155.25,spco2,41.54054260253906
2025-09-16,-155.0,spco2,41.55548858642578
2025-09-16,-154.75,spco2,41.55645751953125
2025-09-16,-154.5,spco2,41.56765365600586
2025-09-16,-154.25,spco2,41.57749557495117
2025-09-16,-154.0,spco2,41.5748176574707
2025-09-16,-153.75,spco2,41.577571868896484
2025-09-16,-153.5,spco2,41.598236083984375
2025-09-16,-153.25,spco2,41.60886001586914
2025-09-16,-153.0,spco2,41.617794036865234
2025-09-16,-152.75,spco2,41.6451530456543
2025-09-16,-152.5,spco2,41.63825607299805
2025-09-16,-152.25,spco2,41.62731170654297
2025-09-16,-152.0,spco2,41.621395111083984
2025-09-16,-151.75,spco2,41.64434051513672
2025-09-16,-151.5,spco2,41.678199768066406
2025-09-16,-151.25,spco2,41.68724060058594
2025-09-16,-151.0,spco2,41.687198638916016
2025-09-16,-150.75,spco2,41.676815032958984
2025-09-16,-150.5,spco2,41.684139251708984
2025-09-16,-150.25,spco2,41.680419921875
2025-09-16,-150.0,spco2,41.67673873901367
2025-09-16,-149.75,spco2,41.64609146118164
2025-09-16,-149.5,spco2,41.63981246948242
2025-09-16,-149.25,spco2,41.63300323486328
2025-09-16,-149.0,spco2,41.618141174316406
2025-09-16,-148.75,spco2,41.61743927001953
2025-09-16,-148.5,spco2,41.620704650878906
2025-09-16,-148.25,spco2,41.612770080566406
2025-09-16,-148.0,spco2,41.616241455078125
2025-09-16,-147.75,spco2,41.63103103637695
2025-09-16,-147.5,spco2,41.66079330444336
2025-09-16,-147.25,spco2,41.67381286621094
2025-09-16,-147.0,spco2,41.68116760253906
2025-09-16,-146.75,spco2,41.70044708251953
2025-09-16,-146.5,spco2,41.701663970947266
2025-09-16,-146.25,spco2,41.71330642700195
2025-09-16,-146.0,spco2,41.7205924987793
2025-09-16,-145.75,spco2,41.727691650390625
2025-09-16,-145.5,spco2,41.730621337890625
2025-09-16,-145.25,spco2,41.73625183105469
2025-09-16,-145.0,spco2,41.76045608520508
2025-09-16,-144.75,spco2,41.7734375
2025-09-16,-144.5,spco2,41.76283264160156
2025-09-16,-144.25,spco2,41.7599983215332
2025-09-16,-144.0,spco2,41.76921844482422
2025-09-16,-143.75,spco2,41.78316116333008
2025-09-16,-143.5,spco2,41.792694091796875
2025-09-16,-143.25,spco2,41.81875991821289
2025-09-16,-143.0,spco2,41.838199615478516
2025-09-16,-142.75,spco2,41.847747802734375
2025-09-16,-142.5,spco2,41.86520767211914
2025-09-16,-142.25,spco2,41.87460708618164
2025-09-16,-142.0,spco2,41.86497116088867
2025-09-16,-141.75,spco2,41.84364318847656
2025-09-16,-141.5,spco2,41.85171127319336
2025-09-16,-141.25,spco2,41.820648193359375
2025-09-16,-141.0,spco2,41.82508087158203
2025-09-16,-140.75,spco2,41.82997131347656
2025-09-16,-140.5,spco2,41.82328796386719
2025-09-16,-140.25,spco2,41.826446533203125
2025-09-16,-140.0,spco2,41.856258392333984
2025-09-16,-139.75,spco2,41.84674835205078
2025-09-16,-139.5,spco2,41.84145736694336
2025-09-16,-139.25,spco2,41.83678436279297
2025-09-16,-139.0,spco2,41.826690673828125
2025-09-16,-138.75,spco2,41.820091247558594
2025-09-16,-138.5,spco2,41.81326675415039
2025-09-16,-138.25,spco2,41.83828353881836
2025-09-16,-138.0,spco2,41.85869216918945
2025-09-16,-137.75,spco2,41.89446258544922
2025-09-16,-137.5,spco2,41.93284225463867
2025-09-16,-137.25,spco2,41.96306228637695
2025-09-16,-137.0,spco2,41.99055099487305
2025-09-16,-136.75,spco2,42.01443099975586
2025-09-16,-136.5,spco2,42.0352897644043
2025-09-16,-136.25,spco2,42.050655364990234
2025-09-16,-136.0,spco2,42.083778381347656
2025-09-16,-135.75,spco2,42.07332992553711
2025-09-16,-135.5,spco2,42.07697677612305
2025-09-16,-135.25,spco2,42.112205505371094
2025-09-16,-135.0,spco2,42.18380355834961
2025-09-16,-134.75,spco2,42.30986785888672
2025-09-16,-134.5,spco2,42.32748031616211
2025-09-16,-134.25,spco2,42.14793395996094
2025-09-16,-134.0,spco2,42.40098571777344
2025-09-16,-133.75,spco2,42.344459533691406
2025-09-16,-133.5,spco2,42.409584045410156
2025-09-16,-133.25,spco2,42.36161804199219
2025-09-16,-133.0,spco2,42.32522201538086
2025-09-16,-132.75,spco2,42.082786560058594
2025-09-16,-132.5,spco2,42.06590270996094
2025-09-16,-132.25,spco2,42.06071472167969
2025-09-16,-132.0,spco2,42.05315017700195
2025-09-16,-131.75,spco2,42.037452697753906
2025-09-16,-131.5,spco2,42.04510498046875
2025-09-16,-131.25,spco2,42.04938507080078
2025-09-16,-131.0,spco2,42.050079345703125
2025-09-16,-130.75,spco2,42.0627326965332
2025-09-16,-130.5,spco2,42.05833053588867
2025-09-16,-130.25,spco2,41.997013092041016
2025-09-16,-130.0,spco2,41.97859191894531
2025-09-16,-129.75,spco2,41.960304260253906
2025-09-16,-129.5,spco2,41.95981979370117
2025-09-16,-129.25,spco2,41.91291427612305
2025-09-16,-129.0,spco2,41.851070404052734
2025-09-16,-128.75,spco2,41.810630798339844
2025-09-16,-128.5,spco2,41.822113037109375
2025-09-16,-128.25,spco2,41.780582427978516
2025-09-16,-128.0,spco2,41.79757308959961
2025-09-16,-127.75,spco2,41.763484954833984
2025-09-16,-127.5,spco2,41.74081039428711
2025-09-16,-127.25,spco2,41.73748016357422
2025-09-16,-127.0,spco2,41.76694107055664
2025-09-16,-126.75,spco2,41.804325103759766
2025-09-16,-126.5,spco2,41.698699951171875
2025-09-16,-126.25,spco2,41.66836929321289
2025-09-16,-126.0,spco2,41.63275146484375
2025-09-16,-125.75,spco2,41.61939239501953
2025-09-16,-125.5,spco2,41.617576599121094
2025-09-16,-125.25,spco2,41.79323959350586
2025-09-16,-125.0,spco2,41.940673828125
2025-09-16,-124.75,spco2,41.93937301635742
2025-09-16,-124.5,spco2,41.99761199951172
2025-09-16,-124.25,spco2,42.012054443359375
2025-09-16,-124.0,spco2,42.04140853881836
2025-09-16,-123.75,spco2,41.921241760253906
2025-09-16,-123.5,spco2,42.018985748291016
2025-09-16,-123.25,spco2,42.17292022705078
2025-09-16,-123.0,spco2,42.080421447753906
2025-09-16,-122.75,spco2,41.924617767333984
2025-09-16,-122.5,spco2,41.872440338134766
2025-09-16,-122.25,spco2,41.801795959472656
2025-09-16,-122.0,spco2,41.80696105957031
2025-09-16,-121.75,spco2,41.80803680419922
2025-09-16,-121.5,spco2,41.80535888671875
2025-09-16,-121.25,spco2,41.81515121459961
2025-09-16,-121.0,spco2,41.826725006103516
2025-09-16,-120.75,spco2,41.81525421142578
2025-09-16,-120.5,spco2,41.821258544921875
2025-09-16,-120.25,spco2,41.830448150634766
2025-09-16,-120.0,spco2,41.844749450683594
2025-09-16,-119.75,spco2,41.83796691894531
2025-09-16,-119.5,spco2,41.86145782470703
2025-09-16,-119.25,spco2,41.86245346069336
2025-09-16,-119.0,spco2,41.89040756225586
2025-09-16,-118.75,spco2,41.85616683959961
2025-09-16,-118.5,spco2,41.916744232177734
2025-09-16,-118.25,spco2,41.936397552490234
2025-09-16,-118.0,spco2,41.94461441040039
2025-09-16,-117.75,spco2,41.92926788330078
2025-09-16,-117.5,spco2,41.94326400756836
2025-09-16,-117.25,spco2,41.938392639160156
2025-09-16,-117.0,spco2,41.934715270996094
2025-09-16,-116.75,spco2,42.01870346069336
2025-09-16,-116.5,spco2,42.05912780761719
2025-09-16,-116.25,spco2,42.08795928955078
2025-09-16,-116.0,spco2,42.09052658081055
2025-09-16,-115.75,spco2,42.135353088378906
2025-09-16,-115.5,spco2,42.15366744995117
2025-09-16,-115.25,spco2,42.200233459472656
2025-09-16,-115.0,spco2,42.247074127197266
2025-09-16,-114.75,spco2,42.31629180908203
2025-09-16,-114.5,spco2,42.471927642822266
2025-09-16,-114.25,spco2,42.484458923339844
2025-09-16,-114.0,spco2,42.3914794921875
2025-09-16,-113.75,spco2,42.40597915649414
2025-09-16,-113.5,spco2,42.50639343261719
2025-09-16,-113.25,spco2,42.57990264892578
2025-09-16,-113.0,spco2,42.51231384277344
2025-09-16,-112.75,spco2,42.55121994018555
2025-09-16,-112.5,spco2,42.47700500488281
2025-09-16,-112.25,spco2,42.35041046142578
2025-09-16,-112.0,spco2,42.149444580078125
2025-09-16,-111.75,spco2,42.08313751220703
2025-09-16,-111.5,spco2,42.047210693359375
2025-09-16,-111.25,spco2,42.13518142700195
2025-09-16,-111.0,spco2,42.10884475708008
2025-09-16,-110.75,spco2,42.06427764892578
2025-09-16,-110.5,spco2,41.99143981933594
2025-09-16,-110.25,spco2,41.947349548339844
2025-09-16,-110.0,spco2,41.9830322265625
2025-09-16,-109.75,spco2,42.028533935546875
2025-09-16,-109.5,spco2,42.13780212402344
2025-09-16,-109.25,spco2,42.01912307739258
2025-09-16,-109.0,spco2,41.999752044677734
2025-09-16,-108.75,spco2,41.98514938354492
2025-09-16,-108.5,spco2,41.84962463378906
2025-09-16,-108.25,spco2,41.776939392089844
2025-09-16,-108.0,spco2,41.69939041137695
2025-09-16,-107.75,spco2,41.70406723022461
2025-09-16,-107.5,spco2,41.627193450927734
2025-09-16,-107.25,spco2,41.58684539794922
2025-09-16,-107.0,spco2,41.52583694458008
2025-09-16,-106.75,spco2,41.44074249267578
2025-09-16,-106.5,spco2,41.38404083251953
2025-09-16,-106.25,spco2,41.264705657958984
2025-09-16,-106.0,spco2,41.12184143066406
2025-09-16,-105.75,spco2,40.97806930541992
2025-09-16,-105.5,spco2,40.86601257324219
2025-09-16,-105.25,spco2,40.817623138427734
2025-09-16,-105.0,spco2,40.782066345214844
2025-09-16,-104.75,spco2,40.802886962890625
2025-09-16,-104.5,spco2,40.701332092285156
2025-09-16,-104.25,spco2,40.70132827758789
2025-09-16,-104.0,spco2,40.64743423461914
2025-09-16,-103.75,spco2,40.59735870361328
2025-09-16,-103.5,spco2,40.54927062988281
2025-09-16,-103.25,spco2,40.51611328125
2025-09-16,-103.0,spco2,40.488525390625
2025-09-16,-102.75,spco2,40.46066665649414
2025-09-16,-102.5,spco2,40.46490478515625
2025-09-16,-102.25,spco2,40.525630950927734
2025-09-16,-102.0,spco2,40.55045700073242
2025-09-16,-101.75,spco2,40.60226821899414
2025-09-16,-101.5,spco2,40.591251373291016
2025-09-16,-101.25,spco2,40.55266571044922
2025-09-16,-101.0,spco2,40.531681060791016
2025-09-16,-100.75,spco2,40.494266510009766
2025-09-16,-100.5,spco2,40.498355865478516
2025-09-16,-100.25,spco2,40.515193939208984
2025-09-16,-100.0,spco2,40.517494201660156
2025-09-16,-99.75,spco2,40.514434814453125
2025-09-16,-99.5,spco2,40.51334762573242
2025-09-16,-99.25,spco2,40.49147415161133
2025-09-16,-99.0,spco2,40.527225494384766
2025-09-16,-98.75,spco2,40.502838134765625
2025-09-16,-98.5,spco2,40.49603271484375
2025-09-16,-98.25,spco2,40.4252815246582
2025-09-16,-98.0,spco2,40.40470886230469
2025-09-16,-97.75,spco2,40.32707214355469
2025-09-16,-97.5,spco2,40.44797897338867
2025-09-16,-97.25,spco2,40.52324676513672
2025-09-16,-97.0,spco2,40.594120025634766
2025-09-16,-96.75,spco2,40.64310836791992
2025-09-16,-96.5,spco2,40.610435485839844
2025-09-16,-96.25,spco2,40.6131477355957
2025-09-16,-96.0,spco2,40.681095123291016
2025-09-16,-95.75,spco2,40.75223159790039
2025-09-16,-95.5,spco2,40.8150520324707
2025-09-16,-95.25,spco2,40.93587875366211
2025-09-16,-95.0,spco2,41.03952407836914
2025-09-16,-94.75,spco2,41.15705490112305
2025-09-16,-94.5,spco2,41.31650924682617
2025-09-16,-94.25,spco2,41.31245803833008
2025-09-16,-94.0,spco2,41.3064079284668
2025-09-16,-93.75,spco2,41.30860137939453
2025-09-16,-93.5,spco2,41.18888854980469
2025-09-16,-93.25,spco2,41.186424255371094
2025-09-16,-93.0,spco2,41.17641067504883
2025-09-16,-92.75,spco2,41.11678695678711
2025-09-16,-92.5,spco2,41.10724639892578
2025-09-16,-92.25,spco2,41.309967041015625
2025-09-16,-92.0,spco2,41.25313949584961
2025-09-16,-91.75,spco2,41.21635055541992
2025-09-16,-91.5,spco2,41.30660629272461
2025-09-16,-91.25,spco2,41.28548049926758
2025-09-16,-91.0,spco2,41.3127555847168
2025-09-16,-90.75,spco2,41.352230072021484
2025-09-16,-90.5,spco2,41.34641647338867
2025-09-16,-90.25,spco2,41.19452667236328
2025-09-16,-90.0,spco2,41.20842742919922
2025-09-16,-89.75,spco2,41.27967071533203
2025-09-16,-89.5,spco2,41.34878921508789
2025-09-16,-89.25,spco2,41.480831146240234
2025-09-16,-89.0,spco2,41.45529556274414
2025-09-16,-88.75,spco2,41.55420684814453
2025-09-16,-88.5,spco2,41.6288948059082
2025-09-16,-88.25,spco2,41.61386489868164
2025-09-16,-88.0,spco2,41.670448303222656
2025-09-16,-87.75,spco2,41.649024963378906
2025-09-16,-87.5,spco2,41.72550964355469
2025-09-16,-87.25,spco2,41.69405746459961
2025-09-16,-87.0,spco2,41.69388198852539
2025-09-16,-86.75,spco2,41.60375213623047
2025-09-16,-86.5,spco2,41.44612503051758
2025-09-16,-86.25,spco2,41.332252502441406
2025-09-16,-86.0,spco2,41.20485305786133
2025-09-16,-85.75,spco2,41.20191192626953
2025-09-16,-85.5,spco2,41.17597198486328
2025-09-16,-85.25,spco2,41.22088623046875
2025-09-16,-85.0,spco2,41.229400634765625
2025-09-16,-84.75,spco2,41.26408386230469
2025-09-16,-84.5,spco2,41.300777435302734
2025-09-16,-84.25,spco2,41.391597747802734
2025-09-16,-84.0,spco2,41.41777801513672
2025-09-16,-83.75,spco2,41.48153305053711
2025-09-16,-83.5,spco2,41.53688430786133
2025-09-16,-83.25,spco2,41.598453521728516
2025-09-16,-83.0,spco2,41.5956916809082
2025-09-16,-82.75,spco2,41.595123291015625
2025-09-16,-82.5,spco2,41.56191635131836
2025-09-16,-82.25,spco2,41.66518020629883
2025-09-16,-82.0,spco2,41.70315933227539
2025-09-16,-81.75,spco2,41.80753707885742
2025-09-16,-81.5,spco2,41.799468994140625
2025-09-16,-81.25,spco2,41.674434661865234
2025-09-16,-81.0,spco2,41.54982376098633
2025-09-16,-80.75,spco2,41.53815841674805
2025-09-16,-80.5,spco2,41.56758117675781
2025-09-16,-80.25,spco2,41.60042190551758
2025-09-16,-80.0,spco2,41.69961929321289
2025-09-16,-79.75,spco2,41.705413818359375
2025-09-16,-79.5,spco2,41.64152145385742
2025-09-16,-79.25,spco2,41.553531646728516
2025-09-16,-79.0,spco2,41.6223258972168
2025-09-16,-78.75,spco2,41.51203536987305
2025-09-16,-78.5,spco2,41.486690521240234
2025-09-16,-78.25,spco2,41.443939208984375
2025-09-16,-78.0,spco2,41.328407287597656
2025-09-16,-77.75,spco2,41.30975341796875
2025-09-16,-77.5,spco2,41.21259689331055
2025-09-16,-77.25,spco2,41.505836486816406
2025-09-16,-77.0,spco2,41.35628890991211
2025-09-16,-76.75,spco2,41.36656188964844
2025-09-16,-76.5,spco2,41.32157897949219
2025-09-16,-76.25,spco2,40.91748046875
2025-09-16,-76.0,spco2,40.70581817626953
2025-09-16,-75.75,spco2,40.5070915222168
2025-09-16,-75.5,spco2,40.4205207824707
2025-09-16,-75.25,spco2,40.32331085205078
2025-09-16,-75.0,spco2,40.14888000488281
2025-09-16,-74.75,spco2,40.24717712402344
2025-09-16,-74.5,spco2,40.431278228759766
2025-09-16,-74.25,spco2,40.53316879272461
2025-09-16,-74.0,spco2,40.61410903930664
2025-09-16,-73.75,spco2,40.72874069213867
2025-09-16,-73.5,spco2,40.77704620361328
2025-09-16,-73.25,spco2,40.79471969604492
2025-09-16,-73.0,spco2,41.01472473144531
2025-09-16,-72.75,spco2,41.23494338989258
2025-09-16,-72.5,spco2,41.40038299560547
2025-09-16,-72.25,spco2,41.695396423339844
2025-09-16,-72.0,spco2,41.9411735534668
2025-09-16,-71.75,spco2,42.058475494384766
2025-09-16,-71.5,spco2,41.26816177368164
2025-09-16,-71.25,spco2,40.85428237915039
2025-09-16,-71.0,spco2,41.257171630859375
2025-09-16,-70.75,spco2,41.7242431640625
2025-09-16,-70.5,spco2,41.08028030395508
2025-09-16,-70.25,spco2,40.69324493408203
2025-09-16,-70.0,spco2,40.14420700073242
2025-09-16,-69.75,spco2,40.24312973022461
2025-09-16,-69.5,spco2,40.160160064697266
2025-09-16,-69.25,spco2,40.29446792602539
2025-09-16,-69.0,spco2,40.28635787963867
2025-09-16,-68.75,spco2,40.136253356933594
2025-09-16,-68.5,spco2,40.10930252075195
2025-09-16,-68.25,spco2,40.68605422973633
2025-09-16,-68.0,spco2,40.343441009521484
2025-09-16,-67.75,spco2,40.4328727722168
2025-09-16,-67.5,spco2,40.24150466918945
2025-09-16,-67.25,spco2,40.255828857421875
2025-09-16,-67.0,spco2,40.336585998535156
2025-09-16,-66.75,spco2,40.332763671875
2025-09-16,-66.5,spco2,40.30268859863281
2025-09-16,-66.25,spco2,40.298282623291016
2025-09-16,-66.0,spco2,40.306583404541016
2025-09-16,-65.75,spco2,40.28666305541992
2025-09-16,-65.5,spco2,40.215274810791016
2025-09-16,-65.25,spco2,40.262969970703125
2025-09-16,-65.0,spco2,40.26771926879883
2025-09-16,-64.75,spco2,40.36967468261719
2025-09-16,-64.5,spco2,40.41161346435547
2025-09-16,-64.25,spco2,40.4965705871582
2025-09-16,-64.0,spco2,40.53567123413086
2025-09-16,-63.75,spco2,40.55373001098633
2025-09-16,-63.5,spco2,40.54146957397461
2025-09-16,-63.25,spco2,40.54148483276367
2025-09-16,-63.0,spco2,40.51676940917969
2025-09-16,-62.75,spco2,40.53762435913086
2025-09-16,-62.5,spco2,40.99928665161133
2025-09-16,-62.25,spco2,40.95927429199219
2025-09-16,-62.0,spco2,40.769134521484375
2025-09-16,-61.75,spco2,40.73779296875
2025-09-16,-61.5,spco2,40.687599182128906
2025-09-16,-61.25,spco2,40.42658233642578
2025-09-16,-61.0,spco2,40.31905746459961
2025-09-16,-60.75,spco2,40.324371337890625
2025-09-16,-60.5,spco2,40.14377975463867
2025-09-16,-60.25,spco2,40.06310272216797
2025-09-16,-60.0,spco2,40.04670333862305
2025-09-16,-59.75,spco2,40.03734588623047
2025-09-16,-59.5,spco2,40.08063507080078
2025-09-16,-59.25,spco2,40.07469177246094
2025-09-16,-59.0,spco2,40.135982513427734
2025-09-16,-58.75,spco2,40.2170524597168
2025-09-16,-58.5,spco2,40.213619232177734
2025-09-16,-58.25,spco2,40.14958190917969
2025-09-16,-58.0,spco2,40.180320739746094
2025-09-16,-57.75,spco2,40.26222229003906
2025-09-16,-57.5,spco2,40.38672637939453
2025-09-16,-57.25,spco2,40.51030349731445
2025-09-16,-57.0,spco2,40.58367919921875
2025-09-16,-56.75,spco2,40.54060363769531
2025-09-16,-56.5,spco2,40.551387786865234
2025-09-16,-56.25,spco2,40.4977912902832
2025-09-16,-56.0,spco2,40.42665100097656
2025-09-16,-55.75,spco2,40.46449279785156
2025-09-16,-55.5,spco2,40.36980438232422
2025-09-16,-55.25,spco2,40.337284088134766
2025-09-16,-55.0,spco2,40.333106994628906
2025-09-16,-54.75,spco2,40.386817932128906
2025-09-16,-54.5,spco2,40.460670471191406
2025-09-16,-54.25,spco2,40.50709915161133
2025-09-16,-54.0,spco2,40.533905029296875
2025-09-16,-53.75,spco2,40.652408599853516
2025-09-16,-53.5,spco2,40.709136962890625
2025-09-16,-53.25,spco2,40.73346710205078
2025-09-16,-53.0,spco2,40.77172088623047
2025-09-16,-52.75,spco2,40.85617446899414
2025-09-16,-52.5,spco2,40.881099700927734
2025-09-16,-52.25,spco2,40.83302307128906
2025-09-16,-52.0,spco2,40.81864929199219
2025-09-16,-51.75,spco2,40.822608947753906
2025-09-16,-51.5,spco2,40.83195877075195
2025-09-16,-51.25,spco2,40.934349060058594
2025-09-16,-51.0,spco2,41.08555221557617
2025-09-16,-50.75,spco2,41.19312286376953
2025-09-16,-50.5,spco2,41.217079162597656
2025-09-16,-50.25,spco2,41.477447509765625
2025-09-16,-50.0,spco2,41.390438079833984
2025-09-16,-49.75,spco2,41.2715950012207
2025-09-16,-49.5,spco2,41.20374298095703
2025-09-16,-49.25,spco2,41.21459197998047
2025-09-16,-49.0,spco2,41.223323822021484
2025-09-16,-48.75,spco2,41.18739700317383
2025-09-16,-48.5,spco2,41.08195114135742
2025-09-16,-48.25,spco2,41.10979080200195
2025-09-16,-48.0,spco2,41.11626052856445
2025-09-16,-47.75,spco2,41.154293060302734
2025-09-16,-47.5,spco2,41.21210479736328
2025-09-16,-47.25,spco2,41.273902893066406
2025-09-16,-47.0,spco2,41.29612731933594
2025-09-16,-46.75,spco2,41.351139068603516
2025-09-16,-46.5,spco2,41.34697341918945
2025-09-16,-46.25,spco2,41.3336296081543
2025-09-16,-46.0,spco2,41.30990219116211
2025-09-16,-45.75,spco2,41.32649230957031
2025-09-16,-45.5,spco2,41.33783721923828
2025-09-16,-45.25,spco2,41.3538932800293
2025-09-16,-45.0,spco2,41.39521408081055
2025-09-16,-44.75,spco2,41.4698371887207
2025-09-16,-44.5,spco2,41.454795837402344
2025-09-16,-44.25,spco2,41.45771789550781
2025-09-16,-44.0,spco2,41.438560485839844
2025-09-16,-43.75,spco2,41.43653106689453
2025-09-16,-43.5,spco2,41.44132995605469
2025-09-16,-43.25,spco2,41.44072723388672
2025-09-16,-43.0,spco2,41.42597579956055
2025-09-16,-42.75,spco2,41.43201446533203
2025-09-16,-42.5,spco2,41.44145202636719
2025-09-16,-42.25,spco2,41.40161895751953
2025-09-16,-42.0,spco2,41.43219757080078
2025-09-16,-41.75,spco2,41.44762420654297
2025-09-16,-41.5,spco2,41.46638488769531
2025-09-16,-41.25,spco2,41.493473052978516
2025-09-16,-41.0,spco2,41.517269134521484
2025-09-16,-40.75,spco2,41.47565841674805
2025-09-16,-40.5,spco2,41.46131134033203
2025-09-16,-40.25,spco2,41.471839904785156
2025-09-16,-40.0,spco2,41.49388122558594
2025-09-16,-39.75,spco2,41.50981903076172
2025-09-16,-39.5,spco2,41.48430633544922
2025-09-16,-39.25,spco2,41.47043228149414
2025-09-16,-39.0,spco2,41.43442153930664
2025-09-16,-38.75,spco2,41.40272903442383
2025-09-16,-38.5,spco2,41.39997863769531
2025-09-16,-38.25,spco2,41.40073776245117
2025-09-16,-38.0,spco2,41.379058837890625
2025-09-16,-37.75,spco2,41.3780403137207
2025-09-16,-37.5,spco2,41.357627868652344
2025-09-16,-37.25,spco2,41.37483215332031
2025-09-16,-37.0,spco2,41.362632751464844
2025-09-16,-36.75,spco2,41.35943603515625
2025-09-16,-36.5,spco2,41.348114013671875
2025-09-16,-36.25,spco2,41.354129791259766
2025-09-16,-36.0,spco2,41.346473693847656
2025-09-16,-35.75,spco2,41.34671401977539
2025-09-16,-35.5,spco2,41.363582611083984
2025-09-16,-35.25,spco2,41.38642883300781
2025-09-16,-35.0,spco2,41.408180236816406
2025-09-16,-34.75,spco2,41.42231369018555
2025-09-16,-34.5,spco2,41.40666961669922
2025-09-16,-34.25,spco2,41.40700149536133
2025-09-16,-34.0,spco2,41.36487579345703
2025-09-16,-33.75,spco2,41.33715057373047
2025-09-16,-33.5,spco2,41.31310272216797
2025-09-16,-33.25,spco2,41.28943634033203
2025-09-16,-33.0,spco2,41.270957946777344
2025-09-16,-32.75,spco2,41.27081298828125
2025-09-16,-32.5,spco2,41.28232192993164
2025-09-16,-32.25,spco2,41.28998947143555
2025-09-16,-32.0,spco2,41.289432525634766
2025-09-16,-31.75,spco2,41.286895751953125
2025-09-16,-31.5,spco2,41.291969299316406
2025-09-16,-31.25,spco2,41.29240417480469
2025-09-16,-31.0,spco2,41.29509353637695
2025-09-16,-30.75,spco2,41.30083465576172
2025-09-16,-30.5,spco2,41.294403076171875
2025-09-16,-30.25,spco2,41.304962158203125
2025-09-16,-30.0,spco2,41.29853820800781
2025-09-16,-29.75,spco2,41.270076751708984
2025-09-16,-29.5,spco2,41.25345993041992
2025-09-16,-29.25,spco2,41.24592590332031
2025-09-16,-29.0,spco2,41.25087356567383
2025-09-16,-28.75,spco2,41.2459602355957
2025-09-16,-28.5,spco2,41.240440368652344
2025-09-16,-28.25,spco2,41.23656463623047
2025-09-16,-28.0,spco2,41.23014450073242
2025-09-16,-27.75,spco2,41.22406768798828
2025-09-16,-27.5,spco2,41.21142578125
2025-09-16,-27.25,spco2,41.213409423828125
2025-09-16,-27.0,spco2,41.21535110473633
2025-09-16,-26.75,spco2,41.2240104675293
2025-09-16,-26.5,spco2,41.21696853637695
2025-09-16,-26.25,spco2,41.2293815612793
2025-09-16,-26.0,spco2,41.2425651550293
2025-09-16,-25.75,spco2,41.243919372558594
2025-09-16,-25.5,spco2,41.226444244384766
2025-09-16,-25.25,spco2,41.21963882446289
2025-09-16,-25.0,spco2,41.222412109375
2025-09-16,-24.75,spco2,41.23642349243164
2025-09-16,-24.5,spco2,41.22541046142578
2025-09-16,-24.25,spco2,41.24824905395508
2025-09-16,-24.0,spco2,41.258460998535156
2025-09-16,-23.75,spco2,41.268592834472656
2025-09-16,-23.5,spco2,41.24055480957031
2025-09-16,-23.25,spco2,41.2225456237793
2025-09-16,-23.0,spco2,41.21688461303711
2025-09-16,-22.75,spco2,41.18624496459961
2025-09-16,-22.5,spco2,41.16150665283203
2025-09-16,-22.25,spco2,41.10987854003906
2025-09-16,-22.0,spco2,41.03837585449219
2025-09-16,-21.75,spco2,41.01126480102539
2025-09-16,-21.5,spco2,40.99541091918945
2025-09-16,-21.25,spco2,40.98317337036133
2025-09-16,-21.0,spco2,40.9417610168457
2025-09-16,-20.75,spco2,40.91170120239258
2025-09-16,-20.5,spco2,40.880706787109375
2025-09-16,-20.25,spco2,40.91092300415039
2025-09-16,-20.0,spco2,40.8569221496582
2025-09-16,-19.75,spco2,40.85725402832031
2025-09-16,-19.5,spco2,40.837303161621094
2025-09-16,-19.25,spco2,40.79405212402344
2025-09-16,-19.0,spco2,40.73508071899414
2025-09-16,-18.75,spco2,40.688838958740234
2025-09-16,-18.5,spco2,40.63796615600586
2025-09-16,-18.25,spco2,40.60816192626953
2025-09-16,-18.0,spco2,40.564056396484375
2025-09-16,-17.75,spco2,40.57160949707031
2025-09-16,-17.5,spco2,40.593955993652344
2025-09-16,-17.25,spco2,40.591670989990234
2025-09-16,-17.0,spco2,40.413753509521484
2025-09-16,-16.75,spco2,40.243873596191406
2025-09-16,-16.5,spco2,40.1887321472168
2025-09-16,-16.25,spco2,40.187015533447266
2025-09-16,-16.0,spco2,40.134918212890625
2025-09-16,-15.75,spco2,40.10641098022461
2025-09-16,-15.5,spco2,40.09818649291992
2025-09-16,-15.25,spco2,40.09780502319336
2025-09-16,-15.0,spco2,40.07619094848633
2025-09-16,-14.75,spco2,40.026405334472656
2025-09-16,-14.5,spco2,40.00042724609375
2025-09-16,-14.25,spco2,39.9944953918457
2025-09-16,-14.0,spco2,39.96556091308594
2025-09-16,-13.75,spco2,40.0473747253418
2025-09-16,-13.5,spco2,40.05707931518555
2025-09-16,-13.25,spco2,40.06516647338867
2025-09-16,-13.0,spco2,40.029457092285156
2025-09-16,-12.75,spco2,40.053138732910156
2025-09-16,-12.5,spco2,40.013668060302734
2025-09-16,-12.25,spco2,40.01687240600586
2025-09-16,-12.0,spco2,40.018924713134766
2025-09-16,-11.75,spco2,40.012874603271484
2025-09-16,-11.5,spco2,40.00214767456055
2025-09-16,-11.25,spco2,39.99773406982422
2025-09-16,-11.0,spco2,39.95470428466797
2025-09-16,-10.75,spco2,39.90293884277344
2025-09-16,-10.5,spco2,39.855369567871094
2025-09-16,-10.25,spco2,39.80955123901367
2025-09-16,-10.0,spco2,39.7979850769043
2025-09-16,-9.75,spco2,39.804908752441406
2025-09-16,-9.5,spco2,39.77227783203125
2025-09-16,-9.25,spco2,39.758888244628906
2025-09-16,-9.0,spco2,39.78936004638672
2025-09-16,-8.75,spco2,39.78916549682617
2025-09-16,-8.5,spco2,39.79420471191406
2025-09-16,-8.25,spco2,39.79900360107422
2025-09-16,-8.0,spco2,39.80752944946289
2025-09-16,-7.75,spco2,39.839134216308594
2025-09-16,-7.5,spco2,39.84585189819336
2025-09-16,-7.25,spco2,39.877601623535156
2025-09-16,-7.0,spco2,39.91557312011719
2025-09-16,-6.75,spco2,39.943477630615234
2025-09-16,-6.5,spco2,39.910030364990234
2025-09-16,-6.25,spco2,39.877105712890625
2025-09-16,-6.0,spco2,39.88521194458008
2025-09-16,-5.75,spco2,39.90454864501953
2025-09-16,-5.5,spco2,39.91499710083008
2025-09-16,-5.25,spco2,39.93785095214844
2025-09-16,-5.0,spco2,39.959224700927734
2025-09-16,-4.75,spco2,39.99785232543945
2025-09-16,-4.5,spco2,39.978694915771484
2025-09-16,-4.25,spco2,39.9692497253418
2025-09-16,-4.0,spco2,39.983123779296875
2025-09-16,-3.75,spco2,39.98965072631836
2025-09-16,-3.5,spco2,40.014713287353516
2025-09-16,-3.25,spco2,40.013938903808594
2025-09-16,-3.0,spco2,40.032100677490234
2025-09-16,-2.75,spco2,40.10246658325195
2025-09-16,-2.5,spco2,40.10896301269531
2025-09-16,-2.25,spco2,40.10967254638672
2025-09-16,-2.0,spco2,40.09531784057617
2025-09-16,-1.75,spco2,40.14439010620117
2025-09-16,-1.5,spco2,40.146331787109375
2025-09-16,-1.25,spco2,40.11848068237305
2025-09-16,-1.0,spco2,40.060848236083984
2025-09-16,-0.75,spco2,40.08955001831055
2025-09-16,-0.5,spco2,40.14509963989258
2025-09-16,-0.25,spco2,40.233489990234375
2025-09-16,0.0,spco2,40.364742279052734
2025-09-16,0.25,spco2,40.36982345581055
2025-09-16,0.5,spco2,40.477420806884766
2025-09-16,0.75,spco2,40.520057678222656
2025-09-16,1.0,spco2,40.51046371459961
2025-09-16,1.25,spco2,40.609554290771484
2025-09-16,1.5,spco2,40.61430740356445
2025-09-16,1.75,spco2,40.654335021972656
2025-09-16,2.0,spco2,40.702362060546875
2025-09-16,2.25,spco2,40.74989318847656
2025-09-16,2.5,spco2,40.78312683105469
2025-09-16,2.75,spco2,40.79338455200195
2025-09-16,3.0,spco2,40.818580627441406
2025-09-16,3.25,spco2,40.84646987915039
2025-09-16,3.5,spco2,40.881675720214844
2025-09-16,3.75,spco2,40.854923248291016
2025-09-16,4.0,spco2,40.82542037963867
2025-09-16,4.25,spco2,40.858009338378906
2025-09-16,4.5,spco2,40.87860870361328
2025-09-16,4.75,spco2,40.881439208984375
2025-09-16,5.0,spco2,40.90330123901367
2025-09-16,5.25,spco2,40.92375946044922
2025-09-16,5.5,spco2,40.978843688964844
2025-09-16,5.75,spco2,40.98660659790039
2025-09-16,6.0,spco2,41.00096893310547
2025-09-16,6.25,spco2,40.950252532958984
2025-09-16,6.5,spco2,41.001068115234375
2025-09-16,6.75,spco2,41.04423904418945
2025-09-16,7.0,spco2,41.069915771484375
2025-09-16,7.25,spco2,41.0494499206543
2025-09-16,7.5,spco2,41.014583587646484
2025-09-16,7.75,spco2,41.00237274169922
2025-09-16,8.0,spco2,41.001304626464844
2025-09-16,8.25,spco2,40.97469711303711
2025-09-16,8.5,spco2,40.89410400390625
2025-09-16,8.75,spco2,40.923683166503906
2025-09-16,9.0,spco2,41.04502487182617
2025-09-16,9.25,spco2,41.22050476074219
2025-09-16,9.5,spco2,41.31563186645508
2025-09-16,9.75,spco2,41.62955093383789
2025-09-16,10.0,spco2,41.78219223022461
2025-09-16,10.25,spco2,41.81342315673828
2025-09-16,10.5,spco2,41.88758850097656
2025-09-16,10.75,spco2,41.91210174560547
2025-09-16,11.0,spco2,42.06606674194336
2025-09-16,11.25,spco2,42.39619827270508
2025-09-16,11.5,spco2,42.77937316894531
2025-09-16,11.75,spco2,43.00178909301758
2025-09-16,12.0,spco2,43.001800537109375
2025-09-16,12.25,spco2,42.80207824707031
2025-09-16,12.5,spco2,42.391292572021484
2025-09-16,12.75,spco2,42.457279205322266
2025-09-16,13.0,spco2,42.43914031982422
2025-09-16,13.25,spco2,42.20058059692383
2025-09-16,13.5,spco2,41.99631118774414
2025-09-16,13.75,spco2,41.92715072631836
2025-09-16,14.0,spco2,41.841827392578125
2025-09-16,14.25,spco2,42.05356979370117
2025-09-16,14.5,spco2,41.73382568359375
2025-09-16,14.75,spco2,41.668296813964844
2025-09-16,15.0,spco2,41.18399429321289
2025-09-16,15.25,spco2,41.115013122558594
2025-09-16,15.5,spco2,41.38302230834961
2025-09-16,15.75,spco2,41.25888442993164
2025-09-16,16.0,spco2,41.19017028808594
2025-09-16,16.25,spco2,41.16966247558594
2025-09-16,16.5,spco2,41.275238037109375
2025-09-16,16.75,spco2,41.495758056640625
2025-09-16,17.0,spco2,41.44166564941406
2025-09-16,17.25,spco2,41.56296920776367
2025-09-16,17.5,spco2,41.667152404785156
2025-09-16,17.75,spco2,41.689842224121094
2025-09-16,18.0,spco2,41.6302604675293
2025-09-16,18.25,spco2,41.75820541381836
2025-09-16,18.5,spco2,41.84204864501953
2025-09-16,18.75,spco2,41.794677734375
2025-09-16,19.0,spco2,41.83094787597656
2025-09-16,19.25,spco2,41.730323791503906
2025-09-16,19.5,spco2,41.68241882324219
2025-09-16,19.75,spco2,41.52688217163086
2025-09-16,20.0,spco2,41.37039566040039
2025-09-16,20.25,spco2,41.18394088745117
2025-09-16,20.5,spco2,41.05517578125
2025-09-16,20.75,spco2,40.96933364868164
2025-09-16,21.0,spco2,40.894508361816406
2025-09-16,21.25,spco2,40.881805419921875
2025-09-16,21.5,spco2,40.75950622558594
2025-09-16,21.75,spco2,40.635501861572266
2025-09-16,22.0,spco2,40.63037109375
2025-09-16,22.25,spco2,40.58536148071289
2025-09-16,22.5,spco2,40.508644104003906
2025-09-16,22.75,spco2,40.56794738769531
2025-09-16,23.0,spco2,40.762996673583984
2025-09-16,23.25,spco2,40.92758560180664
2025-09-16,23.5,spco2,40.87698745727539
2025-09-16,23.75,spco2,40.896278381347656
2025-09-16,24.0,spco2,40.986026763916016
2025-09-16,24.25,spco2,40.952064514160156
2025-09-16,24.5,spco2,40.891700744628906
2025-09-16,24.75,spco2,40.817935943603516
2025-09-16,25.0,spco2,40.82575988769531
2025-09-16,25.25,spco2,40.783599853515625
2025-09-16,25.5,spco2,40.67112350463867
2025-09-16,25.75,spco2,40.575923919677734
2025-09-16,26.0,spco2,40.508033752441406
2025-09-16,26.25,spco2,40.46416091918945
2025-09-16,26.5,spco2,40.51203155517578
2025-09-16,26.75,spco2,40.52788162231445
2025-09-16,27.0,spco2,40.64409255981445
2025-09-16,27.25,spco2,40.74609375
2025-09-16,27.5,spco2,40.67494201660156
2025-09-16,27.75,spco2,40.75486373901367
2025-09-16,28.0,spco2,40.83737564086914
2025-09-16,28.25,spco2,40.8872184753418
2025-09-16,28.5,spco2,40.92138671875
2025-09-16,28.75,spco2,40.97293472290039
2025-09-16,29.0,spco2,40.8869514465332
2025-09-16,29.25,spco2,40.76976776123047
2025-09-16,29.5,spco2,40.69163131713867
2025-09-16,29.75,spco2,40.62794494628906
2025-09-16,30.0,spco2,40.607200622558594
2025-09-16,30.25,spco2,40.57594680786133
2025-09-16,30.5,spco2,40.55389404296875
2025-09-16,30.75,spco2,40.60209274291992
2025-09-16,31.0,spco2,40.54220962524414
2025-09-16,31.25,spco2,40.50693893432617
2025-09-16,31.5,spco2,40.44812774658203
2025-09-16,31.75,spco2,40.459468841552734
2025-09-16,32.0,spco2,40.470706939697266
2025-09-16,32.25,spco2,40.438636779785156
2025-09-16,32.5,spco2,40.25165557861328
2025-09-16,32.75,spco2,40.20969772338867
2025-09-16,33.0,spco2,40.072750091552734
2025-09-16,33.25,spco2,39.93925094604492
2025-09-16,33.5,spco2,39.94584655761719
2025-09-16,33.75,spco2,39.95891571044922
2025-09-16,34.0,spco2,40.050498962402344
2025-09-16,34.25,spco2,40.12352752685547
2025-09-16,34.5,spco2,40.15289306640625
2025-09-16,34.75,spco2,40.26800537109375
2025-09-16,35.0,spco2,40.20472717285156
2025-09-16,35.25,spco2,40.04304122924805
2025-09-16,35.5,spco2,39.92100524902344
2025-09-16,35.75,spco2,39.81113052368164
2025-09-16,36.0,spco2,39.67696762084961
2025-09-16,36.25,spco2,39.68000030517578
2025-09-16,36.5,spco2,39.703857421875
2025-09-16,36.75,spco2,39.67367935180664
2025-09-16,37.0,spco2,39.63121032714844
2025-09-16,37.25,spco2,39.74228286743164
2025-09-16,37.5,spco2,39.77373504638672
2025-09-16,37.75,spco2,39.813446044921875
2025-09-16,38.0,spco2,39.862937927246094
2025-09-16,38.25,spco2,39.84630584716797
2025-09-16,38.5,spco2,39.824012756347656
2025-09-16,38.75,spco2,39.80250930786133
2025-09-16,39.0,spco2,39.89441680908203
2025-09-16,39.25,spco2,39.95732879638672
2025-09-16,39.5,spco2,40.04530715942383
2025-09-16,39.75,spco2,40.09669494628906
2025-09-16,40.0,spco2,40.13154220581055
2025-09-16,40.25,spco2,40.16680908203125
2025-09-16,40.5,spco2,39.710243225097656
2025-09-16,40.75,spco2,39.73381805419922
2025-09-16,41.0,spco2,39.71168899536133
2025-09-16,41.25,spco2,39.66441345214844
2025-09-16,41.5,spco2,39.6531982421875
2025-09-16,41.75,spco2,39.50458908081055
2025-09-16,42.0,spco2,39.497440338134766
2025-09-16,42.25,spco2,39.535865783691406
2025-09-16,42.5,spco2,39.469085693359375
2025-09-16,42.75,spco2,39.41587448120117
2025-09-16,43.0,spco2,39.33073425292969
2025-09-16,43.25,spco2,39.39589309692383
2025-09-16,43.5,spco2,39.4124755859375
2025-09-16,43.75,spco2,39.54952621459961
2025-09-16,44.0,spco2,39.54258346557617
2025-09-16,44.25,spco2,39.42452621459961
2025-09-16,44.5,spco2,39.346431732177734
2025-09-16,44.75,spco2,39.344886779785156
2025-09-16,45.0,spco2,39.386844635009766
2025-09-16,45.25,spco2,39.40040969848633
2025-09-16,45.5,spco2,39.40525817871094
2025-09-16,45.75,spco2,39.47193908691406
2025-09-16,46.0,spco2,39.46776580810547
2025-09-16,46.25,spco2,39.46442794799805
2025-09-16,46.5,spco2,39.42274475097656
2025-09-16,46.75,spco2,39.396095275878906
2025-09-16,47.0,spco2,39.372379302978516
2025-09-16,47.25,spco2,39.36097717285156
2025-09-16,47.5,spco2,39.36635971069336
2025-09-16,47.75,spco2,39.38191223144531
2025-09-16,48.0,spco2,39.326210021972656
2025-09-16,48.25,spco2,39.3543815612793
2025-09-16,48.5,spco2,39.46159744262695
2025-09-16,48.75,spco2,39.585845947265625
2025-09-16,49.0,spco2,39.74993896484375
2025-09-16,49.25,spco2,39.716922760009766
2025-09-16,49.5,spco2,39.648738861083984
2025-09-16,49.75,spco2,39.60655975341797
2025-09-16,50.0,spco2,39.65947723388672
2025-09-16,50.25,spco2,39.85897445678711
2025-09-16,50.5,spco2,39.888004302978516
2025-09-16,50.75,spco2,39.89339828491211
2025-09-16,51.0,spco2,39.87795639038086
2025-09-16,51.25,spco2,39.83523178100586
2025-09-16,51.5,spco2,39.903507232666016
2025-09-16,51.75,spco2,40.00520706176758
2025-09-16,52.0,spco2,40.01636505126953
2025-09-16,52.25,spco2,40.01930236816406
2025-09-16,52.5,spco2,39.9890251159668
2025-09-16,52.75,spco2,39.92426681518555
2025-09-16,53.0,spco2,39.87035369873047
2025-09-16,53.25,spco2,39.81687927246094
2025-09-16,53.5,spco2,39.77629852294922
2025-09-16,53.75,spco2,39.74665832519531
2025-09-16,54.0,spco2,39.94823455810547
2025-09-16,54.25,spco2,39.943912506103516
2025-09-16,54.5,spco2,39.86112594604492
2025-09-16,54.75,spco2,39.779197692871094
2025-09-16,55.0,spco2,39.736236572265625
2025-09-16,55.25,spco2,39.725791931152344
2025-09-16,55.5,spco2,39.783084869384766
2025-09-16,55.75,spco2,39.75041198730469
2025-09-16,56.0,spco2,39.698421478271484
2025-09-16,56.25,spco2,39.68744659423828
2025-09-16,56.5,spco2,39.82511520385742
2025-09-16,56.75,spco2,39.9294319152832
2025-09-16,57.0,spco2,39.93315124511719
2025-09-16,57.25,spco2,39.887123107910156
2025-09-16,57.5,spco2,39.899009704589844
2025-09-16,57.75,spco2,39.96842575073242
2025-09-16,58.0,spco2,39.974246978759766
2025-09-16,58.25,spco2,39.9974250793457
2025-09-16,58.5,spco2,40.00456237792969
2025-09-16,58.75,spco2,40.034156799316406
2025-09-16,59.0,spco2,40.0246467590332
2025-09-16,59.25,spco2,40.08509826660156
2025-09-16,59.5,spco2,40.148929595947266
2025-09-16,59.75,spco2,40.16209030151367
2025-09-16,60.0,spco2,40.18479919433594
2025-09-16,60.25,spco2,40.17020797729492
2025-09-16,60.5,spco2,40.139408111572266
2025-09-16,60.75,spco2,40.117156982421875
2025-09-16,61.0,spco2,40.153079986572266
2025-09-16,61.25,spco2,40.17763137817383
2025-09-16,61.5,spco2,40.216102600097656
2025-09-16,61.75,spco2,40.22538375854492
2025-09-16,62.0,spco2,40.20415115356445
2025-09-16,62.25,spco2,40.18259048461914
2025-09-16,62.5,spco2,40.1714973449707
2025-09-16,62.75,spco2,40.177886962890625
2025-09-16,63.0,spco2,40.183380126953125
2025-09-16,63.25,spco2,40.1836051940918
2025-09-16,63.5,spco2,40.17274475097656
2025-09-16,63.75,spco2,40.16230392456055
2025-09-16,64.0,spco2,40.1727409362793
2025-09-16,64.25,spco2,40.16901779174805
2025-09-16,64.5,spco2,40.15135955810547
2025-09-16,64.75,spco2,40.13496398925781
2025-09-16,65.0,spco2,40.11429214477539
2025-09-16,65.25,spco2,40.1213264465332
2025-09-16,65.5,spco2,40.107295989990234
2025-09-16,65.75,spco2,40.10185241699219
2025-09-16,66.0,spco2,40.09040069580078
2025-09-16,66.25,spco2,40.07809829711914
2025-09-16,66.5,spco2,40.07625961303711
2025-09-16,66.75,spco2,40.037109375
2025-09-16,67.0,spco2,39.97917556762695
2025-09-16,67.25,spco2,39.9553337097168
2025-09-16,67.5,spco2,39.90644073486328
2025-09-16,67.75,spco2,39.90555953979492
2025-09-16,68.0,spco2,39.87553405761719
2025-09-16,68.25,spco2,39.80168533325195
2025-09-16,68.5,spco2,39.75279998779297
2025-09-16,68.75,spco2,39.70972442626953
2025-09-16,69.0,spco2,39.64546585083008
2025-09-16,69.25,spco2,39.57822036743164
2025-09-16,69.5,spco2,39.5551643371582
2025-09-16,69.75,spco2,39.53153610229492
2025-09-16,70.0,spco2,39.51884460449219
2025-09-16,70.25,spco2,39.491641998291016
2025-09-16,70.5,spco2,39.48316955566406
2025-09-16,70.75,spco2,39.459171295166016
2025-09-16,71.0,spco2,39.450408935546875
2025-09-16,71.25,spco2,39.461273193359375
2025-09-16,71.5,spco2,39.4622688293457
2025-09-16,71.75,spco2,39.71086883544922
2025-09-16,72.0,spco2,39.629093170166016
2025-09-16,72.25,spco2,39.49679183959961
2025-09-16,72.5,spco2,39.71785354614258
2025-09-16,72.75,spco2,39.666595458984375
2025-09-16,73.0,spco2,39.74909973144531
2025-09-16,73.25,spco2,39.81452560424805
2025-09-16,73.5,spco2,39.86455535888672
2025-09-16,73.75,spco2,39.867252349853516
2025-09-16,74.0,spco2,39.74873352050781
2025-09-16,74.25,spco2,39.700050354003906
2025-09-16,74.5,spco2,39.64635467529297
2025-09-16,74.75,spco2,39.62074279785156
2025-09-16,75.0,spco2,39.51836395263672
2025-09-16,75.25,spco2,39.537681579589844
2025-09-16,75.5,spco2,39.555362701416016
2025-09-16,75.75,spco2,39.565650939941406
2025-09-16,76.0,spco2,39.571075439453125
2025-09-16,76.25,spco2,39.57108688354492
2025-09-16,76.5,spco2,39.59082794189453
2025-09-16,76.75,spco2,39.657386779785156
2025-09-16,77.0,spco2,39.675636291503906
2025-09-16,77.25,spco2,39.970947265625
2025-09-16,77.5,spco2,39.9984016418457
2025-09-16,77.75,spco2,39.93681716918945
2025-09-16,78.0,spco2,39.6170539855957
2025-09-16,78.25,spco2,39.64320373535156
2025-09-16,78.5,spco2,39.663177490234375
2025-09-16,78.75,spco2,39.667030334472656
2025-09-16,79.0,spco2,39.725425720214844
2025-09-16,79.25,spco2,39.81696319580078
2025-09-16,79.5,spco2,39.93082809448242
2025-09-16,79.75,spco2,40.1167106628418
2025-09-16,80.0,spco2,40.047698974609375
2025-09-16,80.25,spco2,40.04985427856445
2025-09-16,80.5,spco2,40.08958435058594
2025-09-16,80.75,spco2,40.0566520690918
2025-09-16,81.0,spco2,39.76054763793945
2025-09-16,81.25,spco2,39.75550842285156
2025-09-16,81.5,spco2,39.71505355834961
2025-09-16,81.75,spco2,39.70429229736328
2025-09-16,82.0,spco2,39.7083740234375
2025-09-16,82.25,spco2,39.700931549072266
2025-09-16,82.5,spco2,39.53008270263672
2025-09-16,82.75,spco2,39.39089584350586
2025-09-16,83.0,spco2,39.38938522338867
2025-09-16,83.25,spco2,39.23707962036133
2025-09-16,83.5,spco2,39.222591400146484
2025-09-16,83.75,spco2,39.20094299316406
2025-09-16,84.0,spco2,39.17882537841797
2025-09-16,84.25,spco2,39.155250549316406
2025-09-16,84.5,spco2,39.130027770996094
2025-09-16,84.75,spco2,39.10234832763672
2025-09-16,85.0,spco2,39.083221435546875
2025-09-16,85.25,spco2,39.10205841064453
2025-09-16,85.5,spco2,39.120670318603516
2025-09-16,85.75,spco2,39.17391586303711
2025-09-16,86.0,spco2,39.222320556640625
2025-09-16,86.25,spco2,39.23545837402344
2025-09-16,86.5,spco2,39.20372772216797
2025-09-16,86.75,spco2,39.19000244140625
2025-09-16,87.0,spco2,38.86695861816406
2025-09-16,87.25,spco2,38.81913757324219
2025-09-16,87.5,spco2,38.813270568847656
2025-09-16,87.75,spco2,38.69015121459961
2025-09-16,88.0,spco2,38.67502212524414
2025-09-16,88.25,spco2,38.73577880859375
2025-09-16,88.5,spco2,38.7252197265625
2025-09-16,88.75,spco2,38.7146110534668
2025-09-16,89.0,spco2,38.69137191772461
2025-09-16,89.25,spco2,38.71761703491211
2025-09-16,89.5,spco2,38.687557220458984
2025-09-16,89.75,spco2,38.7147102355957
2025-09-16,90.0,spco2,38.767066955566406
2025-09-16,90.25,spco2,38.79169464111328
2025-09-16,90.5,spco2,38.74554443359375
2025-09-16,90.75,spco2,38.70100784301758
2025-09-16,91.0,spco2,38.67169189453125
2025-09-16,91.25,spco2,38.580482482910156
2025-09-16,91.5,spco2,38.488704681396484
2025-09-16,91.75,spco2,38.51992416381836
2025-09-16,92.0,spco2,38.7127799987793
2025-09-16,92.25,spco2,38.755462646484375
2025-09-16,92.5,spco2,38.755104064941406
2025-09-16,92.75,spco2,38.78158187866211
2025-09-16,93.0,spco2,38.71776580810547
2025-09-16,93.25,spco2,38.68681335449219
2025-09-16,93.5,spco2,38.67572021484375
2025-09-16,93.75,spco2,38.67646789550781
2025-09-16,94.0,spco2,38.81548309326172
2025-09-16,94.25,spco2,38.94028854370117
2025-09-16,94.5,spco2,39.040836334228516
2025-09-16,94.75,spco2,39.17504119873047
2025-09-16,95.0,spco2,38.86721420288086
2025-09-16,95.25,spco2,38.84040451049805
2025-09-16,95.5,spco2,38.69935607910156
2025-09-16,95.75,spco2,39.205989837646484
2025-09-16,96.0,spco2,38.806758880615234
2025-09-16,96.25,spco2,38.878501892089844
2025-09-16,96.5,spco2,38.599205017089844
2025-09-16,96.75,spco2,38.73215866088867
2025-09-16,97.0,spco2,40.318077087402344
2025-09-16,97.25,spco2,40.14323043823242
2025-09-16,97.5,spco2,38.48806381225586
2025-09-16,97.75,spco2,38.40631103515625
2025-09-16,98.0,spco2,38.37394332885742
2025-09-16,98.25,spco2,38.357444763183594
2025-09-16,98.5,spco2,38.41550064086914
2025-09-16,98.75,spco2,38.461647033691406
2025-09-16,99.0,spco2,38.457366943359375
2025-09-16,99.25,spco2,38.47898864746094
2025-09-16,99.5,spco2,38.41181945800781
2025-09-16,99.75,spco2,38.433128356933594
2025-09-16,100.0,spco2,38.58427429199219
2025-09-16,100.25,spco2,38.64752197265625
2025-09-16,100.5,spco2,38.62885284423828
2025-09-16,100.75,spco2,38.574161529541016
2025-09-16,101.0,spco2,38.39848327636719
2025-09-16,101.25,spco2,38.409061431884766
2025-09-16,101.5,spco2,38.22822570800781
2025-09-16,101.75,spco2,38.29296112060547
2025-09-16,102.0,spco2,38.25624084472656
2025-09-16,102.25,spco2,38.23830795288086
2025-09-16,102.5,spco2,38.19064712524414
2025-09-16,102.75,spco2,38.20283126831055
2025-09-16,103.0,spco2,38.1716423034668
2025-09-16,103.25,spco2,38.21216583251953
2025-09-16,103.5,spco2,38.26267623901367
2025-09-16,103.75,spco2,38.221527099609375
2025-09-16,104.0,spco2,38.19927215576172
2025-09-16,104.25,spco2,38.18587112426758
2025-09-16,104.5,spco2,38.193878173828125
2025-09-16,104.75,spco2,38.24576950073242
2025-09-16,105.0,spco2,38.19623565673828
2025-09-16,105.25,spco2,38.15248107910156
2025-09-16,105.5,spco2,38.17487335205078
2025-09-16,105.75,spco2,38.3200569152832
2025-09-16,106.0,spco2,38.20272445678711
2025-09-16,106.25,spco2,38.23784637451172
2025-09-16,106.5,spco2,38.428932189941406
2025-09-16,106.75,spco2,38.652305603027344
2025-09-16,107.0,spco2,38.78565979003906
2025-09-16,107.25,spco2,38.75831604003906
2025-09-16,107.5,spco2,38.72195053100586
2025-09-16,107.75,spco2,38.682491302490234
2025-09-16,108.0,spco2,38.66140365600586
2025-09-16,108.25,spco2,38.714046478271484
2025-09-16,108.5,spco2,38.70958709716797
2025-09-16,108.75,spco2,38.724578857421875
2025-09-16,109.0,spco2,38.7503662109375
2025-09-16,109.25,spco2,38.745567321777344
2025-09-16,109.5,spco2,38.78144836425781
2025-09-16,109.75,spco2,38.68501663208008
2025-09-16,110.0,spco2,38.559383392333984
2025-09-16,110.25,spco2,38.46669006347656
2025-09-16,110.5,spco2,38.55152893066406
2025-09-16,110.75,spco2,38.527008056640625
2025-09-16,111.0,spco2,38.55702209472656
2025-09-16,111.25,spco2,38.50777816772461
2025-09-16,111.5,spco2,38.51057815551758
2025-09-16,111.75,spco2,38.45074462890625
2025-09-16,112.0,spco2,38.40321731567383
2025-09-16,112.25,spco2,38.359920501708984
2025-09-16,112.5,spco2,38.392032623291016
2025-09-16,112.75,spco2,38.459537506103516
2025-09-16,113.0,spco2,38.45113754272461
2025-09-16,113.25,spco2,38.479759216308594
2025-09-16,113.5,spco2,38.53564453125
2025-09-16,113.75,spco2,38.580360412597656
2025-09-16,114.0,spco2,38.63785171508789
2025-09-16,114.25,spco2,38.62215805053711
2025-09-16,114.5,spco2,38.62038040161133
2025-09-16,114.75,spco2,38.638858795166016
2025-09-16,115.0,spco2,38.74152755737305
2025-09-16,115.25,spco2,38.794715881347656
2025-09-16,115.5,spco2,38.811767578125
2025-09-16,115.75,spco2,39.05755615234375
2025-09-16,116.0,spco2,39.09708023071289
2025-09-16,116.25,spco2,39.09374237060547
2025-09-16,116.5,spco2,39.10353088378906
2025-09-16,116.75,spco2,39.09344482421875
2025-09-16,117.0,spco2,39.08329391479492
2025-09-16,117.25,spco2,39.12089157104492
2025-09-16,117.5,spco2,39.15653991699219
2025-09-16,117.75,spco2,39.17149353027344
2025-09-16,118.0,spco2,39.073238372802734
2025-09-16,118.25,spco2,38.98872756958008
2025-09-16,118.5,spco2,38.955318450927734
2025-09-16,118.75,spco2,38.93266296386719
2025-09-16,119.0,spco2,39.084007263183594
2025-09-16,119.25,spco2,39.09459686279297
2025-09-16,119.5,spco2,39.063358306884766
2025-09-16,119.75,spco2,38.99348068237305
2025-09-16,120.0,spco2,38.972984313964844
2025-09-16,120.25,spco2,38.86288833618164
2025-09-16,120.5,spco2,38.67453384399414
2025-09-16,120.75,spco2,38.92865753173828
2025-09-16,121.0,spco2,39.20341491699219
2025-09-16,121.25,spco2,39.229190826416016
2025-09-16,121.5,spco2,39.32524871826172
2025-09-16,121.75,spco2,39.23539352416992
2025-09-16,122.0,spco2,39.37742614746094
2025-09-16,122.25,spco2,39.35842514038086
2025-09-16,122.5,spco2,39.266780853271484
2025-09-16,122.75,spco2,39.255306243896484
2025-09-16,123.0,spco2,39.32395935058594
2025-09-16,123.25,spco2,39.3257942199707
2025-09-16,123.5,spco2,39.36836624145508
2025-09-16,123.75,spco2,39.35540771484375
2025-09-16,124.0,spco2,39.39965057373047
2025-09-16,124.25,spco2,39.48178482055664
2025-09-16,124.5,spco2,39.47028732299805
2025-09-16,124.75,spco2,39.41070556640625
2025-09-16,125.0,spco2,39.431640625
2025-09-16,125.25,spco2,39.43033218383789
2025-09-16,125.5,spco2,39.290889739990234
2025-09-16,125.75,spco2,39.3108024597168
2025-09-16,126.0,spco2,39.29304504394531
2025-09-16,126.25,spco2,39.19647979736328
2025-09-16,126.5,spco2,39.174617767333984
2025-09-16,126.75,spco2,39.29707336425781
2025-09-16,127.0,spco2,39.2401008605957
2025-09-16,127.25,spco2,39.221744537353516
2025-09-16,127.5,spco2,39.23921585083008
2025-09-16,127.75,spco2,39.300655364990234
2025-09-16,128.0,spco2,39.25406265258789
2025-09-16,128.25,spco2,39.264183044433594
2025-09-16,128.5,spco2,39.371124267578125
2025-09-16,128.75,spco2,39.456356048583984
2025-09-16,129.0,spco2,39.572227478027344
2025-09-16,129.25,spco2,39.8560905456543
2025-09-16,129.5,spco2,39.909454345703125
2025-09-16,129.75,spco2,39.92857360839844
2025-09-16,130.0,spco2,39.84640121459961
2025-09-16,130.25,spco2,39.69286346435547
2025-09-16,130.5,spco2,39.5132942199707
2025-09-16,130.75,spco2,39.55964660644531
2025-09-16,131.0,spco2,39.5062141418457
2025-09-16,131.25,spco2,39.52779769897461
2025-09-16,131.5,spco2,39.56166076660156
2025-09-16,131.75,spco2,39.58137512207031
2025-09-16,132.0,spco2,39.51660919189453
2025-09-16,132.25,spco2,39.48297119140625
2025-09-16,132.5,spco2,39.46726989746094
2025-09-16,132.75,spco2,39.42902374267578
2025-09-16,133.0,spco2,39.4459114074707
2025-09-16,133.25,spco2,39.502864837646484
2025-09-16,133.5,spco2,39.50759506225586
2025-09-16,133.75,spco2,39.60340118408203
2025-09-16,134.0,spco2,39.6524772644043
2025-09-16,134.25,spco2,39.70708084106445
2025-09-16,134.5,spco2,39.75502395629883
2025-09-16,134.75,spco2,39.793888092041016
2025-09-16,135.0,spco2,39.83247375488281
2025-09-16,135.25,spco2,39.86579895019531
2025-09-16,135.5,spco2,39.947669982910156
2025-09-16,135.75,spco2,40.06739044189453
2025-09-16,136.0,spco2,40.10612106323242
2025-09-16,136.25,spco2,40.12656784057617
2025-09-16,136.5,spco2,40.10248947143555
2025-09-16,136.75,spco2,40.07129669189453
2025-09-16,137.0,spco2,40.084136962890625
2025-09-16,137.25,spco2,40.11261749267578
2025-09-16,137.5,spco2,40.139278411865234
2025-09-16,137.75,spco2,40.15167236328125
2025-09-16,138.0,spco2,40.08473205566406
2025-09-16,138.25,spco2,40.040313720703125
2025-09-16,138.5,spco2,40.134979248046875
2025-09-16,138.75,spco2,40.058509826660156
2025-09-16,139.0,spco2,40.14181137084961
2025-09-16,139.25,spco2,40.18928146362305
2025-09-16,139.5,spco2,40.19888687133789
2025-09-16,139.75,spco2,40.2834587097168
2025-09-16,140.0,spco2,40.315433502197266
2025-09-16,140.25,spco2,40.29087829589844
2025-09-16,140.5,spco2,40.334964752197266
2025-09-16,140.75,spco2,40.452659606933594
2025-09-16,141.0,spco2,40.67999267578125
2025-09-16,141.25,spco2,40.84362030029297
2025-09-16,141.5,spco2,41.04897689819336
2025-09-16,141.75,spco2,40.92981719970703
2025-09-16,142.0,spco2,40.61567306518555
2025-09-16,142.25,spco2,40.59370422363281
2025-09-16,142.5,spco2,40.57048797607422
2025-09-16,142.75,spco2,40.45464324951172
2025-09-16,143.0,spco2,40.37287521362305
2025-09-16,143.25,spco2,40.27722930908203
2025-09-16,143.5,spco2,40.195274353027344
2025-09-16,143.75,spco2,40.169822692871094
2025-09-16,144.0,spco2,40.24562072753906
2025-09-16,144.25,spco2,40.27276611328125
2025-09-16,144.5,spco2,40.43524932861328
2025-09-16,144.75,spco2,40.53074645996094
2025-09-16,145.0,spco2,40.46013641357422
2025-09-16,145.25,spco2,40.54331588745117
2025-09-16,145.5,spco2,40.587032318115234
2025-09-16,145.75,spco2,40.63067626953125
2025-09-16,146.0,spco2,40.67707443237305
2025-09-16,146.25,spco2,40.667964935302734
2025-09-16,146.5,spco2,40.651432037353516
2025-09-16,146.75,spco2,40.65373992919922
2025-09-16,147.0,spco2,40.661312103271484
2025-09-16,147.25,spco2,40.63497543334961
2025-09-16,147.5,spco2,40.68255615234375
2025-09-16,147.75,spco2,40.701229095458984
2025-09-16,148.0,spco2,40.689292907714844
2025-09-16,148.25,spco2,40.71086502075195
2025-09-16,148.5,spco2,40.64603805541992
2025-09-16,148.75,spco2,40.71932601928711
2025-09-16,149.0,spco2,40.72212600708008
2025-09-16,149.25,spco2,40.70447540283203
2025-09-16,149.5,spco2,40.65089416503906
2025-09-16,149.75,spco2,40.614891052246094
2025-09-16,150.0,spco2,40.574981689453125
2025-09-16,150.25,spco2,40.47454833984375
2025-09-16,150.5,spco2,40.445701599121094
2025-09-16,150.75,spco2,40.41279220581055
2025-09-16,151.0,spco2,40.31254959106445
2025-09-16,151.25,spco2,40.297149658203125
2025-09-16,151.5,spco2,40.24632263183594
2025-09-16,151.75,spco2,40.21855163574219
2025-09-16,152.0,spco2,40.24177551269531
2025-09-16,152.25,spco2,40.253299713134766
2025-09-16,152.5,spco2,40.28213882446289
2025-09-16,152.75,spco2,40.318748474121094
2025-09-16,153.0,spco2,40.316925048828125
2025-09-16,153.25,spco2,40.21700668334961
2025-09-16,153.5,spco2,40.17760467529297
2025-09-16,153.75,spco2,40.152732849121094
2025-09-16,154.0,spco2,40.18124008178711
2025-09-16,154.25,spco2,40.15317153930664
2025-09-16,154.5,spco2,40.07851028442383
2025-09-16,154.75,spco2,39.96950149536133
2025-09-16,155.0,spco2,39.879066467285156
2025-09-16,155.25,spco2,39.78745651245117
2025-09-16,155.5,spco2,39.76079177856445
2025-09-16,155.75,spco2,39.774192810058594
2025-09-16,156.0,spco2,39.809654235839844
2025-09-16,156.25,spco2,39.83154296875
2025-09-16,156.5,spco2,39.86265182495117
2025-09-16,156.75,spco2,39.899513244628906
2025-09-16,157.0,spco2,39.9501953125
2025-09-16,157.25,spco2,39.985652923583984
2025-09-16,157.5,spco2,39.9981689453125
2025-09-16,157.75,spco2,40.028629302978516
2025-09-16,158.0,spco2,40.07377624511719
2025-09-16,158.25,spco2,40.14122772216797
2025-09-16,158.5,spco2,40.14909362792969
2025-09-16,158.75,spco2,40.17964172363281
2025-09-16,159.0,spco2,40.194122314453125
2025-09-16,159.25,spco2,40.220977783203125
2025-09-16,159.5,spco2,40.20989227294922
2025-09-16,159.75,spco2,40.28730392456055
2025-09-16,160.0,spco2,40.2828254699707
2025-09-16,160.25,spco2,40.23313903808594
2025-09-16,160.5,spco2,40.263492584228516
2025-09-16,160.75,spco2,40.36336898803711
2025-09-16,161.0,spco2,40.41151428222656
2025-09-16,161.25,spco2,40.44772720336914
2025-09-16,161.5,spco2,40.48197937011719
2025-09-16,161.75,spco2,40.4518928527832
2025-09-16,162.0,spco2,40.4282341003418
2025-09-16,162.25,spco2,40.34055709838867
2025-09-16,162.5,spco2,40.40730667114258
2025-09-16,162.75,spco2,40.493568420410156
2025-09-16,163.0,spco2,40.51375198364258
2025-09-16,163.25,spco2,40.490745544433594
2025-09-16,163.5,spco2,40.537925720214844
2025-09-16,163.75,spco2,40.63885498046875
2025-09-16,164.0,spco2,40.70083236694336
2025-09-16,164.25,spco2,40.7129020690918
2025-09-16,164.5,spco2,40.734066009521484
2025-09-16,164.75,spco2,40.70897674560547
2025-09-16,165.0,spco2,40.72605514526367
2025-09-16,165.25,spco2,40.713897705078125
2025-09-16,165.5,spco2,40.73219680786133
2025-09-16,165.75,spco2,40.754722595214844
2025-09-16,166.0,spco2,40.76339340209961
2025-09-16,166.25,spco2,40.7640380859375
2025-09-16,166.5,spco2,40.753143310546875
2025-09-16,166.75,spco2,40.732444763183594
2025-09-16,167.0,spco2,40.67881774902344
2025-09-16,167.25,spco2,40.671504974365234
2025-09-16,167.5,spco2,40.7072639465332
2025-09-16,167.75,spco2,40.7315788269043
2025-09-16,168.0,spco2,40.74217987060547
2025-09-16,168.25,spco2,40.774444580078125
2025-09-16,168.5,spco2,40.80314636230469
2025-09-16,168.75,spco2,40.82339096069336
2025-09-16,169.0,spco2,40.86380386352539
2025-09-16,169.25,spco2,40.877140045166016
2025-09-16,169.5,spco2,40.88272476196289
2025-09-16,169.75,spco2,40.908565521240234
2025-09-16,170.0,spco2,40.92466735839844
2025-09-16,170.25,spco2,40.935604095458984
2025-09-16,170.5,spco2,40.95051956176758
2025-09-16,170.75,spco2,40.950870513916016
2025-09-16,171.0,spco2,40.9499397277832
2025-09-16,171.25,spco2,40.94823455810547
2025-09-16,171.5,spco2,40.965938568115234
2025-09-16,171.75,spco2,40.97821807861328
2025-09-16,172.0,spco2,40.980003356933594
2025-09-16,172.25,spco2,40.99326705932617
2025-09-16,172.5,spco2,40.965354919433594
2025-09-16,172.75,spco2,40.94120407104492
2025-09-16,173.0,spco2,40.8638801574707
2025-09-16,173.25,spco2,40.86423110961914
2025-09-16,173.5,spco2,40.89480209350586
2025-09-16,173.75,spco2,40.92020034790039
2025-09-16,174.0,spco2,40.938621520996094
2025-09-16,174.25,spco2,40.90130615234375
2025-09-16,174.5,spco2,40.92635726928711
2025-09-16,174.75,spco2,40.998443603515625
2025-09-16,175.0,spco2,40.99923324584961
2025-09-16,175.25,spco2,41.04020309448242
2025-09-16,175.5,spco2,41.026710510253906
2025-09-16,175.75,spco2,41.01114273071289
2025-09-16,176.0,spco2,40.96788787841797
2025-09-16,176.25,spco2,40.94940185546875
2025-09-16,176.5,spco2,40.92333984375
2025-09-16,176.75,spco2,40.915924072265625
2025-09-16,177.0,spco2,40.84315872192383
2025-09-16,177.25,spco2,40.849082946777344
2025-09-16,177.5,spco2,40.96516036987305
2025-09-16,177.75,spco2,40.9290885925293
2025-09-16,178.0,spco2,40.92522048950195
2025-09-16,178.25,spco2,40.92133712768555
2025-09-16,178.5,spco2,40.87529373168945
2025-09-16,178.75,spco2,40.825279235839844
2025-09-16,179.0,spco2,40.83351516723633
2025-09-16,179.25,spco2,40.829856872558594
2025-09-16,179.5,spco2,40.821773529052734
2025-09-16,179.75,spco2,40.803306579589844
2025-09-16,-180.0,chl,0.3367531895637512
2025-09-16,-179.75,chl,0.3334316611289978
2025-09-16,-179.5,chl,0.33113592863082886
2025-09-16,-179.25,chl,0.3295782506465912
2025-09-16,-179.0,chl,0.327339768409729
2025-09-16,-178.75,chl,0.3251916170120239
2025-09-16,-178.5,chl,0.32425326108932495
2025-09-16,-178.25,chl,0.32108548283576965
2025-09-16,-178.0,chl,0.32083001732826233
2025-09-16,-177.75,chl,0.32105734944343567
2025-09-16,-177.5,chl,0.3227095603942871
2025-09-16,-177.25,chl,0.3250838816165924
2025-09-16,-177.0,chl,0.32612693309783936
2025-09-16,-176.75,chl,0.32818055152893066
2025-09-16,-176.5,chl,0.3198340833187103
2025-09-16,-176.25,chl,0.3245057165622711
2025-09-16,-176.0,chl,0.318336546421051
2025-09-16,-175.75,chl,0.31119266152381897
2025-09-16,-175.5,chl,0.30704471468925476
2025-09-16,-175.25,chl,0.3092145621776581
2025-09-16,-175.0,chl,0.3112272322177887
2025-09-16,-174.75,chl,0.3148600459098816
2025-09-16,-174.5,chl,0.31706729531288147
2025-09-16,-174.25,chl,0.31702733039855957
2025-09-16,-174.0,chl,0.3182215690612793
2025-09-16,-173.75,chl,0.3179599344730377
2025-09-16,-173.5,chl,0.3196166753768921
2025-09-16,-173.25,chl,0.3226343095302582
2025-09-16,-173.0,chl,0.3253152370452881
2025-09-16,-172.75,chl,0.3311012089252472
2025-09-16,-172.5,chl,0.3369361162185669
2025-09-16,-172.25,chl,0.34320899844169617
2025-09-16,-172.0,chl,0.3479720652103424
2025-09-16,-171.75,chl,0.34947261214256287
2025-09-16,-171.5,chl,0.35383760929107666
2025-09-16,-171.25,chl,0.35526251792907715
2025-09-16,-171.0,chl,0.3558143973350525
2025-09-16,-170.75,chl,0.3582696318626404
2025-09-16,-170.5,chl,0.3632916212081909
2025-09-16,-170.25,chl,0.36574113368988037
2025-09-16,-170.0,chl,0.37501734495162964
2025-09-16,-169.75,chl,0.3771094083786011
2025-09-16,-169.5,chl,0.3784380853176117
2025-09-16,-169.25,chl,0.37876269221305847
2025-09-16,-169.0,chl,0.3778098225593567
2025-09-16,-168.75,chl,0.3748297393321991
2025-09-16,-168.5,chl,0.3726274073123932
2025-09-16,-168.25,chl,0.3723205626010895
2025-09-16,-168.0,chl,0.3714488446712494
2025-09-16,-167.75,chl,0.36812931299209595
2025-09-16,-167.5,chl,0.36447951197624207
2025-09-16,-167.25,chl,0.3614051043987274
2025-09-16,-167.0,chl,0.35438069701194763
2025-09-16,-166.75,chl,0.3508514165878296
2025-09-16,-166.5,chl,0.34547534584999084
2025-09-16,-166.25,chl,0.34247469902038574
2025-09-16,-166.0,chl,0.3418026864528656
2025-09-16,-165.75,chl,0.34018686413764954
2025-09-16,-165.5,chl,0.3396053612232208
2025-09-16,-165.25,chl,0.33914804458618164
2025-09-16,-165.0,chl,0.335431307554245
2025-09-16,-164.75,chl,0.33055636286735535
2025-09-16,-164.5,chl,0.3262874484062195
2025-09-16,-164.25,chl,0.324898898601532
2025-09-16,-164.0,chl,0.324814110994339
2025-09-16,-163.75,chl,0.3229345381259918
2025-09-16,-163.5,chl,0.3239133059978485
2025-09-16,-163.25,chl,0.32513341307640076
2025-09-16,-163.0,chl,0.3246316611766815
2025-09-16,-162.75,chl,0.3236350119113922
2025-09-16,-162.5,chl,0.3241133391857147
2025-09-16,-162.25,chl,0.3220926523208618
2025-09-16,-162.0,chl,0.3201511800289154
2025-09-16,-161.75,chl,0.3137935698032379
2025-09-16,-161.5,chl,0.3121667504310608
2025-09-16,-161.25,chl,0.31234046816825867
2025-09-16,-161.0,chl,0.31012436747550964
2025-09-16,-160.75,chl,0.3091317117214203
2025-09-16,-160.5,chl,0.3068108558654785
2025-09-16,-160.25,chl,0.30539894104003906
2025-09-16,-160.0,chl,0.30322378873825073
2025-09-16,-159.75,chl,0.30191752314567566
2025-09-16,-159.5,chl,0.29922401905059814
2025-09-16,-159.25,chl,0.2986217141151428
2025-09-16,-159.0,chl,0.2980431020259857
2025-09-16,-158.75,chl,0.29960668087005615
2025-09-16,-158.5,chl,0.29943493008613586
2025-09-16,-158.25,chl,0.29734838008880615
2025-09-16,-158.0,chl,0.29946258664131165
2025-09-16,-157.75,chl,0.2971249222755432
2025-09-16,-157.5,chl,0.2971539795398712
2025-09-16,-157.25,chl,0.29469168186187744
2025-09-16,-157.0,chl,0.28904733061790466
2025-09-16,-156.75,chl,0.28829699754714966
2025-09-16,-156.5,chl,0.2891489863395691
2025-09-16,-156.25,chl,0.290893018245697
2025-09-16,-156.0,chl,0.29373639822006226
2025-09-16,-155.75,chl,0.2973085343837738
2025-09-16,-155.5,chl,0.29930752515792847
2025-09-16,-155.25,chl,0.30213356018066406
2025-09-16,-155.0,chl,0.2998562157154083
2025-09-16,-154.75,chl,0.3014164865016937
2025-09-16,-154.5,chl,0.2982131540775299
2025-09-16,-154.25,chl,0.29880884289741516
2025-09-16,-154.0,chl,0.30035606026649475
2025-09-16,-153.75,chl,0.29856228828430176
2025-09-16,-153.5,chl,0.29613515734672546
2025-09-16,-153.25,chl,0.2944812476634979
2025-09-16,-153.0,chl,0.2963821291923523
2025-09-16,-152.75,chl,0.29373717308044434
2025-09-16,-152.5,chl,0.2932019531726837
2025-09-16,-152.25,chl,0.2901425361633301
2025-09-16,-152.0,chl,0.29022878408432007
2025-09-16,-151.75,chl,0.2873164713382721
2025-09-16,-151.5,chl,0.28332090377807617
2025-09-16,-151.25,chl,0.28017839789390564
2025-09-16,-151.0,chl,0.2780221700668335
2025-09-16,-150.75,chl,0.27576929330825806
2025-09-16,-150.5,chl,0.2749701738357544
2025-09-16,-150.25,chl,0.27521634101867676
2025-09-16,-150.0,chl,0.27436867356300354
2025-09-16,-149.75,chl,0.2735131084918976
2025-09-16,-149.5,chl,0.27514174580574036
2025-09-16,-149.25,chl,0.2762238383293152
2025-09-16,-149.0,chl,0.2775247395038605
2025-09-16,-148.75,chl,0.27928653359413147
2025-09-16,-148.5,chl,0.27996325492858887
2025-09-16,-148.25,chl,0.2826419770717621
2025-09-16,-148.0,chl,0.2823679447174072
2025-09-16,-147.75,chl,0.28232911229133606
2025-09-16,-147.5,chl,0.27928557991981506
2025-09-16,-147.25,chl,0.27548742294311523
2025-09-16,-147.0,chl,0.27255743741989136
2025-09-16,-146.75,chl,0.26970022916793823
2025-09-16,-146.5,chl,0.26836854219436646
2025-09-16,-146.25,chl,0.26730403304100037
2025-09-16,-146.0,chl,0.26777851581573486
2025-09-16,-145.75,chl,0.26840877532958984
2025-09-16,-145.5,chl,0.2681247889995575
2025-09-16,-145.25,chl,0.2679653763771057
2025-09-16,-145.0,chl,0.26842764019966125
2025-09-16,-144.75,chl,0.26774847507476807
2025-09-16,-144.5,chl,0.262831449508667
2025-09-16,-144.25,chl,0.25998586416244507
2025-09-16,-144.0,chl,0.25633805990219116
2025-09-16,-143.75,chl,0.24981063604354858
2025-09-16,-143.5,chl,0.2450733780860901
2025-09-16,-143.25,chl,0.2417089194059372
2025-09-16,-143.0,chl,0.2387479841709137
2025-09-16,-142.75,chl,0.23796238005161285
2025-09-16,-142.5,chl,0.2368382215499878
2025-09-16,-142.25,chl,0.23569612205028534
2025-09-16,-142.0,chl,0.23344005644321442
2025-09-16,-141.75,chl,0.2333078235387802
2025-09-16,-141.5,chl,0.23306430876255035
2025-09-16,-141.25,chl,0.2320379763841629
2025-09-16,-141.0,chl,0.2319236546754837
2025-09-16,-140.75,chl,0.2326241135597229
2025-09-16,-140.5,chl,0.2326008528470993
2025-09-16,-140.25,chl,0.23415443301200867
2025-09-16,-140.0,chl,0.23369745910167694
2025-09-16,-139.75,chl,0.23320592939853668
2025-09-16,-139.5,chl,0.23316411674022675
2025-09-16,-139.25,chl,0.23515014350414276
2025-09-16,-139.0,chl,0.23809444904327393
2025-09-16,-138.75,chl,0.24090830981731415
2025-09-16,-138.5,chl,0.24659967422485352
2025-09-16,-138.25,chl,0.24766792356967926
2025-09-16,-138.0,chl,0.24354977905750275
2025-09-16,-137.75,chl,0.2389628142118454
2025-09-16,-137.5,chl,0.23521952331066132
2025-09-16,-137.25,chl,0.2322804182767868
2025-09-16,-137.0,chl,0.2319178432226181
2025-09-16,-136.75,chl,0.22974589467048645
2025-09-16,-136.5,chl,0.22933362424373627
2025-09-16,-136.25,chl,0.22895705699920654
2025-09-16,-136.0,chl,0.2248874306678772
2025-09-16,-135.75,chl,0.22393512725830078
2025-09-16,-135.5,chl,0.2254215031862259
2025-09-16,-135.25,chl,0.22711676359176636
2025-09-16,-135.0,chl,0.23055405914783478
2025-09-16,-134.75,chl,0.23546990752220154
2025-09-16,-134.5,chl,0.2432352900505066
2025-09-16,-134.25,chl,0.2456425577402115
2025-09-16,-134.0,chl,0.25812438130378723
2025-09-16,-133.75,chl,0.2755154073238373
2025-09-16,-133.5,chl,0.26328030228614807
2025-09-16,-133.25,chl,0.2539530396461487
2025-09-16,-133.0,chl,0.25336208939552307
2025-09-16,-132.75,chl,0.24469655752182007
2025-09-16,-132.5,chl,0.24095264077186584
2025-09-16,-132.25,chl,0.23671777546405792
2025-09-16,-132.0,chl,0.2386144995689392
2025-09-16,-131.75,chl,0.2377122938632965
2025-09-16,-131.5,chl,0.24136671423912048
2025-09-16,-131.25,chl,0.2420804649591446
2025-09-16,-131.0,chl,0.2451711744070053
2025-09-16,-130.75,chl,0.24529972672462463
2025-09-16,-130.5,chl,0.23732653260231018
2025-09-16,-130.25,chl,0.22285334765911102
2025-09-16,-130.0,chl,0.2221396416425705
2025-09-16,-129.75,chl,0.22230622172355652
2025-09-16,-129.5,chl,0.22593559324741364
2025-09-16,-129.25,chl,0.22788800299167633
2025-09-16,-129.0,chl,0.2248893529176712
2025-09-16,-128.75,chl,0.22830218076705933
2025-09-16,-128.5,chl,0.23088817298412323
2025-09-16,-128.25,chl,0.22478915750980377
2025-09-16,-128.0,chl,0.23064345121383667
2025-09-16,-127.75,chl,0.22512608766555786
2025-09-16,-127.5,chl,0.22164013981819153
2025-09-16,-127.25,chl,0.22252649068832397
2025-09-16,-127.0,chl,0.22906672954559326
2025-09-16,-126.75,chl,0.2331106811761856
2025-09-16,-126.5,chl,0.22995294630527496
2025-09-16,-126.25,chl,0.23332059383392334
2025-09-16,-126.0,chl,0.23561254143714905
2025-09-16,-125.75,chl,0.24172578752040863
2025-09-16,-125.5,chl,0.2503970265388489
2025-09-16,-125.25,chl,0.2715033292770386
2025-09-16,-125.0,chl,0.3022962808609009
2025-09-16,-124.75,chl,0.3384385406970978
2025-09-16,-124.5,chl,0.3978221118450165
2025-09-16,-124.25,chl,0.3932705223560333
2025-09-16,-124.0,chl,0.293739914894104
2025-09-16,-123.75,chl,0.2450396716594696
2025-09-16,-123.5,chl,0.24031013250350952
2025-09-16,-123.25,chl,0.24281466007232666
2025-09-16,-123.0,chl,0.24274492263793945
2025-09-16,-122.75,chl,0.24061144888401031
2025-09-16,-122.5,chl,0.25055059790611267
2025-09-16,-122.25,chl,0.2317989468574524
2025-09-16,-122.0,chl,0.23473361134529114
2025-09-16,-121.75,chl,0.23059213161468506
2025-09-16,-121.5,chl,0.2330102026462555
2025-09-16,-121.25,chl,0.2273622751235962
2025-09-16,-121.0,chl,0.22642646729946136
2025-09-16,-120.75,chl,0.22765026986598969
2025-09-16,-120.5,chl,0.22284294664859772
2025-09-16,-120.25,chl,0.2231343537569046
2025-09-16,-120.0,chl,0.219994455575943
2025-09-16,-119.75,chl,0.22172962129116058
2025-09-16,-119.5,chl,0.22156518697738647
2025-09-16,-119.25,chl,0.22232767939567566
2025-09-16,-119.0,chl,0.22264114022254944
2025-09-16,-118.75,chl,0.229873389005661
2025-09-16,-118.5,chl,0.22902874648571014
2025-09-16,-118.25,chl,0.22700135409832
2025-09-16,-118.0,chl,0.22651271522045135
2025-09-16,-117.75,chl,0.22816036641597748
2025-09-16,-117.5,chl,0.2251029908657074
2025-09-16,-117.25,chl,0.2252056747674942
2025-09-16,-117.0,chl,0.22974951565265656
2025-09-16,-116.75,chl,0.22730350494384766
2025-09-16,-116.5,chl,0.22728818655014038
2025-09-16,-116.25,chl,0.23962078988552094
2025-09-16,-116.0,chl,0.23369720578193665
2025-09-16,-115.75,chl,0.22929470241069794
2025-09-16,-115.5,chl,0.22339792549610138
2025-09-16,-115.25,chl,0.21935413777828217
2025-09-16,-115.0,chl,0.21848119795322418
2025-09-16,-114.75,chl,0.21672433614730835
2025-09-16,-114.5,chl,0.2221280336380005
2025-09-16,-114.25,chl,0.22303499281406403
2025-09-16,-114.0,chl,0.22680382430553436
2025-09-16,-113.75,chl,0.22598592936992645
2025-09-16,-113.5,chl,0.21971413493156433
2025-09-16,-113.25,chl,0.21580782532691956
2025-09-16,-113.0,chl,0.21083422005176544
2025-09-16,-112.75,chl,0.20862314105033875
2025-09-16,-112.5,chl,0.20792417228221893
2025-09-16,-112.25,chl,0.21222534775733948
2025-09-16,-112.0,chl,0.2148408740758896
2025-09-16,-111.75,chl,0.2193157821893692
2025-09-16,-111.5,chl,0.22559303045272827
2025-09-16,-111.25,chl,0.2254098504781723
2025-09-16,-111.0,chl,0.2248372733592987
2025-09-16,-110.75,chl,0.22594547271728516
2025-09-16,-110.5,chl,0.2251923680305481
2025-09-16,-110.25,chl,0.22475488483905792
2025-09-16,-110.0,chl,0.22156542539596558
2025-09-16,-109.75,chl,0.22319430112838745
2025-09-16,-109.5,chl,0.22518032789230347
2025-09-16,-109.25,chl,0.22596949338912964
2025-09-16,-109.0,chl,0.22896327078342438
2025-09-16,-108.75,chl,0.22627072036266327
2025-09-16,-108.5,chl,0.23892487585544586
2025-09-16,-108.25,chl,0.24961256980895996
2025-09-16,-108.0,chl,0.2529509365558624
2025-09-16,-107.75,chl,0.2468472421169281
2025-09-16,-107.5,chl,0.24874942004680634
2025-09-16,-107.25,chl,0.24260447919368744
2025-09-16,-107.0,chl,0.23462404310703278
2025-09-16,-106.75,chl,0.23576243221759796
2025-09-16,-106.5,chl,0.23533087968826294
2025-09-16,-106.25,chl,0.23353534936904907
2025-09-16,-106.0,chl,0.23987311124801636
2025-09-16,-105.75,chl,0.25043076276779175
2025-09-16,-105.5,chl,0.2568401098251343
2025-09-16,-105.25,chl,0.2560456097126007
2025-09-16,-105.0,chl,0.2570270895957947
2025-09-16,-104.75,chl,0.25506165623664856
2025-09-16,-104.5,chl,0.267070472240448
2025-09-16,-104.25,chl,0.26262152194976807
2025-09-16,-104.0,chl,0.26155608892440796
2025-09-16,-103.75,chl,0.26140135526657104
2025-09-16,-103.5,chl,0.2570791244506836
2025-09-16,-103.25,chl,0.25725069642066956
2025-09-16,-103.0,chl,0.26235780119895935
2025-09-16,-102.75,chl,0.26854386925697327
2025-09-16,-102.5,chl,0.27797386050224304
2025-09-16,-102.25,chl,0.27933210134506226
2025-09-16,-102.0,chl,0.28402864933013916
2025-09-16,-101.75,chl,0.27593642473220825
2025-09-16,-101.5,chl,0.27640122175216675
2025-09-16,-101.25,chl,0.2765956521034241
2025-09-16,-101.0,chl,0.28432002663612366
2025-09-16,-100.75,chl,0.28425493836402893
2025-09-16,-100.5,chl,0.2833940088748932
2025-09-16,-100.25,chl,0.27620065212249756
2025-09-16,-100.0,chl,0.2752172648906708
2025-09-16,-99.75,chl,0.27414849400520325
2025-09-16,-99.5,chl,0.2766348123550415
2025-09-16,-99.25,chl,0.27569031715393066
2025-09-16,-99.0,chl,0.27394115924835205
2025-09-16,-98.75,chl,0.27032169699668884
2025-09-16,-98.5,chl,0.2680824100971222
2025-09-16,-98.25,chl,0.26925429701805115
2025-09-16,-98.0,chl,0.27304404973983765
2025-09-16,-97.75,chl,0.2953740656375885
2025-09-16,-97.5,chl,0.27203384041786194
2025-09-16,-97.25,chl,0.2694650888442993
2025-09-16,-97.0,chl,0.26675480604171753
2025-09-16,-96.75,chl,0.26202499866485596
2025-09-16,-96.5,chl,0.26367679238319397
2025-09-16,-96.25,chl,0.2711484432220459
2025-09-16,-96.0,chl,0.27111920714378357
2025-09-16,-95.75,chl,0.2696946859359741
2025-09-16,-95.5,chl,0.2653546929359436
2025-09-16,-95.25,chl,0.2541602849960327
2025-09-16,-95.0,chl,0.25007662177085876
2025-09-16,-94.75,chl,0.25525668263435364
2025-09-16,-94.5,chl,0.25882071256637573
2025-09-16,-94.25,chl,0.2592855989933014
2025-09-16,-94.0,chl,0.25739020109176636
2025-09-16,-93.75,chl,0.2591494917869568
2025-09-16,-93.5,chl,0.26820212602615356
2025-09-16,-93.25,chl,0.27362188696861267
2025-09-16,-93.0,chl,0.27971604466438293
2025-09-16,-92.75,chl,0.2894105315208435
2025-09-16,-92.5,chl,0.2917678654193878
2025-09-16,-92.25,chl,0.3031660318374634
2025-09-16,-92.0,chl,0.30044496059417725
2025-09-16,-91.75,chl,0.2985982298851013
2025-09-16,-91.5,chl,0.2838437259197235
2025-09-16,-91.25,chl,0.26503342390060425
2025-09-16,-91.0,chl,0.2657357156276703
2025-09-16,-90.75,chl,0.27518853545188904
2025-09-16,-90.5,chl,0.27928051352500916
2025-09-16,-90.25,chl,0.26856663823127747
2025-09-16,-90.0,chl,0.26834046840667725
2025-09-16,-89.75,chl,0.25638818740844727
2025-09-16,-89.5,chl,0.2488073706626892
2025-09-16,-89.25,chl,0.25077494978904724
2025-09-16,-89.0,chl,0.2611429989337921
2025-09-16,-88.75,chl,0.25529396533966064
2025-09-16,-88.5,chl,0.2515087425708771
2025-09-16,-88.25,chl,0.24815164506435394
2025-09-16,-88.0,chl,0.2456364631652832
2025-09-16,-87.75,chl,0.24582535028457642
2025-09-16,-87.5,chl,0.24654757976531982
2025-09-16,-87.25,chl,0.247238889336586
2025-09-16,-87.0,chl,0.24257910251617432
2025-09-16,-86.75,chl,0.24153684079647064
2025-09-16,-86.5,chl,0.24874505400657654
2025-09-16,-86.25,chl,0.2525119185447693
2025-09-16,-86.0,chl,0.2534886598587036
2025-09-16,-85.75,chl,0.25203937292099
2025-09-16,-85.5,chl,0.2543924152851105
2025-09-16,-85.25,chl,0.25248202681541443
2025-09-16,-85.0,chl,0.2504644989967346
2025-09-16,-84.75,chl,0.24981479346752167
2025-09-16,-84.5,chl,0.2561444044113159
2025-09-16,-84.25,chl,0.2577112019062042
2025-09-16,-84.0,chl,0.26745572686195374
2025-09-16,-83.75,chl,0.2751537263393402
2025-09-16,-83.5,chl,0.2909080386161804
2025-09-16,-83.25,chl,0.2874709963798523
2025-09-16,-83.0,chl,0.29067298769950867
2025-09-16,-82.75,chl,0.29767993092536926
2025-09-16,-82.5,chl,0.3015349507331848
2025-09-16,-82.25,chl,0.3139154613018036
2025-09-16,-82.0,chl,0.3293515741825104
2025-09-16,-81.75,chl,0.3394426703453064
2025-09-16,-81.5,chl,0.34891822934150696
2025-09-16,-81.25,chl,0.3462325632572174
2025-09-16,-81.0,chl,0.3269004225730896
2025-09-16,-80.75,chl,0.3200976252555847
2025-09-16,-80.5,chl,0.3346303105354309
2025-09-16,-80.25,chl,0.3394249379634857
2025-09-16,-80.0,chl,0.33663585782051086
2025-09-16,-79.75,chl,0.3371462821960449
2025-09-16,-79.5,chl,0.32945844531059265
2025-09-16,-79.25,chl,0.3261550962924957
2025-09-16,-79.0,chl,0.3349856734275818
2025-09-16,-78.75,chl,0.32081976532936096
2025-09-16,-78.5,chl,0.3339805603027344
2025-09-16,-78.25,chl,0.3443179428577423
2025-09-16,-78.0,chl,0.33786362409591675
2025-09-16,-77.75,chl,0.35207730531692505
2025-09-16,-77.5,chl,0.3662289083003998
2025-09-16,-77.25,chl,0.3445931077003479
2025-09-16,-77.0,chl,0.3266451954841614
2025-09-16,-76.75,chl,0.340681791305542
2025-09-16,-76.5,chl,0.34296825528144836
2025-09-16,-76.25,chl,0.33918532729148865
2025-09-16,-76.0,chl,0.3523685038089752
2025-09-16,-75.75,chl,0.38779598474502563
2025-09-16,-75.5,chl,0.39081501960754395
2025-09-16,-75.25,chl,0.43174657225608826
2025-09-16,-75.0,chl,0.4735555946826935
2025-09-16,-74.75,chl,0.45517370104789734
2025-09-16,-74.5,chl,0.4384920597076416
2025-09-16,-74.25,chl,0.4149017035961151
2025-09-16,-74.0,chl,0.4298258125782013
2025-09-16,-73.75,chl,0.4584757685661316
2025-09-16,-73.5,chl,0.4695630967617035
2025-09-16,-73.25,chl,0.4781782329082489
2025-09-16,-73.0,chl,0.4182768762111664
2025-09-16,-72.75,chl,0.40785646438598633
2025-09-16,-72.5,chl,0.43135079741477966
2025-09-16,-72.25,chl,0.4698316752910614
2025-09-16,-72.0,chl,0.5066961646080017
2025-09-16,-71.75,chl,0.5412951111793518
2025-09-16,-71.5,chl,0.4839792847633362
2025-09-16,-71.25,chl,0.45287737250328064
2025-09-16,-71.0,chl,0.5268656015396118
2025-09-16,-70.75,chl,0.5527878999710083
2025-09-16,-70.5,chl,0.4502406716346741
2025-09-16,-70.25,chl,0.4160217344760895
2025-09-16,-70.0,chl,0.2929704487323761
2025-09-16,-69.75,chl,0.28039416670799255
2025-09-16,-69.5,chl,0.29942402243614197
2025-09-16,-69.25,chl,0.3259512782096863
2025-09-16,-69.0,chl,0.38769444823265076
2025-09-16,-68.75,chl,0.3824250102043152
2025-09-16,-68.5,chl,0.39172205328941345
2025-09-16,-68.25,chl,0.40452274680137634
2025-09-16,-68.0,chl,0.4098568856716156
2025-09-16,-67.75,chl,0.4054577648639679
2025-09-16,-67.5,chl,0.4016438126564026
2025-09-16,-67.25,chl,0.41229188442230225
2025-09-16,-67.0,chl,0.44004034996032715
2025-09-16,-66.75,chl,0.43118149042129517
2025-09-16,-66.5,chl,0.4202723205089569
2025-09-16,-66.25,chl,0.42434215545654297
2025-09-16,-66.0,chl,0.4207986295223236
2025-09-16,-65.75,chl,0.42822879552841187
2025-09-16,-65.5,chl,0.41931986808776855
2025-09-16,-65.25,chl,0.42100414633750916
2025-09-16,-65.0,chl,0.4139779210090637
2025-09-16,-64.75,chl,0.4144771099090576
2025-09-16,-64.5,chl,0.4043567180633545
2025-09-16,-64.25,chl,0.3934273421764374
2025-09-16,-64.0,chl,0.3857046961784363
2025-09-16,-63.75,chl,0.3765605092048645
2025-09-16,-63.5,chl,0.3711243271827698
2025-09-16,-63.25,chl,0.36743471026420593
2025-09-16,-63.0,chl,0.3627600371837616
2025-09-16,-62.75,chl,0.36218178272247314
2025-09-16,-62.5,chl,0.36807554960250854
2025-09-16,-62.25,chl,0.3737180233001709
2025-09-16,-62.0,chl,0.3745574653148651
2025-09-16,-61.75,chl,0.362432599067688
2025-09-16,-61.5,chl,0.3563327193260193
2025-09-16,-61.25,chl,0.35254886746406555
2025-09-16,-61.0,chl,0.3650891184806824
2025-09-16,-60.75,chl,0.38151222467422485
2025-09-16,-60.5,chl,0.38668423891067505
2025-09-16,-60.25,chl,0.3585197627544403
2025-09-16,-60.0,chl,0.3562948405742645
2025-09-16,-59.75,chl,0.3587126135826111
2025-09-16,-59.5,chl,0.35928860306739807
2025-09-16,-59.25,chl,0.367729127407074
2025-09-16,-59.0,chl,0.3648334741592407
2025-09-16,-58.75,chl,0.34850093722343445
2025-09-16,-58.5,chl,0.34483110904693604
2025-09-16,-58.25,chl,0.3497060239315033
2025-09-16,-58.0,chl,0.35338786244392395
2025-09-16,-57.75,chl,0.35031142830848694
2025-09-16,-57.5,chl,0.3330109119415283
2025-09-16,-57.25,chl,0.3387790620326996
2025-09-16,-57.0,chl,0.3490622639656067
2025-09-16,-56.75,chl,0.351476788520813
2025-09-16,-56.5,chl,0.3541261553764343
2025-09-16,-56.25,chl,0.3531271517276764
2025-09-16,-56.0,chl,0.3593828082084656
2025-09-16,-55.75,chl,0.3611006438732147
2025-09-16,-55.5,chl,0.35593369603157043
2025-09-16,-55.25,chl,0.3480145037174225
2025-09-16,-55.0,chl,0.34104204177856445
2025-09-16,-54.75,chl,0.3388276696205139
2025-09-16,-54.5,chl,0.3340589702129364
2025-09-16,-54.25,chl,0.3334205448627472
2025-09-16,-54.0,chl,0.3344489336013794
2025-09-16,-53.75,chl,0.33338120579719543
2025-09-16,-53.5,chl,0.3355821967124939
2025-09-16,-53.25,chl,0.33808815479278564
2025-09-16,-53.0,chl,0.33459386229515076
2025-09-16,-52.75,chl,0.3301125168800354
2025-09-16,-52.5,chl,0.33238330483436584
2025-09-16,-52.25,chl,0.34573090076446533
2025-09-16,-52.0,chl,0.3585854470729828
2025-09-16,-51.75,chl,0.3725226819515228
2025-09-16,-51.5,chl,0.38380828499794006
2025-09-16,-51.25,chl,0.37518027424812317
2025-09-16,-51.0,chl,0.3819885849952698
2025-09-16,-50.75,chl,0.3704763650894165
2025-09-16,-50.5,chl,0.3656153678894043
2025-09-16,-50.25,chl,0.36330440640449524
2025-09-16,-50.0,chl,0.3578667640686035
2025-09-16,-49.75,chl,0.3662785291671753
2025-09-16,-49.5,chl,0.3571324944496155
2025-09-16,-49.25,chl,0.3613053858280182
2025-09-16,-49.0,chl,0.3430994153022766
2025-09-16,-48.75,chl,0.32465776801109314
2025-09-16,-48.5,chl,0.33103686571121216
2025-09-16,-48.25,chl,0.3137454092502594
2025-09-16,-48.0,chl,0.29903337359428406
2025-09-16,-47.75,chl,0.2911663353443146
2025-09-16,-47.5,chl,0.2888365685939789
2025-09-16,-47.25,chl,0.28832629323005676
2025-09-16,-47.0,chl,0.28755414485931396
2025-09-16,-46.75,chl,0.283402681350708
2025-09-16,-46.5,chl,0.2823867201805115
2025-09-16,-46.25,chl,0.28160539269447327
2025-09-16,-46.0,chl,0.28305622935295105
2025-09-16,-45.75,chl,0.28388187289237976
2025-09-16,-45.5,chl,0.28844836354255676
2025-09-16,-45.25,chl,0.28928321599960327
2025-09-16,-45.0,chl,0.2861599326133728
2025-09-16,-44.75,chl,0.2739696204662323
2025-09-16,-44.5,chl,0.27239203453063965
2025-09-16,-44.25,chl,0.27017679810523987
2025-09-16,-44.0,chl,0.26951152086257935
2025-09-16,-43.75,chl,0.2672487199306488
2025-09-16,-43.5,chl,0.26194822788238525
2025-09-16,-43.25,chl,0.2573029696941376
2025-09-16,-43.0,chl,0.2535645067691803
2025-09-16,-42.75,chl,0.2520582675933838
2025-09-16,-42.5,chl,0.2519361078739166
2025-09-16,-42.25,chl,0.2527807950973511
2025-09-16,-42.0,chl,0.25171446800231934
2025-09-16,-41.75,chl,0.25476735830307007
2025-09-16,-41.5,chl,0.25218695402145386
2025-09-16,-41.25,chl,0.25295308232307434
2025-09-16,-41.0,chl,0.2517209053039551
2025-09-16,-40.75,chl,0.2492380291223526
2025-09-16,-40.5,chl,0.24686098098754883
2025-09-16,-40.25,chl,0.2425600290298462
2025-09-16,-40.0,chl,0.23869356513023376
2025-09-16,-39.75,chl,0.23585887253284454
2025-09-16,-39.5,chl,0.23451471328735352
2025-09-16,-39.25,chl,0.2327502816915512
2025-09-16,-39.0,chl,0.23277904093265533
2025-09-16,-38.75,chl,0.23123566806316376
2025-09-16,-38.5,chl,0.228202685713768
2025-09-16,-38.25,chl,0.22396539151668549
2025-09-16,-38.0,chl,0.2216026932001114
2025-09-16,-37.75,chl,0.22004052996635437
2025-09-16,-37.5,chl,0.21852001547813416
2025-09-16,-37.25,chl,0.2119615077972412
2025-09-16,-37.0,chl,0.2126312553882599
2025-09-16,-36.75,chl,0.21316646039485931
2025-09-16,-36.5,chl,0.20943467319011688
2025-09-16,-36.25,chl,0.20445992052555084
2025-09-16,-36.0,chl,0.20659182965755463
2025-09-16,-35.75,chl,0.20533901453018188
2025-09-16,-35.5,chl,0.20159585773944855
2025-09-16,-35.25,chl,0.19786745309829712
2025-09-16,-35.0,chl,0.1946517676115036
2025-09-16,-34.75,chl,0.19217965006828308
2025-09-16,-34.5,chl,0.18991580605506897
2025-09-16,-34.25,chl,0.18839825689792633
2025-09-16,-34.0,chl,0.18736743927001953
2025-09-16,-33.75,chl,0.18664857745170593
2025-09-16,-33.5,chl,0.18581131100654602
2025-09-16,-33.25,chl,0.18440476059913635
2025-09-16,-33.0,chl,0.1828417181968689
2025-09-16,-32.75,chl,0.1810091733932495
2025-09-16,-32.5,chl,0.17946770787239075
2025-09-16,-32.25,chl,0.1785748451948166
2025-09-16,-32.0,chl,0.17936737835407257
2025-09-16,-31.75,chl,0.18044067919254303
2025-09-16,-31.5,chl,0.18000753223896027
2025-09-16,-31.25,chl,0.17847701907157898
2025-09-16,-31.0,chl,0.17749644815921783
2025-09-16,-30.75,chl,0.17712748050689697
2025-09-16,-30.5,chl,0.17732863128185272
2025-09-16,-30.25,chl,0.17730821669101715
2025-09-16,-30.0,chl,0.17752952873706818
2025-09-16,-29.75,chl,0.17778830230236053
2025-09-16,-29.5,chl,0.17817413806915283
2025-09-16,-29.25,chl,0.17897512018680573
2025-09-16,-29.0,chl,0.17976026237010956
2025-09-16,-28.75,chl,0.1822565346956253
2025-09-16,-28.5,chl,0.18374593555927277
2025-09-16,-28.25,chl,0.18315671384334564
2025-09-16,-28.0,chl,0.1815769076347351
2025-09-16,-27.75,chl,0.18027056753635406
2025-09-16,-27.5,chl,0.17977748811244965
2025-09-16,-27.25,chl,0.17988863587379456
2025-09-16,-27.0,chl,0.17966163158416748
2025-09-16,-26.75,chl,0.17865654826164246
2025-09-16,-26.5,chl,0.1782958060503006
2025-09-16,-26.25,chl,0.17762060463428497
2025-09-16,-26.0,chl,0.17843599617481232
2025-09-16,-25.75,chl,0.17905889451503754
2025-09-16,-25.5,chl,0.18062946200370789
2025-09-16,-25.25,chl,0.18086941540241241
2025-09-16,-25.0,chl,0.18142125010490417
2025-09-16,-24.75,chl,0.18261244893074036
2025-09-16,-24.5,chl,0.18626539409160614
2025-09-16,-24.25,chl,0.18803787231445312
2025-09-16,-24.0,chl,0.18854475021362305
2025-09-16,-23.75,chl,0.18834735453128815
2025-09-16,-23.5,chl,0.19219312071800232
2025-09-16,-23.25,chl,0.19614680111408234
2025-09-16,-23.0,chl,0.19942119717597961
2025-09-16,-22.75,chl,0.20042110979557037
2025-09-16,-22.5,chl,0.2032243013381958
2025-09-16,-22.25,chl,0.20481789112091064
2025-09-16,-22.0,chl,0.20799429714679718
2025-09-16,-21.75,chl,0.21175700426101685
2025-09-16,-21.5,chl,0.2141197919845581
2025-09-16,-21.25,chl,0.21627181768417358
2025-09-16,-21.0,chl,0.2171546369791031
2025-09-16,-20.75,chl,0.2174823135137558
2025-09-16,-20.5,chl,0.2184399664402008
2025-09-16,-20.25,chl,0.2160014808177948
2025-09-16,-20.0,chl,0.21981237828731537
2025-09-16,-19.75,chl,0.2222685068845749
2025-09-16,-19.5,chl,0.22083939611911774
2025-09-16,-19.25,chl,0.21880009770393372
2025-09-16,-19.0,chl,0.2179209142923355
2025-09-16,-18.75,chl,0.21760821342468262
2025-09-16,-18.5,chl,0.21786372363567352
2025-09-16,-18.25,chl,0.22130756080150604
2025-09-16,-18.0,chl,0.22513934969902039
2025-09-16,-17.75,chl,0.23145075142383575
2025-09-16,-17.5,chl,0.24300813674926758
2025-09-16,-17.25,chl,0.255890429019928
2025-09-16,-17.0,chl,0.2706145644187927
2025-09-16,-16.75,chl,0.2458736002445221
2025-09-16,-16.5,chl,0.23811937868595123
2025-09-16,-16.25,chl,0.23300601541996002
2025-09-16,-16.0,chl,0.2323724329471588
2025-09-16,-15.75,chl,0.2320616990327835
2025-09-16,-15.5,chl,0.23571480810642242
2025-09-16,-15.25,chl,0.2336188107728958
2025-09-16,-15.0,chl,0.2310577780008316
2025-09-16,-14.75,chl,0.22702740132808685
2025-09-16,-14.5,chl,0.22317726910114288
2025-09-16,-14.25,chl,0.22101543843746185
2025-09-16,-14.0,chl,0.2305760681629181
2025-09-16,-13.75,chl,0.24208876490592957
2025-09-16,-13.5,chl,0.24717633426189423
2025-09-16,-13.25,chl,0.22839264571666718
2025-09-16,-13.0,chl,0.22504150867462158
2025-09-16,-12.75,chl,0.23142793774604797
2025-09-16,-12.5,chl,0.22257325053215027
2025-09-16,-12.25,chl,0.22400139272212982
2025-09-16,-12.0,chl,0.22194471955299377
2025-09-16,-11.75,chl,0.22618204355239868
2025-09-16,-11.5,chl,0.2232290357351303
2025-09-16,-11.25,chl,0.2241823524236679
2025-09-16,-11.0,chl,0.22913148999214172
2025-09-16,-10.75,chl,0.23939044773578644
2025-09-16,-10.5,chl,0.25536826252937317
2025-09-16,-10.25,chl,0.2742809057235718
2025-09-16,-10.0,chl,0.2870927155017853
2025-09-16,-9.75,chl,0.2745758891105652
2025-09-16,-9.5,chl,0.26874008774757385
2025-09-16,-9.25,chl,0.27370724081993103
2025-09-16,-9.0,chl,0.2761002779006958
2025-09-16,-8.75,chl,0.25496745109558105
2025-09-16,-8.5,chl,0.24075154960155487
2025-09-16,-8.25,chl,0.24246814846992493
2025-09-16,-8.0,chl,0.2448207288980484
2025-09-16,-7.75,chl,0.24638284742832184
2025-09-16,-7.5,chl,0.24748916923999786
2025-09-16,-7.25,chl,0.2509247958660126
2025-09-16,-7.0,chl,0.25651171803474426
2025-09-16,-6.75,chl,0.2590646743774414
2025-09-16,-6.5,chl,0.26477551460266113
2025-09-16,-6.25,chl,0.268152117729187
2025-09-16,-6.0,chl,0.2807057499885559
2025-09-16,-5.75,chl,0.2793411612510681
2025-09-16,-5.5,chl,0.2789597809314728
2025-09-16,-5.25,chl,0.2809048295021057
2025-09-16,-5.0,chl,0.2838732898235321
2025-09-16,-4.75,chl,0.2828102111816406
2025-09-16,-4.5,chl,0.2822781503200531
2025-09-16,-4.25,chl,0.2857087254524231
2025-09-16,-4.0,chl,0.2889702022075653
2025-09-16,-3.75,chl,0.28612378239631653
2025-09-16,-3.5,chl,0.28328368067741394
2025-09-16,-3.25,chl,0.28021517395973206
2025-09-16,-3.0,chl,0.27846235036849976
2025-09-16,-2.75,chl,0.27821433544158936
2025-09-16,-2.5,chl,0.27407217025756836
2025-09-16,-2.25,chl,0.27650749683380127
2025-09-16,-2.0,chl,0.2646598815917969
2025-09-16,-1.75,chl,0.26705121994018555
2025-09-16,-1.5,chl,0.27590301632881165
2025-09-16,-1.25,chl,0.2750779092311859
2025-09-16,-1.0,chl,0.273750364780426
2025-09-16,-0.75,chl,0.26819247007369995
2025-09-16,-0.5,chl,0.266961932182312
2025-09-16,-0.25,chl,0.26812028884887695
2025-09-16,0.0,chl,0.261287659406662
2025-09-16,0.25,chl,0.2713373303413391
2025-09-16,0.5,chl,0.2675327658653259
2025-09-16,0.75,chl,0.2613612413406372
2025-09-16,1.0,chl,0.26965025067329407
2025-09-16,1.25,chl,0.26249995827674866
2025-09-16,1.5,chl,0.26293131709098816
2025-09-16,1.75,chl,0.2629295289516449
2025-09-16,2.0,chl,0.26706239581108093
2025-09-16,2.25,chl,0.262376993894577
2025-09-16,2.5,chl,0.2588426470756531
2025-09-16,2.75,chl,0.25635460019111633
2025-09-16,3.0,chl,0.2537961006164551
2025-09-16,3.25,chl,0.2539805471897125
2025-09-16,3.5,chl,0.2537326216697693
2025-09-16,3.75,chl,0.260015606880188
2025-09-16,4.0,chl,0.2619580924510956
2025-09-16,4.25,chl,0.2642172574996948
2025-09-16,4.5,chl,0.26781129837036133
2025-09-16,4.75,chl,0.25980859994888306
2025-09-16,5.0,chl,0.26205605268478394
2025-09-16,5.25,chl,0.25479963421821594
2025-09-16,5.5,chl,0.255845844745636
2025-09-16,5.75,chl,0.2550862431526184
2025-09-16,6.0,chl,0.2605441212654114
2025-09-16,6.25,chl,0.2628568708896637
2025-09-16,6.5,chl,0.265426903963089
2025-09-16,6.75,chl,0.2678122818470001
2025-09-16,7.0,chl,0.27049580216407776
2025-09-16,7.25,chl,0.2706373333930969
2025-09-16,7.5,chl,0.27193886041641235
2025-09-16,7.75,chl,0.2695096731185913
2025-09-16,8.0,chl,0.2698543667793274
2025-09-16,8.25,chl,0.2734672725200653
2025-09-16,8.5,chl,0.2907716929912567
2025-09-16,8.75,chl,0.2970988154411316
2025-09-16,9.0,chl,0.28816404938697815
2025-09-16,9.25,chl,0.3043074309825897
2025-09-16,9.5,chl,0.31316086649894714
2025-09-16,9.75,chl,0.30746451020240784
2025-09-16,10.0,chl,0.28771138191223145
2025-09-16,10.25,chl,0.2912532687187195
2025-09-16,10.5,chl,0.2980901896953583
2025-09-16,10.75,chl,0.3049194812774658
2025-09-16,11.0,chl,0.3184126317501068
2025-09-16,11.25,chl,0.3456782400608063
2025-09-16,11.5,chl,0.38715314865112305
2025-09-16,11.75,chl,0.40840232372283936
2025-09-16,12.0,chl,0.405649870634079
2025-09-16,12.25,chl,0.41086113452911377
2025-09-16,12.5,chl,0.4091664254665375
2025-09-16,12.75,chl,0.4037841558456421
2025-09-16,13.0,chl,0.3880632817745209
2025-09-16,13.25,chl,0.37696748971939087
2025-09-16,13.5,chl,0.3886001706123352
2025-09-16,13.75,chl,0.40038466453552246
2025-09-16,14.0,chl,0.41885823011398315
2025-09-16,14.25,chl,0.4589388370513916
2025-09-16,14.5,chl,0.4468004107475281
2025-09-16,14.75,chl,0.44837141036987305
2025-09-16,15.0,chl,0.41140884160995483
2025-09-16,15.25,chl,0.37796837091445923
2025-09-16,15.5,chl,0.38152775168418884
2025-09-16,15.75,chl,0.3732949495315552
2025-09-16,16.0,chl,0.39766448736190796
2025-09-16,16.25,chl,0.38933709263801575
2025-09-16,16.5,chl,0.41152283549308777
2025-09-16,16.75,chl,0.4018949568271637
2025-09-16,17.0,chl,0.38850605487823486
2025-09-16,17.25,chl,0.3411377966403961
2025-09-16,17.5,chl,0.3182286024093628
2025-09-16,17.75,chl,0.31463712453842163
2025-09-16,18.0,chl,0.3113325536251068
2025-09-16,18.25,chl,0.289258748292923
2025-09-16,18.5,chl,0.2738493084907532
2025-09-16,18.75,chl,0.2768617570400238
2025-09-16,19.0,chl,0.26401853561401367
2025-09-16,19.25,chl,0.26240649819374084
2025-09-16,19.5,chl,0.26340392231941223
2025-09-16,19.75,chl,0.26659470796585083
2025-09-16,20.0,chl,0.269969642162323
2025-09-16,20.25,chl,0.2732997536659241
2025-09-16,20.5,chl,0.27651074528694153
2025-09-16,20.75,chl,0.2814839780330658
2025-09-16,21.0,chl,0.29063692688941956
2025-09-16,21.25,chl,0.28891292214393616
2025-09-16,21.5,chl,0.2990627884864807
2025-09-16,21.75,chl,0.307672381401062
2025-09-16,22.0,chl,0.31466448307037354
2025-09-16,22.25,chl,0.32412242889404297
2025-09-16,22.5,chl,0.3323904275894165
2025-09-16,22.75,chl,0.33825886249542236
2025-09-16,23.0,chl,0.33986717462539673
2025-09-16,23.25,chl,0.34099870920181274
2025-09-16,23.5,chl,0.34831610321998596
2025-09-16,23.75,chl,0.35215380787849426
2025-09-16,24.0,chl,0.3536362946033478
2025-09-16,24.25,chl,0.346889466047287
2025-09-16,24.5,chl,0.34891510009765625
2025-09-16,24.75,chl,0.35582712292671204
2025-09-16,25.0,chl,0.3649423122406006
2025-09-16,25.25,chl,0.3614315092563629
2025-09-16,25.5,chl,0.3515513837337494
2025-09-16,25.75,chl,0.35566532611846924
2025-09-16,26.0,chl,0.36129897832870483
2025-09-16,26.25,chl,0.3686038553714752
2025-09-16,26.5,chl,0.36976489424705505
2025-09-16,26.75,chl,0.3669864237308502
2025-09-16,27.0,chl,0.3645442724227905
2025-09-16,27.25,chl,0.35945916175842285
2025-09-16,27.5,chl,0.3594769835472107
2025-09-16,27.75,chl,0.36862608790397644
2025-09-16,28.0,chl,0.37532705068588257
2025-09-16,28.25,chl,0.3660891056060791
2025-09-16,28.5,chl,0.36080652475357056
2025-09-16,28.75,chl,0.3785184621810913
2025-09-16,29.0,chl,0.38629454374313354
2025-09-16,29.25,chl,0.3785366415977478
2025-09-16,29.5,chl,0.36173486709594727
2025-09-16,29.75,chl,0.40329453349113464
2025-09-16,30.0,chl,0.37698933482170105
2025-09-16,30.25,chl,0.3595651686191559
2025-09-16,30.5,chl,0.35156258940696716
2025-09-16,30.75,chl,0.3498034179210663
2025-09-16,31.0,chl,0.3505687117576599
2025-09-16,31.25,chl,0.3528081178665161
2025-09-16,31.5,chl,0.3555375337600708
2025-09-16,31.75,chl,0.3573860228061676
2025-09-16,32.0,chl,0.35965242981910706
2025-09-16,32.25,chl,0.35824936628341675
2025-09-16,32.5,chl,0.3624992370605469
2025-09-16,32.75,chl,0.3560163378715515
2025-09-16,33.0,chl,0.34562987089157104
2025-09-16,33.25,chl,0.342639297246933
2025-09-16,33.5,chl,0.35114967823028564
2025-09-16,33.75,chl,0.34997114539146423
2025-09-16,34.0,chl,0.3422201871871948
2025-09-16,34.25,chl,0.3391436040401459
2025-09-16,34.5,chl,0.3325939178466797
2025-09-16,34.75,chl,0.33617401123046875
2025-09-16,35.0,chl,0.33765286207199097
2025-09-16,35.25,chl,0.3293836712837219
2025-09-16,35.5,chl,0.32152870297431946
2025-09-16,35.75,chl,0.31684350967407227
2025-09-16,36.0,chl,0.3187633156776428
2025-09-16,36.25,chl,0.31707966327667236
2025-09-16,36.5,chl,0.3180663585662842
2025-09-16,36.75,chl,0.3183566629886627
2025-09-16,37.0,chl,0.31634989380836487
2025-09-16,37.25,chl,0.31295648217201233
2025-09-16,37.5,chl,0.3094360828399658
2025-09-16,37.75,chl,0.3078146278858185
2025-09-16,38.0,chl,0.30488908290863037
2025-09-16,38.25,chl,0.29751959443092346
2025-09-16,38.5,chl,0.2969108521938324
2025-09-16,38.75,chl,0.2974063456058502
2025-09-16,39.0,chl,0.3038373291492462
2025-09-16,39.25,chl,0.3012288212776184
2025-09-16,39.5,chl,0.294523149728775
2025-09-16,39.75,chl,0.29383838176727295
2025-09-16,40.0,chl,0.3003171980381012
2025-09-16,40.25,chl,0.2956462800502777
2025-09-16,40.5,chl,0.27957332134246826
2025-09-16,40.75,chl,0.2732240855693817
2025-09-16,41.0,chl,0.2711199223995209
2025-09-16,41.25,chl,0.27325519919395447
2025-09-16,41.5,chl,0.27568519115448
2025-09-16,41.75,chl,0.28079715371131897
2025-09-16,42.0,chl,0.28442248702049255
2025-09-16,42.25,chl,0.2857794761657715
2025-09-16,42.5,chl,0.2887147068977356
2025-09-16,42.75,chl,0.2931504249572754
2025-09-16,43.0,chl,0.295920193195343
2025-09-16,43.25,chl,0.2983251214027405
2025-09-16,43.5,chl,0.30482757091522217
2025-09-16,43.75,chl,0.3114236891269684
2025-09-16,44.0,chl,0.313062459230423
2025-09-16,44.25,chl,0.3155488073825836
2025-09-16,44.5,chl,0.3203072249889374
2025-09-16,44.75,chl,0.3226606845855713
2025-09-16,45.0,chl,0.3245183229446411
2025-09-16,45.25,chl,0.32435038685798645
2025-09-16,45.5,chl,0.3235696852207184
2025-09-16,45.75,chl,0.3213654160499573
2025-09-16,46.0,chl,0.3176378905773163
2025-09-16,46.25,chl,0.3135247230529785
2025-09-16,46.5,chl,0.3148285150527954
2025-09-16,46.75,chl,0.3150852620601654
2025-09-16,47.0,chl,0.31685078144073486
2025-09-16,47.25,chl,0.3201157748699188
2025-09-16,47.5,chl,0.32186728715896606
2025-09-16,47.75,chl,0.32446813583374023
2025-09-16,48.0,chl,0.32707133889198303
2025-09-16,48.25,chl,0.3322153091430664
2025-09-16,48.5,chl,0.3434787392616272
2025-09-16,48.75,chl,0.34605729579925537
2025-09-16,49.0,chl,0.35094889998435974
2025-09-16,49.25,chl,0.3492382764816284
2025-09-16,49.5,chl,0.34064722061157227
2025-09-16,49.75,chl,0.33212539553642273
2025-09-16,50.0,chl,0.3241434693336487
2025-09-16,50.25,chl,0.3188800811767578
2025-09-16,50.5,chl,0.3174527585506439
2025-09-16,50.75,chl,0.31549274921417236
2025-09-16,51.0,chl,0.33205288648605347
2025-09-16,51.25,chl,0.3407171964645386
2025-09-16,51.5,chl,0.3410879671573639
2025-09-16,51.75,chl,0.34553462266921997
2025-09-16,52.0,chl,0.3518081307411194
2025-09-16,52.25,chl,0.3555085062980652
2025-09-16,52.5,chl,0.35314103960990906
2025-09-16,52.75,chl,0.34864380955696106
2025-09-16,53.0,chl,0.34156927466392517
2025-09-16,53.25,chl,0.33753451704978943
2025-09-16,53.5,chl,0.3356929421424866
2025-09-16,53.75,chl,0.33484989404678345
2025-09-16,54.0,chl,0.3523233234882355
2025-09-16,54.25,chl,0.3534010648727417
2025-09-16,54.5,chl,0.3530758321285248
2025-09-16,54.75,chl,0.35864412784576416
2025-09-16,55.0,chl,0.3642837405204773
2025-09-16,55.25,chl,0.36688941717147827
2025-09-16,55.5,chl,0.3692374527454376
2025-09-16,55.75,chl,0.35831698775291443
2025-09-16,56.0,chl,0.3466642200946808
2025-09-16,56.25,chl,0.34070101380348206
2025-09-16,56.5,chl,0.3406491279602051
2025-09-16,56.75,chl,0.36654558777809143
2025-09-16,57.0,chl,0.3594876527786255
2025-09-16,57.25,chl,0.3600746989250183
2025-09-16,57.5,chl,0.3489651083946228
2025-09-16,57.75,chl,0.36208412051200867
2025-09-16,58.0,chl,0.3668922483921051
2025-09-16,58.25,chl,0.35181924700737
2025-09-16,58.5,chl,0.3399812877178192
2025-09-16,58.75,chl,0.347749263048172
2025-09-16,59.0,chl,0.3428080379962921
2025-09-16,59.25,chl,0.3363909423351288
2025-09-16,59.5,chl,0.333269864320755
2025-09-16,59.75,chl,0.3296390175819397
2025-09-16,60.0,chl,0.3126348853111267
2025-09-16,60.25,chl,0.299826979637146
2025-09-16,60.5,chl,0.2919504642486572
2025-09-16,60.75,chl,0.2849447429180145
2025-09-16,61.0,chl,0.27935561537742615
2025-09-16,61.25,chl,0.2719064950942993
2025-09-16,61.5,chl,0.265074223279953
2025-09-16,61.75,chl,0.2592080533504486
2025-09-16,62.0,chl,0.25302526354789734
2025-09-16,62.25,chl,0.24753449857234955
2025-09-16,62.5,chl,0.24551957845687866
2025-09-16,62.75,chl,0.24471499025821686
2025-09-16,63.0,chl,0.24368683993816376
2025-09-16,63.25,chl,0.24220384657382965
2025-09-16,63.5,chl,0.24138301610946655
2025-09-16,63.75,chl,0.24122460186481476
2025-09-16,64.0,chl,0.2418927699327469
2025-09-16,64.25,chl,0.24084191024303436
2025-09-16,64.5,chl,0.2388048619031906
2025-09-16,64.75,chl,0.2361263483762741
2025-09-16,65.0,chl,0.23435281217098236
2025-09-16,65.25,chl,0.23305799067020416
2025-09-16,65.5,chl,0.23119165003299713
2025-09-16,65.75,chl,0.22943465411663055
2025-09-16,66.0,chl,0.22828014194965363
2025-09-16,66.25,chl,0.22685599327087402
2025-09-16,66.5,chl,0.22630450129508972
2025-09-16,66.75,chl,0.22657416760921478
2025-09-16,67.0,chl,0.23427292704582214
2025-09-16,67.25,chl,0.23732885718345642
2025-09-16,67.5,chl,0.23502673208713531
2025-09-16,67.75,chl,0.23839525878429413
2025-09-16,68.0,chl,0.24014762043952942
2025-09-16,68.25,chl,0.24446116387844086
2025-09-16,68.5,chl,0.25363463163375854
2025-09-16,68.75,chl,0.2685285210609436
2025-09-16,69.0,chl,0.2641565799713135
2025-09-16,69.25,chl,0.2634793221950531
2025-09-16,69.5,chl,0.2745501697063446
2025-09-16,69.75,chl,0.2779697775840759
2025-09-16,70.0,chl,0.28000760078430176
2025-09-16,70.25,chl,0.28930866718292236
2025-09-16,70.5,chl,0.29764068126678467
2025-09-16,70.75,chl,0.2907656729221344
2025-09-16,71.0,chl,0.2764366567134857
2025-09-16,71.25,chl,0.26222750544548035
2025-09-16,71.5,chl,0.25519514083862305
2025-09-16,71.75,chl,0.2773978114128113
2025-09-16,72.0,chl,0.27555051445961
2025-09-16,72.25,chl,0.28043001890182495
2025-09-16,72.5,chl,0.3144001066684723
2025-09-16,72.75,chl,0.32806023955345154
2025-09-16,73.0,chl,0.340036541223526
2025-09-16,73.25,chl,0.3609938621520996
2025-09-16,73.5,chl,0.3679671883583069
2025-09-16,73.75,chl,0.3643454313278198
2025-09-16,74.0,chl,0.33283737301826477
2025-09-16,74.25,chl,0.31935253739356995
2025-09-16,74.5,chl,0.2978077232837677
2025-09-16,74.75,chl,0.28960609436035156
2025-09-16,75.0,chl,0.27631911635398865
2025-09-16,75.25,chl,0.27664831280708313
2025-09-16,75.5,chl,0.28257933259010315
2025-09-16,75.75,chl,0.29030680656433105
2025-09-16,76.0,chl,0.2973594069480896
2025-09-16,76.25,chl,0.2970177233219147
2025-09-16,76.5,chl,0.30125007033348083
2025-09-16,76.75,chl,0.30851319432258606
2025-09-16,77.0,chl,0.31538572907447815
2025-09-16,77.25,chl,0.3213285505771637
2025-09-16,77.5,chl,0.32214754819869995
2025-09-16,77.75,chl,0.3153362572193146
2025-09-16,78.0,chl,0.3032381236553192
2025-09-16,78.25,chl,0.29793235659599304
2025-09-16,78.5,chl,0.2908550798892975
2025-09-16,78.75,chl,0.2863556444644928
2025-09-16,79.0,chl,0.28704404830932617
2025-09-16,79.25,chl,0.28841501474380493
2025-09-16,79.5,chl,0.2907296419143677
2025-09-16,79.75,chl,0.302092581987381
2025-09-16,80.0,chl,0.3108469247817993
2025-09-16,80.25,chl,0.3097730278968811
2025-09-16,80.5,chl,0.30574047565460205
2025-09-16,80.75,chl,0.30458709597587585
2025-09-16,81.0,chl,0.28254666924476624
2025-09-16,81.25,chl,0.2814890742301941
2025-09-16,81.5,chl,0.28637322783470154
2025-09-16,81.75,chl,0.2841535210609436
2025-09-16,82.0,chl,0.28122925758361816
2025-09-16,82.25,chl,0.2833079695701599
2025-09-16,82.5,chl,0.2760372459888458
2025-09-16,82.75,chl,0.2482689768075943
2025-09-16,83.0,chl,0.24643094837665558
2025-09-16,83.25,chl,0.23901131749153137
2025-09-16,83.5,chl,0.2395184189081192
2025-09-16,83.75,chl,0.24135388433933258
2025-09-16,84.0,chl,0.24326705932617188
2025-09-16,84.25,chl,0.2445836216211319
2025-09-16,84.5,chl,0.24560905992984772
2025-09-16,84.75,chl,0.24620921909809113
2025-09-16,85.0,chl,0.24766968190670013
2025-09-16,85.25,chl,0.2500145435333252
2025-09-16,85.5,chl,0.2525959312915802
2025-09-16,85.75,chl,0.25615131855010986
2025-09-16,86.0,chl,0.2591850757598877
2025-09-16,86.25,chl,0.26267921924591064
2025-09-16,86.5,chl,0.2671161890029907
2025-09-16,86.75,chl,0.2745259404182434
2025-09-16,87.0,chl,0.2788185179233551
2025-09-16,87.25,chl,0.26098453998565674
2025-09-16,87.5,chl,0.2596093714237213
2025-09-16,87.75,chl,0.26510483026504517
2025-09-16,88.0,chl,0.26554256677627563
2025-09-16,88.25,chl,0.2593534290790558
2025-09-16,88.5,chl,0.2600972056388855
2025-09-16,88.75,chl,0.2606823146343231
2025-09-16,89.0,chl,0.25985923409461975
2025-09-16,89.25,chl,0.26106423139572144
2025-09-16,89.5,chl,0.27516430616378784
2025-09-16,89.75,chl,0.28971806168556213
2025-09-16,90.0,chl,0.30887141823768616
2025-09-16,90.25,chl,0.3365126848220825
2025-09-16,90.5,chl,0.37213990092277527
2025-09-16,90.75,chl,0.45348986983299255
2025-09-16,91.0,chl,0.4285649359226227
2025-09-16,91.25,chl,0.39528125524520874
2025-09-16,91.5,chl,0.380710631608963
2025-09-16,91.75,chl,0.32305800914764404
2025-09-16,92.0,chl,0.23785334825515747
2025-09-16,92.25,chl,0.23847799003124237
2025-09-16,92.5,chl,0.24029704928398132
2025-09-16,92.75,chl,0.24528181552886963
2025-09-16,93.0,chl,0.23825465142726898
2025-09-16,93.25,chl,0.23596499860286713
2025-09-16,93.5,chl,0.2352810502052307
2025-09-16,93.75,chl,0.23467838764190674
2025-09-16,94.0,chl,0.2395855188369751
2025-09-16,94.25,chl,0.2497655749320984
2025-09-16,94.5,chl,0.26108771562576294
2025-09-16,94.75,chl,0.26805123686790466
2025-09-16,95.0,chl,0.2570068836212158
2025-09-16,95.25,chl,0.25676459074020386
2025-09-16,95.5,chl,0.2530885338783264
2025-09-16,95.75,chl,0.27044034004211426
2025-09-16,96.0,chl,0.2628393769264221
2025-09-16,96.25,chl,0.26760604977607727
2025-09-16,96.5,chl,0.25702834129333496
2025-09-16,96.75,chl,0.26474887132644653
2025-09-16,97.0,chl,0.29253560304641724
2025-09-16,97.25,chl,0.28360649943351746
2025-09-16,97.5,chl,0.2658795416355133
2025-09-16,97.75,chl,0.2694767415523529
2025-09-16,98.0,chl,0.27479618787765503
2025-09-16,98.25,chl,0.2767198085784912
2025-09-16,98.5,chl,0.2853127717971802
2025-09-16,98.75,chl,0.2891552448272705
2025-09-16,99.0,chl,0.29418691992759705
2025-09-16,99.25,chl,0.2921184003353119
2025-09-16,99.5,chl,0.29453766345977783
2025-09-16,99.75,chl,0.2970147430896759
2025-09-16,100.0,chl,0.2983793020248413
2025-09-16,100.25,chl,0.3067903518676758
2025-09-16,100.5,chl,0.30456241965293884
2025-09-16,100.75,chl,0.30298691987991333
2025-09-16,101.0,chl,0.29743772745132446
2025-09-16,101.25,chl,0.29704686999320984
2025-09-16,101.5,chl,0.2948572039604187
2025-09-16,101.75,chl,0.29204651713371277
2025-09-16,102.0,chl,0.2896263301372528
2025-09-16,102.25,chl,0.2890298068523407
2025-09-16,102.5,chl,0.2922939956188202
2025-09-16,102.75,chl,0.29597964882850647
2025-09-16,103.0,chl,0.2989223599433899
2025-09-16,103.25,chl,0.30443859100341797
2025-09-16,103.5,chl,0.3214641213417053
2025-09-16,103.75,chl,0.3058556616306305
2025-09-16,104.0,chl,0.3053031265735626
2025-09-16,104.25,chl,0.30092939734458923
2025-09-16,104.5,chl,0.2980400025844574
2025-09-16,104.75,chl,0.2937193512916565
2025-09-16,105.0,chl,0.29126131534576416
2025-09-16,105.25,chl,0.2916634976863861
2025-09-16,105.5,chl,0.2921031713485718
2025-09-16,105.75,chl,0.3074587881565094
2025-09-16,106.0,chl,0.33430010080337524
2025-09-16,106.25,chl,0.33100250363349915
2025-09-16,106.5,chl,0.32471033930778503
2025-09-16,106.75,chl,0.38703957200050354
2025-09-16,107.0,chl,0.3511140048503876
2025-09-16,107.25,chl,0.3336711525917053
2025-09-16,107.5,chl,0.32316112518310547
2025-09-16,107.75,chl,0.2988569438457489
2025-09-16,108.0,chl,0.29092100262641907
2025-09-16,108.25,chl,0.29045870900154114
2025-09-16,108.5,chl,0.2937588095664978
2025-09-16,108.75,chl,0.29388460516929626
2025-09-16,109.0,chl,0.29660069942474365
2025-09-16,109.25,chl,0.2920711040496826
2025-09-16,109.5,chl,0.2914600372314453
2025-09-16,109.75,chl,0.2885284125804901
2025-09-16,110.0,chl,0.28579917550086975
2025-09-16,110.25,chl,0.28691548109054565
2025-09-16,110.5,chl,0.29334765672683716
2025-09-16,110.75,chl,0.29249754548072815
2025-09-16,111.0,chl,0.29289594292640686
2025-09-16,111.25,chl,0.2886961102485657
2025-09-16,111.5,chl,0.28875964879989624
2025-09-16,111.75,chl,0.28875651955604553
2025-09-16,112.0,chl,0.29090026021003723
2025-09-16,112.25,chl,0.28981244564056396
2025-09-16,112.5,chl,0.2913932204246521
2025-09-16,112.75,chl,0.2960313558578491
2025-09-16,113.0,chl,0.3167835772037506
2025-09-16,113.25,chl,0.3237634003162384
2025-09-16,113.5,chl,0.32434359192848206
2025-09-16,113.75,chl,0.3617328405380249
2025-09-16,114.0,chl,0.33470651507377625
2025-09-16,114.25,chl,0.3256145417690277
2025-09-16,114.5,chl,0.32554033398628235
2025-09-16,114.75,chl,0.30878525972366333
2025-09-16,115.0,chl,0.2997661828994751
2025-09-16,115.25,chl,0.29606953263282776
2025-09-16,115.5,chl,0.2980743646621704
2025-09-16,115.75,chl,0.2895452678203583
2025-09-16,116.0,chl,0.28928568959236145
2025-09-16,116.25,chl,0.2884441018104553
2025-09-16,116.5,chl,0.28354036808013916
2025-09-16,116.75,chl,0.2774502635002136
2025-09-16,117.0,chl,0.28514233231544495
2025-09-16,117.25,chl,0.28515639901161194
2025-09-16,117.5,chl,0.2857283055782318
2025-09-16,117.75,chl,0.29730290174484253
2025-09-16,118.0,chl,0.290310800075531
2025-09-16,118.25,chl,0.28248631954193115
2025-09-16,118.5,chl,0.2803340256214142
2025-09-16,118.75,chl,0.282355397939682
2025-09-16,119.0,chl,0.298979252576828
2025-09-16,119.25,chl,0.29195722937583923
2025-09-16,119.5,chl,0.28843924403190613
2025-09-16,119.75,chl,0.2929641306400299
2025-09-16,120.0,chl,0.3004900813102722
2025-09-16,120.25,chl,0.30756640434265137
2025-09-16,120.5,chl,0.3423779308795929
2025-09-16,120.75,chl,0.3256552815437317
2025-09-16,121.0,chl,0.3639862835407257
2025-09-16,121.25,chl,0.3691951632499695
2025-09-16,121.5,chl,0.43741875886917114
2025-09-16,121.75,chl,0.4247811436653137
2025-09-16,122.0,chl,0.42747485637664795
2025-09-16,122.25,chl,0.37025412917137146
2025-09-16,122.5,chl,0.29888319969177246
2025-09-16,122.75,chl,0.2782026529312134
2025-09-16,123.0,chl,0.27382421493530273
2025-09-16,123.25,chl,0.2736029028892517
2025-09-16,123.5,chl,0.27152690291404724
2025-09-16,123.75,chl,0.27329543232917786
2025-09-16,124.0,chl,0.27282923460006714
2025-09-16,124.25,chl,0.27403563261032104
2025-09-16,124.5,chl,0.2769027650356293
2025-09-16,124.75,chl,0.2786098122596741
2025-09-16,125.0,chl,0.2850939929485321
2025-09-16,125.25,chl,0.28646570444107056
2025-09-16,125.5,chl,0.28199267387390137
2025-09-16,125.75,chl,0.28859269618988037
2025-09-16,126.0,chl,0.2916111648082733
2025-09-16,126.25,chl,0.313538134098053
2025-09-16,126.5,chl,0.31570813059806824
2025-09-16,126.75,chl,0.290386825799942
2025-09-16,127.0,chl,0.2812402546405792
2025-09-16,127.25,chl,0.2788834273815155
2025-09-16,127.5,chl,0.28083956241607666
2025-09-16,127.75,chl,0.28776752948760986
2025-09-16,128.0,chl,0.2816229462623596
2025-09-16,128.25,chl,0.27911657094955444
2025-09-16,128.5,chl,0.2867959439754486
2025-09-16,128.75,chl,0.29168298840522766
2025-09-16,129.0,chl,0.30237263441085815
2025-09-16,129.25,chl,0.3223190903663635
2025-09-16,129.5,chl,0.32303139567375183
2025-09-16,129.75,chl,0.3181203603744507
2025-09-16,130.0,chl,0.3115633726119995
2025-09-16,130.25,chl,0.30674710869789124
2025-09-16,130.5,chl,0.31206458806991577
2025-09-16,130.75,chl,0.2982307970523834
2025-09-16,131.0,chl,0.29790398478507996
2025-09-16,131.25,chl,0.3009093701839447
2025-09-16,131.5,chl,0.2996602952480316
2025-09-16,131.75,chl,0.2988370954990387
2025-09-16,132.0,chl,0.3010070323944092
2025-09-16,132.25,chl,0.3016600012779236
2025-09-16,132.5,chl,0.3047410547733307
2025-09-16,132.75,chl,0.3076161742210388
2025-09-16,133.0,chl,0.30476781725883484
2025-09-16,133.25,chl,0.30374643206596375
2025-09-16,133.5,chl,0.30095383524894714
2025-09-16,133.75,chl,0.2944243848323822
2025-09-16,134.0,chl,0.29231274127960205
2025-09-16,134.25,chl,0.2919384241104126
2025-09-16,134.5,chl,0.28963503241539
2025-09-16,134.75,chl,0.28529003262519836
2025-09-16,135.0,chl,0.2858540415763855
2025-09-16,135.25,chl,0.28303369879722595
2025-09-16,135.5,chl,0.27696195244789124
2025-09-16,135.75,chl,0.27678433060646057
2025-09-16,136.0,chl,0.27431783080101013
2025-09-16,136.25,chl,0.2797795534133911
2025-09-16,136.5,chl,0.28210514783859253
2025-09-16,136.75,chl,0.3017469346523285
2025-09-16,137.0,chl,0.30286821722984314
2025-09-16,137.25,chl,0.3002508878707886
2025-09-16,137.5,chl,0.28416991233825684
2025-09-16,137.75,chl,0.2752915024757385
2025-09-16,138.0,chl,0.27482226490974426
2025-09-16,138.25,chl,0.2742285132408142
2025-09-16,138.5,chl,0.2758340835571289
2025-09-16,138.75,chl,0.27267199754714966
2025-09-16,139.0,chl,0.26506397128105164
2025-09-16,139.25,chl,0.27065736055374146
2025-09-16,139.5,chl,0.2722317576408386
2025-09-16,139.75,chl,0.2699100971221924
2025-09-16,140.0,chl,0.2610326111316681
2025-09-16,140.25,chl,0.26173102855682373
2025-09-16,140.5,chl,0.2667680084705353
2025-09-16,140.75,chl,0.2944912612438202
2025-09-16,141.0,chl,0.30135172605514526
2025-09-16,141.25,chl,0.32642287015914917
2025-09-16,141.5,chl,0.3699386715888977
2025-09-16,141.75,chl,0.345280259847641
2025-09-16,142.0,chl,0.3007837235927582
2025-09-16,142.25,chl,0.2909235656261444
2025-09-16,142.5,chl,0.2852552533149719
2025-09-16,142.75,chl,0.26889216899871826
2025-09-16,143.0,chl,0.2749766707420349
2025-09-16,143.25,chl,0.2830127775669098
2025-09-16,143.5,chl,0.28753048181533813
2025-09-16,143.75,chl,0.28790974617004395
2025-09-16,144.0,chl,0.286593496799469
2025-09-16,144.25,chl,0.28592929244041443
2025-09-16,144.5,chl,0.2877625823020935
2025-09-16,144.75,chl,0.28528380393981934
2025-09-16,145.0,chl,0.2844686508178711
2025-09-16,145.25,chl,0.27845269441604614
2025-09-16,145.5,chl,0.269586980342865
2025-09-16,145.75,chl,0.26348310708999634
2025-09-16,146.0,chl,0.25630050897598267
2025-09-16,146.25,chl,0.2535516321659088
2025-09-16,146.5,chl,0.25429317355155945
2025-09-16,146.75,chl,0.24885620176792145
2025-09-16,147.0,chl,0.24960270524024963
2025-09-16,147.25,chl,0.2532365918159485
2025-09-16,147.5,chl,0.262046217918396
2025-09-16,147.75,chl,0.25973716378211975
2025-09-16,148.0,chl,0.2683544456958771
2025-09-16,148.25,chl,0.2704988121986389
2025-09-16,148.5,chl,0.2789040803909302
2025-09-16,148.75,chl,0.26162779331207275
2025-09-16,149.0,chl,0.2601271867752075
2025-09-16,149.25,chl,0.2717970907688141
2025-09-16,149.5,chl,0.2726024091243744
2025-09-16,149.75,chl,0.2748301327228546
2025-09-16,150.0,chl,0.29046013951301575
2025-09-16,150.25,chl,0.2970725893974304
2025-09-16,150.5,chl,0.2928732931613922
2025-09-16,150.75,chl,0.2854386568069458
2025-09-16,151.0,chl,0.2793715298175812
2025-09-16,151.25,chl,0.27901872992515564
2025-09-16,151.5,chl,0.28401315212249756
2025-09-16,151.75,chl,0.28784674406051636
2025-09-16,152.0,chl,0.2832437753677368
2025-09-16,152.25,chl,0.2871463894844055
2025-09-16,152.5,chl,0.2849038243293762
2025-09-16,152.75,chl,0.28379905223846436
2025-09-16,153.0,chl,0.28608208894729614
2025-09-16,153.25,chl,0.2885184586048126
2025-09-16,153.5,chl,0.28672611713409424
2025-09-16,153.75,chl,0.2836878001689911
2025-09-16,154.0,chl,0.27656298875808716
2025-09-16,154.25,chl,0.2698104679584503
2025-09-16,154.5,chl,0.26740124821662903
2025-09-16,154.75,chl,0.27533942461013794
2025-09-16,155.0,chl,0.28564906120300293
2025-09-16,155.25,chl,0.2972623407840729
2025-09-16,155.5,chl,0.2990250289440155
2025-09-16,155.75,chl,0.29348617792129517
2025-09-16,156.0,chl,0.28044065833091736
2025-09-16,156.25,chl,0.2767137587070465
2025-09-16,156.5,chl,0.27535340189933777
2025-09-16,156.75,chl,0.2678581476211548
2025-09-16,157.0,chl,0.2606031000614166
2025-09-16,157.25,chl,0.25741422176361084
2025-09-16,157.5,chl,0.2578032612800598
2025-09-16,157.75,chl,0.25834739208221436
2025-09-16,158.0,chl,0.2564553916454315
2025-09-16,158.25,chl,0.2542528510093689
2025-09-16,158.5,chl,0.25721490383148193
2025-09-16,158.75,chl,0.2572009563446045
2025-09-16,159.0,chl,0.2549530565738678
2025-09-16,159.25,chl,0.2533869743347168
2025-09-16,159.5,chl,0.251843124628067
2025-09-16,159.75,chl,0.26068809628486633
2025-09-16,160.0,chl,0.2618899345397949
2025-09-16,160.25,chl,0.2653208076953888
2025-09-16,160.5,chl,0.26289230585098267
2025-09-16,160.75,chl,0.2651575207710266
2025-09-16,161.0,chl,0.26191169023513794
2025-09-16,161.25,chl,0.26111024618148804
2025-09-16,161.5,chl,0.257051020860672
2025-09-16,161.75,chl,0.2626957595348358
2025-09-16,162.0,chl,0.2695058584213257
2025-09-16,162.25,chl,0.275505930185318
2025-09-16,162.5,chl,0.266434907913208
2025-09-16,162.75,chl,0.25350114703178406
2025-09-16,163.0,chl,0.25208353996276855
2025-09-16,163.25,chl,0.2622894048690796
2025-09-16,163.5,chl,0.2589960992336273
2025-09-16,163.75,chl,0.2532993257045746
2025-09-16,164.0,chl,0.24489714205265045
2025-09-16,164.25,chl,0.24433179199695587
2025-09-16,164.5,chl,0.2438686341047287
2025-09-16,164.75,chl,0.24368974566459656
2025-09-16,165.0,chl,0.24488067626953125
2025-09-16,165.25,chl,0.24890229105949402
2025-09-16,165.5,chl,0.2511267066001892
2025-09-16,165.75,chl,0.24961882829666138
2025-09-16,166.0,chl,0.24659308791160583
2025-09-16,166.25,chl,0.24618779122829437
2025-09-16,166.5,chl,0.2514125108718872
2025-09-16,166.75,chl,0.2542271018028259
2025-09-16,167.0,chl,0.25528353452682495
2025-09-16,167.25,chl,0.2537092864513397
2025-09-16,167.5,chl,0.24985989928245544
2025-09-16,167.75,chl,0.24568890035152435
2025-09-16,168.0,chl,0.24517811834812164
2025-09-16,168.25,chl,0.24598602950572968
2025-09-16,168.5,chl,0.24353891611099243
2025-09-16,168.75,chl,0.2455776184797287
2025-09-16,169.0,chl,0.24855321645736694
2025-09-16,169.25,chl,0.24974960088729858
2025-09-16,169.5,chl,0.2526399493217468
2025-09-16,169.75,chl,0.247537299990654
2025-09-16,170.0,chl,0.24381759762763977
2025-09-16,170.25,chl,0.24679973721504211
2025-09-16,170.5,chl,0.2532658278942108
2025-09-16,170.75,chl,0.260772705078125
2025-09-16,171.0,chl,0.26892220973968506
2025-09-16,171.25,chl,0.2870158553123474
2025-09-16,171.5,chl,0.2874288558959961
2025-09-16,171.75,chl,0.287552148103714
2025-09-16,172.0,chl,0.28416791558265686
2025-09-16,172.25,chl,0.2852916419506073
2025-09-16,172.5,chl,0.29078271985054016
2025-09-16,172.75,chl,0.29368850588798523
2025-09-16,173.0,chl,0.3098573386669159
2025-09-16,173.25,chl,0.31973543763160706
2025-09-16,173.5,chl,0.3160031735897064
2025-09-16,173.75,chl,0.3128666877746582
2025-09-16,174.0,chl,0.3160324990749359
2025-09-16,174.25,chl,0.33085745573043823
2025-09-16,174.5,chl,0.32522228360176086
2025-09-16,174.75,chl,0.3173466622829437
2025-09-16,175.0,chl,0.3113175928592682
2025-09-16,175.25,chl,0.3002173602581024
2025-09-16,175.5,chl,0.3012891113758087
2025-09-16,175.75,chl,0.30056232213974
2025-09-16,176.0,chl,0.299470990896225
2025-09-16,176.25,chl,0.3042028844356537
2025-09-16,176.5,chl,0.30506670475006104
2025-09-16,176.75,chl,0.2992711365222931
2025-09-16,177.0,chl,0.3058723509311676
2025-09-16,177.25,chl,0.3029782474040985
2025-09-16,177.5,chl,0.3018580973148346
2025-09-16,177.75,chl,0.30103617906570435
2025-09-16,178.0,chl,0.30071258544921875
2025-09-16,178.25,chl,0.3032844066619873
2025-09-16,178.5,chl,0.301054984331131
2025-09-16,178.75,chl,0.3057056963443756
2025-09-16,179.0,chl,0.3118617832660675
2025-09-16,179.25,chl,0.3194116950035095
2025-09-16,179.5,chl,0.32906341552734375
2025-09-16,179.75,chl,0.3347179591655731
2025-09-16,-180.0,fe,0.0002388760622125119
2025-09-16,-179.75,fe,0.00022834081028122455
2025-09-16,-179.5,fe,0.0002209768135799095
2025-09-16,-179.25,fe,0.00023781367053743452
2025-09-16,-179.0,fe,0.000233328333706595
2025-09-16,-178.75,fe,0.0002229422243544832
2025-09-16,-178.5,fe,0.00021841787383891642
2025-09-16,-178.25,fe,0.0002021208347287029
2025-09-16,-178.0,fe,0.0001934090250870213
2025-09-16,-177.75,fe,0.0001872681750683114
2025-09-16,-177.5,fe,0.0001855634618550539
2025-09-16,-177.25,fe,0.00018523573817219585
2025-09-16,-177.0,fe,0.00018118371372111142
2025-09-16,-176.75,fe,0.00019214252824895084
2025-09-16,-176.5,fe,0.00018544771592132747
2025-09-16,-176.25,fe,0.00017524728900752962
2025-09-16,-176.0,fe,0.0001716645056148991
2025-09-16,-175.75,fe,0.0001575086935190484
2025-09-16,-175.5,fe,0.00014909330639056861
2025-09-16,-175.25,fe,0.00016080000204965472
2025-09-16,-175.0,fe,0.0001616476074559614
2025-09-16,-174.75,fe,0.00018828541215043515
2025-09-16,-174.5,fe,0.00019957350741606206
2025-09-16,-174.25,fe,0.0002007208822760731
2025-09-16,-174.0,fe,0.0001970400771824643
2025-09-16,-173.75,fe,0.00017041593673639
2025-09-16,-173.5,fe,0.00017049866437446326
2025-09-16,-173.25,fe,0.00018076931883115321
2025-09-16,-173.0,fe,0.00018365966388955712
2025-09-16,-172.75,fe,0.00019637812511064112
2025-09-16,-172.5,fe,0.00019354262622073293
2025-09-16,-172.25,fe,0.00020090528414584696
2025-09-16,-172.0,fe,0.00020166856120340526
2025-09-16,-171.75,fe,0.00019464455544948578
2025-09-16,-171.5,fe,0.00020255761046428233
2025-09-16,-171.25,fe,0.0002058628888335079
2025-09-16,-171.0,fe,0.0002049504400929436
2025-09-16,-170.75,fe,0.0002124508173437789
2025-09-16,-170.5,fe,0.00022023070778232068
2025-09-16,-170.25,fe,0.00021431129425764084
2025-09-16,-170.0,fe,0.0002292345161549747
2025-09-16,-169.75,fe,0.00023127526219468564
2025-09-16,-169.5,fe,0.00023387893452309072
2025-09-16,-169.25,fe,0.00024318115902133286
2025-09-16,-169.0,fe,0.0002482901036273688
2025-09-16,-168.75,fe,0.00025264808209612966
2025-09-16,-168.5,fe,0.00026415137108415365
2025-09-16,-168.25,fe,0.00027637294260784984
2025-09-16,-168.0,fe,0.0002923894498962909
2025-09-16,-167.75,fe,0.0003001707955263555
2025-09-16,-167.5,fe,0.00031645578565075994
2025-09-16,-167.25,fe,0.00033600148162804544
2025-09-16,-167.0,fe,0.00034248363226652145
2025-09-16,-166.75,fe,0.0003667172568384558
2025-09-16,-166.5,fe,0.00037843090831302106
2025-09-16,-166.25,fe,0.00039091589860618114
2025-09-16,-166.0,fe,0.0004014172882307321
2025-09-16,-165.75,fe,0.0003862092562485486
2025-09-16,-165.5,fe,0.00039613625267520547
2025-09-16,-165.25,fe,0.00041632758802734315
2025-09-16,-165.0,fe,0.0003881598240695894
2025-09-16,-164.75,fe,0.0003575427399482578
2025-09-16,-164.5,fe,0.0003373656654730439
2025-09-16,-164.25,fe,0.0003225890686735511
2025-09-16,-164.0,fe,0.00033882350544445217
2025-09-16,-163.75,fe,0.00033637078013271093
2025-09-16,-163.5,fe,0.00034131939173676074
2025-09-16,-163.25,fe,0.0003351608174853027
2025-09-16,-163.0,fe,0.0003234140749555081
2025-09-16,-162.75,fe,0.0003344572032801807
2025-09-16,-162.5,fe,0.0003499471058603376
2025-09-16,-162.25,fe,0.00034955382579937577
2025-09-16,-162.0,fe,0.00032036242191679776
2025-09-16,-161.75,fe,0.0002832695608958602
2025-09-16,-161.5,fe,0.0002833471808116883
2025-09-16,-161.25,fe,0.0002559327404014766
2025-09-16,-161.0,fe,0.0002659234160091728
2025-09-16,-160.75,fe,0.00025139463832601905
2025-09-16,-160.5,fe,0.0002480100665707141
2025-09-16,-160.25,fe,0.00023640200379304588
2025-09-16,-160.0,fe,0.00024456935352645814
2025-09-16,-159.75,fe,0.00023255815904121846
2025-09-16,-159.5,fe,0.00021594329155050218
2025-09-16,-159.25,fe,0.00022873129637446254
2025-09-16,-159.0,fe,0.00021752790780737996
2025-09-16,-158.75,fe,0.00026780966436490417
2025-09-16,-158.5,fe,0.0002640763996168971
2025-09-16,-158.25,fe,0.00023582071298733354
2025-09-16,-158.0,fe,0.00023195234825834632
2025-09-16,-157.75,fe,0.00021646267850883305
2025-09-16,-157.5,fe,0.00021630787523463368
2025-09-16,-157.25,fe,0.0002047647867584601
2025-09-16,-157.0,fe,0.0001894069428090006
2025-09-16,-156.75,fe,0.0001895829918794334
2025-09-16,-156.5,fe,0.00019843790505547076
2025-09-16,-156.25,fe,0.00020842805679421872
2025-09-16,-156.0,fe,0.0002107548207277432
2025-09-16,-155.75,fe,0.00020001108350697905
2025-09-16,-155.5,fe,0.00020219078578520566
2025-09-16,-155.25,fe,0.0002126331819454208
2025-09-16,-155.0,fe,0.00020650209626182914
2025-09-16,-154.75,fe,0.00021688811830244958
2025-09-16,-154.5,fe,0.00020520440011750907
2025-09-16,-154.25,fe,0.00020807000692002475
2025-09-16,-154.0,fe,0.00021504757751245052
2025-09-16,-153.75,fe,0.00021242696675471961
2025-09-16,-153.5,fe,0.00020326842786744237
2025-09-16,-153.25,fe,0.00021261227084323764
2025-09-16,-153.0,fe,0.00021450099302455783
2025-09-16,-152.75,fe,0.00020933206542395055
2025-09-16,-152.5,fe,0.00022573528985958546
2025-09-16,-152.25,fe,0.00022792376694269478
2025-09-16,-152.0,fe,0.00025212124455720186
2025-09-16,-151.75,fe,0.00025327393086627126
2025-09-16,-151.5,fe,0.0002454600762575865
2025-09-16,-151.25,fe,0.00021817079687025398
2025-09-16,-151.0,fe,0.00022161252854857594
2025-09-16,-150.75,fe,0.00020690783276222646
2025-09-16,-150.5,fe,0.00020134251099079847
2025-09-16,-150.25,fe,0.00020551435591187328
2025-09-16,-150.0,fe,0.0002001910179387778
2025-09-16,-149.75,fe,0.00020239206787664443
2025-09-16,-149.5,fe,0.00018585952057037503
2025-09-16,-149.25,fe,0.00018562268815003335
2025-09-16,-149.0,fe,0.00019091916328761727
2025-09-16,-148.75,fe,0.00019251111370977014
2025-09-16,-148.5,fe,0.00019104308739770204
2025-09-16,-148.25,fe,0.00021806199220009148
2025-09-16,-148.0,fe,0.00021552224643528461
2025-09-16,-147.75,fe,0.00020945200230926275
2025-09-16,-147.5,fe,0.00019170096493326128
2025-09-16,-147.25,fe,0.0001890389685286209
2025-09-16,-147.0,fe,0.00019791397789958864
2025-09-16,-146.75,fe,0.00019018028979189694
2025-09-16,-146.5,fe,0.00019379978766664863
2025-09-16,-146.25,fe,0.00018698877829592675
2025-09-16,-146.0,fe,0.0001900258648674935
2025-09-16,-145.75,fe,0.0001882539945654571
2025-09-16,-145.5,fe,0.00018475268734619021
2025-09-16,-145.25,fe,0.00018592133710626513
2025-09-16,-145.0,fe,0.00018914917018264532
2025-09-16,-144.75,fe,0.00018681053188629448
2025-09-16,-144.5,fe,0.00017296356963925064
2025-09-16,-144.25,fe,0.00017215542902704328
2025-09-16,-144.0,fe,0.00017428759019821882
2025-09-16,-143.75,fe,0.0001704516907921061
2025-09-16,-143.5,fe,0.00017178579582832754
2025-09-16,-143.25,fe,0.00016820093151181936
2025-09-16,-143.0,fe,0.0001607544836588204
2025-09-16,-142.75,fe,0.00015959104348439723
2025-09-16,-142.5,fe,0.00015988957602530718
2025-09-16,-142.25,fe,0.0001595159264979884
2025-09-16,-142.0,fe,0.00014735809236299247
2025-09-16,-141.75,fe,0.00015002459986135364
2025-09-16,-141.5,fe,0.00017105221922975034
2025-09-16,-141.25,fe,0.0001518006029073149
2025-09-16,-141.0,fe,0.0001558407093398273
2025-09-16,-140.75,fe,0.00015667306433897465
2025-09-16,-140.5,fe,0.00014264002675190568
2025-09-16,-140.25,fe,0.00015128462109714746
2025-09-16,-140.0,fe,0.00015429760969709605
2025-09-16,-139.75,fe,0.0001548701839055866
2025-09-16,-139.5,fe,0.0001520489458926022
2025-09-16,-139.25,fe,0.00015733673353679478
2025-09-16,-139.0,fe,0.00016313150990754366
2025-09-16,-138.75,fe,0.0001476967881899327
2025-09-16,-138.5,fe,0.00016419775784015656
2025-09-16,-138.25,fe,0.0001656754466239363
2025-09-16,-138.0,fe,0.000151577201904729
2025-09-16,-137.75,fe,0.00015814551443327218
2025-09-16,-137.5,fe,0.00016112416051328182
2025-09-16,-137.25,fe,0.00016648015298414975
2025-09-16,-137.0,fe,0.0001766800123732537
2025-09-16,-136.75,fe,0.00018384026770945638
2025-09-16,-136.5,fe,0.0001946483098436147
2025-09-16,-136.25,fe,0.00020133717043790966
2025-09-16,-136.0,fe,0.00022958923364058137
2025-09-16,-135.75,fe,0.00019038404570892453
2025-09-16,-135.5,fe,0.00018260980141349137
2025-09-16,-135.25,fe,0.00019119273929391056
2025-09-16,-135.0,fe,0.00020938309899065644
2025-09-16,-134.75,fe,0.00024235062301158905
2025-09-16,-134.5,fe,0.00028050842229276896
2025-09-16,-134.25,fe,0.0002564629539847374
2025-09-16,-134.0,fe,0.00030744532705284655
2025-09-16,-133.75,fe,0.0003384742885828018
2025-09-16,-133.5,fe,0.00030109292129054666
2025-09-16,-133.25,fe,0.0002821998205035925
2025-09-16,-133.0,fe,0.00027791212778538465
2025-09-16,-132.75,fe,0.00021010471391491592
2025-09-16,-132.5,fe,0.00019956115284003317
2025-09-16,-132.25,fe,0.00019417730800341815
2025-09-16,-132.0,fe,0.00020653671526815742
2025-09-16,-131.75,fe,0.0002096257812809199
2025-09-16,-131.5,fe,0.0002244816569145769
2025-09-16,-131.25,fe,0.00021024125453550369
2025-09-16,-131.0,fe,0.0002196058485424146
2025-09-16,-130.75,fe,0.00023314369900617748
2025-09-16,-130.5,fe,0.00022376315610017627
2025-09-16,-130.25,fe,0.0001808199885999784
2025-09-16,-130.0,fe,0.0001870459964266047
2025-09-16,-129.75,fe,0.00019914279982913285
2025-09-16,-129.5,fe,0.00021167821250855923
2025-09-16,-129.25,fe,0.00021251315774861723
2025-09-16,-129.0,fe,0.00019861319742631167
2025-09-16,-128.75,fe,0.00021120041492395103
2025-09-16,-128.5,fe,0.0002463750424794853
2025-09-16,-128.25,fe,0.00023516461078543216
2025-09-16,-128.0,fe,0.00023794363369233906
2025-09-16,-127.75,fe,0.00021243384981062263
2025-09-16,-127.5,fe,0.00019519297347869724
2025-09-16,-127.25,fe,0.0002005832939175889
2025-09-16,-127.0,fe,0.0002118998672813177
2025-09-16,-126.75,fe,0.00021431375353131443
2025-09-16,-126.5,fe,0.0001978007348952815
2025-09-16,-126.25,fe,0.00021006708266213536
2025-09-16,-126.0,fe,0.00021581737382803112
2025-09-16,-125.75,fe,0.0002287886309204623
2025-09-16,-125.5,fe,0.00024244471569545567
2025-09-16,-125.25,fe,0.0002888041199184954
2025-09-16,-125.0,fe,0.00031840402516536415
2025-09-16,-124.75,fe,0.00031104509253054857
2025-09-16,-124.5,fe,0.0003732717304956168
2025-09-16,-124.25,fe,0.00041351045365445316
2025-09-16,-124.0,fe,0.00032977404771372676
2025-09-16,-123.75,fe,0.00023719907039776444
2025-09-16,-123.5,fe,0.0002551578509155661
2025-09-16,-123.25,fe,0.0002793417952489108
2025-09-16,-123.0,fe,0.00028592697344720364
2025-09-16,-122.75,fe,0.0002606836787890643
2025-09-16,-122.5,fe,0.000257336359936744
2025-09-16,-122.25,fe,0.0002058272948488593
2025-09-16,-122.0,fe,0.00021816336084157228
2025-09-16,-121.75,fe,0.00020614027744159102
2025-09-16,-121.5,fe,0.00021247667609713972
2025-09-16,-121.25,fe,0.00020602230506483465
2025-09-16,-121.0,fe,0.00022190882009454072
2025-09-16,-120.75,fe,0.00023563510330859572
2025-09-16,-120.5,fe,0.00022332124353852123
2025-09-16,-120.25,fe,0.000227236989303492
2025-09-16,-120.0,fe,0.00022304488811641932
2025-09-16,-119.75,fe,0.00023487642465624958
2025-09-16,-119.5,fe,0.00023533198691438884
2025-09-16,-119.25,fe,0.00024360643874388188
2025-09-16,-119.0,fe,0.00024429825134575367
2025-09-16,-118.75,fe,0.0002764982054941356
2025-09-16,-118.5,fe,0.0002886356960516423
2025-09-16,-118.25,fe,0.00026551284827291965
2025-09-16,-118.0,fe,0.00027532377862371504
2025-09-16,-117.75,fe,0.0002867015136871487
2025-09-16,-117.5,fe,0.00028154707979410887
2025-09-16,-117.25,fe,0.0002844463160727173
2025-09-16,-117.0,fe,0.0002982151636388153
2025-09-16,-116.75,fe,0.00029737153090536594
2025-09-16,-116.5,fe,0.00029096382786519825
2025-09-16,-116.25,fe,0.00029836996691301465
2025-09-16,-116.0,fe,0.0003087554359808564
2025-09-16,-115.75,fe,0.000306359346723184
2025-09-16,-115.5,fe,0.000308378366753459
2025-09-16,-115.25,fe,0.000314653676468879
2025-09-16,-115.0,fe,0.0003188693954143673
2025-09-16,-114.75,fe,0.0003358714748173952
2025-09-16,-114.5,fe,0.0003981618501711637
2025-09-16,-114.25,fe,0.00040593455196358263
2025-09-16,-114.0,fe,0.00042538534034974873
2025-09-16,-113.75,fe,0.0004205708100926131
2025-09-16,-113.5,fe,0.0004162937984801829
2025-09-16,-113.25,fe,0.00043041384196840227
2025-09-16,-113.0,fe,0.0003930084058083594
2025-09-16,-112.75,fe,0.00040449612424708903
2025-09-16,-112.5,fe,0.00039667478995397687
2025-09-16,-112.25,fe,0.00041060999501496553
2025-09-16,-112.0,fe,0.00035826064413413405
2025-09-16,-111.75,fe,0.0003638731432147324
2025-09-16,-111.5,fe,0.0003694008628372103
2025-09-16,-111.25,fe,0.00037061324110254645
2025-09-16,-111.0,fe,0.00036184070631861687
2025-09-16,-110.75,fe,0.00037434123805724084
2025-09-16,-110.5,fe,0.0003922519972547889
2025-09-16,-110.25,fe,0.00038822926580905914
2025-09-16,-110.0,fe,0.000376936630345881
2025-09-16,-109.75,fe,0.0003662694653030485
2025-09-16,-109.5,fe,0.0003842080768663436
2025-09-16,-109.25,fe,0.00033693620935082436
2025-09-16,-109.0,fe,0.0003359147522132844
2025-09-16,-108.75,fe,0.0003085862554144114
2025-09-16,-108.5,fe,0.0003383292641956359
2025-09-16,-108.25,fe,0.000371111324056983
2025-09-16,-108.0,fe,0.00036239944165572524
2025-09-16,-107.75,fe,0.00033588707447052
2025-09-16,-107.5,fe,0.0003258716023992747
2025-09-16,-107.25,fe,0.00028958843904547393
2025-09-16,-107.0,fe,0.00027869088808074594
2025-09-16,-106.75,fe,0.0002959386620204896
2025-09-16,-106.5,fe,0.00032416582689620554
2025-09-16,-106.25,fe,0.0003123216738458723
2025-09-16,-106.0,fe,0.0003600418858695775
2025-09-16,-105.75,fe,0.0003884746110998094
2025-09-16,-105.5,fe,0.000383832142688334
2025-09-16,-105.25,fe,0.000370997644495219
2025-09-16,-105.0,fe,0.0003449399082455784
2025-09-16,-104.75,fe,0.0003389546473044902
2025-09-16,-104.5,fe,0.0003796960518229753
2025-09-16,-104.25,fe,0.0003566098748706281
2025-09-16,-104.0,fe,0.00035093430778943
2025-09-16,-103.75,fe,0.00037215877091512084
2025-09-16,-103.5,fe,0.00035245215985924006
2025-09-16,-103.25,fe,0.0003541424812283367
2025-09-16,-103.0,fe,0.0003674944455269724
2025-09-16,-102.75,fe,0.0003906193596776575
2025-09-16,-102.5,fe,0.00040557782631367445
2025-09-16,-102.25,fe,0.00040593769517727196
2025-09-16,-102.0,fe,0.00040662375977262855
2025-09-16,-101.75,fe,0.000396725139580667
2025-09-16,-101.5,fe,0.00041841264464892447
2025-09-16,-101.25,fe,0.00040295012877322733
2025-09-16,-101.0,fe,0.0004128786385990679
2025-09-16,-100.75,fe,0.0004061386571265757
2025-09-16,-100.5,fe,0.00039881624979898334
2025-09-16,-100.25,fe,0.0003279284865129739
2025-09-16,-100.0,fe,0.0003303835110273212
2025-09-16,-99.75,fe,0.00032207631738856435
2025-09-16,-99.5,fe,0.00035862738150171936
2025-09-16,-99.25,fe,0.0003783268330153078
2025-09-16,-99.0,fe,0.0004024601075798273
2025-09-16,-98.75,fe,0.0003812334907706827
2025-09-16,-98.5,fe,0.00034762502764351666
2025-09-16,-98.25,fe,0.00033643061760813
2025-09-16,-98.0,fe,0.000370990252122283
2025-09-16,-97.75,fe,0.00044380180770531297
2025-09-16,-97.5,fe,0.0005336341564543545
2025-09-16,-97.25,fe,0.0005990450154058635
2025-09-16,-97.0,fe,0.0006161103374324739
2025-09-16,-96.75,fe,0.0005516614182852209
2025-09-16,-96.5,fe,0.00058616983005777
2025-09-16,-96.25,fe,0.0006302156252786517
2025-09-16,-96.0,fe,0.0006266760174185038
2025-09-16,-95.75,fe,0.0006569311372004449
2025-09-16,-95.5,fe,0.0006157875177450478
2025-09-16,-95.25,fe,0.0005601334269158542
2025-09-16,-95.0,fe,0.000519061170052737
2025-09-16,-94.75,fe,0.0005614581750705838
2025-09-16,-94.5,fe,0.0005986140458844602
2025-09-16,-94.25,fe,0.0006074506090953946
2025-09-16,-94.0,fe,0.0005566318286582828
2025-09-16,-93.75,fe,0.0005708798998966813
2025-09-16,-93.5,fe,0.0005956939421594143
2025-09-16,-93.25,fe,0.000628389127086848
2025-09-16,-93.0,fe,0.0006697028293274343
2025-09-16,-92.75,fe,0.0006542225019074976
2025-09-16,-92.5,fe,0.0005970766651444137
2025-09-16,-92.25,fe,0.0006524532800540328
2025-09-16,-92.0,fe,0.0006362429121509194
2025-09-16,-91.75,fe,0.0006504296907223761
2025-09-16,-91.5,fe,0.0006144015933386981
2025-09-16,-91.25,fe,0.0005857233190909028
2025-09-16,-91.0,fe,0.0005547032924368978
2025-09-16,-90.75,fe,0.0005496558733284473
2025-09-16,-90.5,fe,0.0005722386995330453
2025-09-16,-90.25,fe,0.0005445093265734613
2025-09-16,-90.0,fe,0.0005767369293607771
2025-09-16,-89.75,fe,0.0005391291924752295
2025-09-16,-89.5,fe,0.0005171714001335204
2025-09-16,-89.25,fe,0.0005289840046316385
2025-09-16,-89.0,fe,0.0005913495551794767
2025-09-16,-88.75,fe,0.0005985736497677863
2025-09-16,-88.5,fe,0.0005606399499811232
2025-09-16,-88.25,fe,0.000653777620755136
2025-09-16,-88.0,fe,0.0006549019017256796
2025-09-16,-87.75,fe,0.0006078910664655268
2025-09-16,-87.5,fe,0.0006682111998088658
2025-09-16,-87.25,fe,0.0006635229219682515
2025-09-16,-87.0,fe,0.0006730061140842736
2025-09-16,-86.75,fe,0.0006655635661445558
2025-09-16,-86.5,fe,0.0006716541829518974
2025-09-16,-86.25,fe,0.0006918220315128565
2025-09-16,-86.0,fe,0.0006476151174865663
2025-09-16,-85.75,fe,0.0006438667769543827
2025-09-16,-85.5,fe,0.0006055624107830226
2025-09-16,-85.25,fe,0.0005754351150244474
2025-09-16,-85.0,fe,0.0005689719109795988
2025-09-16,-84.75,fe,0.0005678951274603605
2025-09-16,-84.5,fe,0.0005913007189519703
2025-09-16,-84.25,fe,0.0006058631115593016
2025-09-16,-84.0,fe,0.000681850709952414
2025-09-16,-83.75,fe,0.0007091153529472649
2025-09-16,-83.5,fe,0.0007855339208617806
2025-09-16,-83.25,fe,0.0007968854624778032
2025-09-16,-83.0,fe,0.0007954975590109825
2025-09-16,-82.75,fe,0.0007860895711928606
2025-09-16,-82.5,fe,0.0007257099496200681
2025-09-16,-82.25,fe,0.0007538317004218698
2025-09-16,-82.0,fe,0.0007879489567130804
2025-09-16,-81.75,fe,0.0007700177375227213
2025-09-16,-81.5,fe,0.0007851815316826105
2025-09-16,-81.25,fe,0.0008415828924626112
2025-09-16,-81.0,fe,0.0008924531866796315
2025-09-16,-80.75,fe,0.000859386520460248
2025-09-16,-80.5,fe,0.0009169870754703879
2025-09-16,-80.25,fe,0.00097924645524472
2025-09-16,-80.0,fe,0.0009811274940147996
2025-09-16,-79.75,fe,0.0009582895436324179
2025-09-16,-79.5,fe,0.0009683665703050792
2025-09-16,-79.25,fe,0.0010552508756518364
2025-09-16,-79.0,fe,0.0012498637661337852
2025-09-16,-78.75,fe,0.0012620429042726755
2025-09-16,-78.5,fe,0.0012762047117576003
2025-09-16,-78.25,fe,0.0012042599264532328
2025-09-16,-78.0,fe,0.001212013536132872
2025-09-16,-77.75,fe,0.0012118788436055183
2025-09-16,-77.5,fe,0.0013373331166803837
2025-09-16,-77.25,fe,0.0011797435581684113
2025-09-16,-77.0,fe,0.001140450476668775
2025-09-16,-76.75,fe,0.0011033819755539298
2025-09-16,-76.5,fe,0.0010434985160827637
2025-09-16,-76.25,fe,0.0010118199279531837
2025-09-16,-76.0,fe,0.0010125110857188702
2025-09-16,-75.75,fe,0.0010395984863862395
2025-09-16,-75.5,fe,0.001061568851582706
2025-09-16,-75.25,fe,0.0010806460632011294
2025-09-16,-75.0,fe,0.0011361497454345226
2025-09-16,-74.75,fe,0.001148542738519609
2025-09-16,-74.5,fe,0.001124757807701826
2025-09-16,-74.25,fe,0.0011551871430128813
2025-09-16,-74.0,fe,0.0011053510243073106
2025-09-16,-73.75,fe,0.0012263059616088867
2025-09-16,-73.5,fe,0.0012219949858263135
2025-09-16,-73.25,fe,0.0011410423321649432
2025-09-16,-73.0,fe,0.0011238562874495983
2025-09-16,-72.75,fe,0.001023376127704978
2025-09-16,-72.5,fe,0.0009383874130435288
2025-09-16,-72.25,fe,0.0009616921888664365
2025-09-16,-72.0,fe,0.0009588556131348014
2025-09-16,-71.75,fe,0.0010262049036100507
2025-09-16,-71.5,fe,0.00101397221442312
2025-09-16,-71.25,fe,0.0009678374044597149
2025-09-16,-71.0,fe,0.0010442951461300254
2025-09-16,-70.75,fe,0.0010488663101568818
2025-09-16,-70.5,fe,0.0011574900709092617
2025-09-16,-70.25,fe,0.0011171891819685698
2025-09-16,-70.0,fe,0.001179659622721374
2025-09-16,-69.75,fe,0.0011235900456085801
2025-09-16,-69.5,fe,0.0011536965612322092
2025-09-16,-69.25,fe,0.0012391674099490047
2025-09-16,-69.0,fe,0.001330768340267241
2025-09-16,-68.75,fe,0.0013234828365966678
2025-09-16,-68.5,fe,0.0012740235542878509
2025-09-16,-68.25,fe,0.001312095788307488
2025-09-16,-68.0,fe,0.001287543447688222
2025-09-16,-67.75,fe,0.001261375262401998
2025-09-16,-67.5,fe,0.0012939608423039317
2025-09-16,-67.25,fe,0.001356668071821332
2025-09-16,-67.0,fe,0.001348729245364666
2025-09-16,-66.75,fe,0.0013156041968613863
2025-09-16,-66.5,fe,0.0013107317499816418
2025-09-16,-66.25,fe,0.0012942817993462086
2025-09-16,-66.0,fe,0.0013122305972501636
2025-09-16,-65.75,fe,0.001339663751423359
2025-09-16,-65.5,fe,0.001293955952860415
2025-09-16,-65.25,fe,0.0012870789505541325
2025-09-16,-65.0,fe,0.001290815300308168
2025-09-16,-64.75,fe,0.001314729917794466
2025-09-16,-64.5,fe,0.0012977469014003873
2025-09-16,-64.25,fe,0.001276762573979795
2025-09-16,-64.0,fe,0.0011114070657640696
2025-09-16,-63.75,fe,0.001076521584764123
2025-09-16,-63.5,fe,0.0010353983379900455
2025-09-16,-63.25,fe,0.0010356003185734153
2025-09-16,-63.0,fe,0.001033540815114975
2025-09-16,-62.75,fe,0.001044740783981979
2025-09-16,-62.5,fe,0.001135244150646031
2025-09-16,-62.25,fe,0.0012897402048110962
2025-09-16,-62.0,fe,0.001264580525457859
2025-09-16,-61.75,fe,0.0012413330841809511
2025-09-16,-61.5,fe,0.0012191841378808022
2025-09-16,-61.25,fe,0.0011314841685816646
2025-09-16,-61.0,fe,0.0010913042351603508
2025-09-16,-60.75,fe,0.0012076391139999032
2025-09-16,-60.5,fe,0.00111621234100312
2025-09-16,-60.25,fe,0.0010083034867420793
2025-09-16,-60.0,fe,0.0009540311293676496
2025-09-16,-59.75,fe,0.0009392363135702908
2025-09-16,-59.5,fe,0.0008944825385697186
2025-09-16,-59.25,fe,0.0008559811976738274
2025-09-16,-59.0,fe,0.0008343142690137029
2025-09-16,-58.75,fe,0.0008378245402127504
2025-09-16,-58.5,fe,0.000813094899058342
2025-09-16,-58.25,fe,0.0008135668467730284
2025-09-16,-58.0,fe,0.0007809040835127234
2025-09-16,-57.75,fe,0.0007722267182543874
2025-09-16,-57.5,fe,0.0007530179573222995
2025-09-16,-57.25,fe,0.000798774475697428
2025-09-16,-57.0,fe,0.0008441148092970252
2025-09-16,-56.75,fe,0.0008421483216807246
2025-09-16,-56.5,fe,0.0008712822454981506
2025-09-16,-56.25,fe,0.0008436774951405823
2025-09-16,-56.0,fe,0.0008421698003076017
2025-09-16,-55.75,fe,0.0008779808995313942
2025-09-16,-55.5,fe,0.0008075546356849372
2025-09-16,-55.25,fe,0.0007661464624106884
2025-09-16,-55.0,fe,0.00070204894291237
2025-09-16,-54.75,fe,0.0006687171990051866
2025-09-16,-54.5,fe,0.0006175478920340538
2025-09-16,-54.25,fe,0.0006613543955609202
2025-09-16,-54.0,fe,0.0006701765232719481
2025-09-16,-53.75,fe,0.0006840621936134994
2025-09-16,-53.5,fe,0.0006705147097818553
2025-09-16,-53.25,fe,0.0006764026475138962
2025-09-16,-53.0,fe,0.0006785201258026063
2025-09-16,-52.75,fe,0.0006413959781639278
2025-09-16,-52.5,fe,0.0006404528394341469
2025-09-16,-52.25,fe,0.0006624154048040509
2025-09-16,-52.0,fe,0.0006542397895827889
2025-09-16,-51.75,fe,0.0006511951796710491
2025-09-16,-51.5,fe,0.0006468917708843946
2025-09-16,-51.25,fe,0.0006178980693221092
2025-09-16,-51.0,fe,0.0006240027723833919
2025-09-16,-50.75,fe,0.0006392408395186067
2025-09-16,-50.5,fe,0.0006382500287145376
2025-09-16,-50.25,fe,0.0006914232508279383
2025-09-16,-50.0,fe,0.0007204553112387657
2025-09-16,-49.75,fe,0.0007681190618313849
2025-09-16,-49.5,fe,0.0006916103884577751
2025-09-16,-49.25,fe,0.0006903119501657784
2025-09-16,-49.0,fe,0.0006668971618637443
2025-09-16,-48.75,fe,0.000648972752969712
2025-09-16,-48.5,fe,0.0007505977409891784
2025-09-16,-48.25,fe,0.0006671354058198631
2025-09-16,-48.0,fe,0.00059200992109254
2025-09-16,-47.75,fe,0.0005762180662713945
2025-09-16,-47.5,fe,0.0005550697678700089
2025-09-16,-47.25,fe,0.0005416370695456862
2025-09-16,-47.0,fe,0.0005536483367905021
2025-09-16,-46.75,fe,0.0005291685811243951
2025-09-16,-46.5,fe,0.0005354103050194681
2025-09-16,-46.25,fe,0.0005360127543099225
2025-09-16,-46.0,fe,0.0005418346263468266
2025-09-16,-45.75,fe,0.0005220394232310355
2025-09-16,-45.5,fe,0.0005121287540532649
2025-09-16,-45.25,fe,0.0005084731383249164
2025-09-16,-45.0,fe,0.00048337201587855816
2025-09-16,-44.75,fe,0.00043500997708179057
2025-09-16,-44.5,fe,0.0004943887470290065
2025-09-16,-44.25,fe,0.00047498714411631227
2025-09-16,-44.0,fe,0.00044206675374880433
2025-09-16,-43.75,fe,0.00041726717608980834
2025-09-16,-43.5,fe,0.0004078498750459403
2025-09-16,-43.25,fe,0.00040145465754903853
2025-09-16,-43.0,fe,0.0003993695427197963
2025-09-16,-42.75,fe,0.0004004004003945738
2025-09-16,-42.5,fe,0.00038879294879734516
2025-09-16,-42.25,fe,0.00040290169999934733
2025-09-16,-42.0,fe,0.0003960997564718127
2025-09-16,-41.75,fe,0.00038616781239397824
2025-09-16,-41.5,fe,0.0003796281525865197
2025-09-16,-41.25,fe,0.0003798397083301097
2025-09-16,-41.0,fe,0.0003828341141343117
2025-09-16,-40.75,fe,0.00039987979107536376
2025-09-16,-40.5,fe,0.0003979273315053433
2025-09-16,-40.25,fe,0.00038596615195274353
2025-09-16,-40.0,fe,0.0003721553657669574
2025-09-16,-39.75,fe,0.0003672154271043837
2025-09-16,-39.5,fe,0.00040259273373521864
2025-09-16,-39.25,fe,0.0003961453039664775
2025-09-16,-39.0,fe,0.0004378793528303504
2025-09-16,-38.75,fe,0.00043195977923460305
2025-09-16,-38.5,fe,0.00039679728797636926
2025-09-16,-38.25,fe,0.0003870071086566895
2025-09-16,-38.0,fe,0.0003696626808959991
2025-09-16,-37.75,fe,0.0003441601584199816
2025-09-16,-37.5,fe,0.0003450948279350996
2025-09-16,-37.25,fe,0.00033184554195031524
2025-09-16,-37.0,fe,0.0003315744688734412
2025-09-16,-36.75,fe,0.0003273117763455957
2025-09-16,-36.5,fe,0.0003278890799265355
2025-09-16,-36.25,fe,0.00031571442377753556
2025-09-16,-36.0,fe,0.0003223793173674494
2025-09-16,-35.75,fe,0.0003224352840334177
2025-09-16,-35.5,fe,0.0003060360031668097
2025-09-16,-35.25,fe,0.0003060372837353498
2025-09-16,-35.0,fe,0.00029765270301140845
2025-09-16,-34.75,fe,0.00030342204263433814
2025-09-16,-34.5,fe,0.00027990344096906483
2025-09-16,-34.25,fe,0.0002712328569032252
2025-09-16,-34.0,fe,0.00027486454928293824
2025-09-16,-33.75,fe,0.00026765104848891497
2025-09-16,-33.5,fe,0.00026141307898797095
2025-09-16,-33.25,fe,0.0002660776663105935
2025-09-16,-33.0,fe,0.0002674971765372902
2025-09-16,-32.75,fe,0.0002623070031404495
2025-09-16,-32.5,fe,0.00025782661396078765
2025-09-16,-32.25,fe,0.00025506221572868526
2025-09-16,-32.0,fe,0.0002534740197006613
2025-09-16,-31.75,fe,0.00025871643447317183
2025-09-16,-31.5,fe,0.0002600197331048548
2025-09-16,-31.25,fe,0.0002616669808048755
2025-09-16,-31.0,fe,0.00026091677136719227
2025-09-16,-30.75,fe,0.0002597029379103333
2025-09-16,-30.5,fe,0.00026460603112354875
2025-09-16,-30.25,fe,0.00026414659805595875
2025-09-16,-30.0,fe,0.0002645037602633238
2025-09-16,-29.75,fe,0.0002696289448067546
2025-09-16,-29.5,fe,0.0002662146289367229
2025-09-16,-29.25,fe,0.00027050956850871444
2025-09-16,-29.0,fe,0.00027927328483201563
2025-09-16,-28.75,fe,0.0002828041324391961
2025-09-16,-28.5,fe,0.0002932315692305565
2025-09-16,-28.25,fe,0.000295416044536978
2025-09-16,-28.0,fe,0.0002973419614136219
2025-09-16,-27.75,fe,0.00029682079912163317
2025-09-16,-27.5,fe,0.0003031611267942935
2025-09-16,-27.25,fe,0.00029887413256801665
2025-09-16,-27.0,fe,0.00029681986779905856
2025-09-16,-26.75,fe,0.0002957344986498356
2025-09-16,-26.5,fe,0.0002966906758956611
2025-09-16,-26.25,fe,0.00029468085267581046
2025-09-16,-26.0,fe,0.0002994780079461634
2025-09-16,-25.75,fe,0.00032051611924543977
2025-09-16,-25.5,fe,0.0003416002437006682
2025-09-16,-25.25,fe,0.0003523521882016212
2025-09-16,-25.0,fe,0.0003490509989205748
2025-09-16,-24.75,fe,0.0003411335637792945
2025-09-16,-24.5,fe,0.00034582207445055246
2025-09-16,-24.25,fe,0.00033952994272112846
2025-09-16,-24.0,fe,0.00033124545007012784
2025-09-16,-23.75,fe,0.0003169562842231244
2025-09-16,-23.5,fe,0.0003301116812508553
2025-09-16,-23.25,fe,0.00035433180164545774
2025-09-16,-23.0,fe,0.00036688041291199625
2025-09-16,-22.75,fe,0.0003813119838014245
2025-09-16,-22.5,fe,0.00038117734948173165
2025-09-16,-22.25,fe,0.0003702848043758422
2025-09-16,-22.0,fe,0.0003819043922703713
2025-09-16,-21.75,fe,0.0003806457680184394
2025-09-16,-21.5,fe,0.00037300208350643516
2025-09-16,-21.25,fe,0.000379961624275893
2025-09-16,-21.0,fe,0.0003933748521376401
2025-09-16,-20.75,fe,0.00039633928099647164
2025-09-16,-20.5,fe,0.0004033654695376754
2025-09-16,-20.25,fe,0.00038121314719319344
2025-09-16,-20.0,fe,0.0004268596530891955
2025-09-16,-19.75,fe,0.00041818359750323
2025-09-16,-19.5,fe,0.0004176374932285398
2025-09-16,-19.25,fe,0.0004010162956546992
2025-09-16,-19.0,fe,0.0003827531181741506
2025-09-16,-18.75,fe,0.0003680792870000005
2025-09-16,-18.5,fe,0.00037767633330076933
2025-09-16,-18.25,fe,0.0003746254078578204
2025-09-16,-18.0,fe,0.0003802302526310086
2025-09-16,-17.75,fe,0.00038153634523041546
2025-09-16,-17.5,fe,0.0003841614234261215
2025-09-16,-17.25,fe,0.00040051693213172257
2025-09-16,-17.0,fe,0.0004491819126997143
2025-09-16,-16.75,fe,0.00046019471483305097
2025-09-16,-16.5,fe,0.0004162612895015627
2025-09-16,-16.25,fe,0.00039574899710714817
2025-09-16,-16.0,fe,0.0003170677518937737
2025-09-16,-15.75,fe,0.0003189206472598016
2025-09-16,-15.5,fe,0.0003398570406716317
2025-09-16,-15.25,fe,0.00031063909409567714
2025-09-16,-15.0,fe,0.0002985995088238269
2025-09-16,-14.75,fe,0.00031345157185569406
2025-09-16,-14.5,fe,0.0002981056459248066
2025-09-16,-14.25,fe,0.00030219886684790254
2025-09-16,-14.0,fe,0.00031886182841844857
2025-09-16,-13.75,fe,0.00033652421552687883
2025-09-16,-13.5,fe,0.0003406712494324893
2025-09-16,-13.25,fe,0.00032369737164117396
2025-09-16,-13.0,fe,0.00029406172689050436
2025-09-16,-12.75,fe,0.0002971908252220601
2025-09-16,-12.5,fe,0.00026599899865686893
2025-09-16,-12.25,fe,0.0002654846175573766
2025-09-16,-12.0,fe,0.0002513598883524537
2025-09-16,-11.75,fe,0.00025280044064857066
2025-09-16,-11.5,fe,0.00024282076628878713
2025-09-16,-11.25,fe,0.00023541261907666922
2025-09-16,-11.0,fe,0.0002430015301797539
2025-09-16,-10.75,fe,0.00024176384613383561
2025-09-16,-10.5,fe,0.00024687391123734415
2025-09-16,-10.25,fe,0.00027850150945596397
2025-09-16,-10.0,fe,0.00030261758365668356
2025-09-16,-9.75,fe,0.0002966808679047972
2025-09-16,-9.5,fe,0.00027653484721668065
2025-09-16,-9.25,fe,0.0002950421767309308
2025-09-16,-9.0,fe,0.0003159719053655863
2025-09-16,-8.75,fe,0.00028189498698338866
2025-09-16,-8.5,fe,0.00024373139603994787
2025-09-16,-8.25,fe,0.00022854417329654098
2025-09-16,-8.0,fe,0.000235074752708897
2025-09-16,-7.75,fe,0.00025346907204948366
2025-09-16,-7.5,fe,0.0002727783576119691
2025-09-16,-7.25,fe,0.00030133823747746646
2025-09-16,-7.0,fe,0.00032132945489138365
2025-09-16,-6.75,fe,0.0003313455090392381
2025-09-16,-6.5,fe,0.000329258298734203
2025-09-16,-6.25,fe,0.0003259778313804418
2025-09-16,-6.0,fe,0.00035268167266622186
2025-09-16,-5.75,fe,0.0003402733418624848
2025-09-16,-5.5,fe,0.00034563051303848624
2025-09-16,-5.25,fe,0.00036422236007638276
2025-09-16,-5.0,fe,0.000352391303749755
2025-09-16,-4.75,fe,0.0003851953078992665
2025-09-16,-4.5,fe,0.0003869521024171263
2025-09-16,-4.25,fe,0.0003736320068128407
2025-09-16,-4.0,fe,0.0003767029847949743
2025-09-16,-3.75,fe,0.00037242568214423954
2025-09-16,-3.5,fe,0.0003628009289968759
2025-09-16,-3.25,fe,0.0003555550938472152
2025-09-16,-3.0,fe,0.0003629049751907587
2025-09-16,-2.75,fe,0.00036557362182065845
2025-09-16,-2.5,fe,0.0003625703102443367
2025-09-16,-2.25,fe,0.0003744396672118455
2025-09-16,-2.0,fe,0.0003649428836070001
2025-09-16,-1.75,fe,0.0003988498938269913
2025-09-16,-1.5,fe,0.0004217849054839462
2025-09-16,-1.25,fe,0.0004048546252306551
2025-09-16,-1.0,fe,0.0003256207564845681
2025-09-16,-0.75,fe,0.0003288675216026604
2025-09-16,-0.5,fe,0.00032404172816313803
2025-09-16,-0.25,fe,0.0003238465287722647
2025-09-16,0.0,fe,0.0003533294366206974
2025-09-16,0.25,fe,0.00035596132511273026
2025-09-16,0.5,fe,0.000364676263416186
2025-09-16,0.75,fe,0.0003491003590170294
2025-09-16,1.0,fe,0.0003562278870958835
2025-09-16,1.25,fe,0.0003662669623736292
2025-09-16,1.5,fe,0.0003772815689444542
2025-09-16,1.75,fe,0.0003717454383149743
2025-09-16,2.0,fe,0.0003883553436025977
2025-09-16,2.25,fe,0.00038953221519477665
2025-09-16,2.5,fe,0.0003888743231073022
2025-09-16,2.75,fe,0.00038998809759505093
2025-09-16,3.0,fe,0.0003966710064560175
2025-09-16,3.25,fe,0.00043152537546120584
2025-09-16,3.5,fe,0.0004346423374954611
2025-09-16,3.75,fe,0.0004297568812035024
2025-09-16,4.0,fe,0.00043133069993928075
2025-09-16,4.25,fe,0.0004534943727776408
2025-09-16,4.5,fe,0.0004894963349215686
2025-09-16,4.75,fe,0.0004785559431184083
2025-09-16,5.0,fe,0.000495998072437942
2025-09-16,5.25,fe,0.0004551694728434086
2025-09-16,5.5,fe,0.0004573010664898902
2025-09-16,5.75,fe,0.00041862018406391144
2025-09-16,6.0,fe,0.0004247803008183837
2025-09-16,6.25,fe,0.00040837517008185387
2025-09-16,6.5,fe,0.000421754433773458
2025-09-16,6.75,fe,0.00043648798600770533
2025-09-16,7.0,fe,0.0004567400028463453
2025-09-16,7.25,fe,0.00045478640822693706
2025-09-16,7.5,fe,0.0004540336667560041
2025-09-16,7.75,fe,0.0004830786201637238
2025-09-16,8.0,fe,0.0005321706994436681
2025-09-16,8.25,fe,0.0005604022881016135
2025-09-16,8.5,fe,0.0005478878738358617
2025-09-16,8.75,fe,0.0005166090559214354
2025-09-16,9.0,fe,0.0004484160745050758
2025-09-16,9.25,fe,0.0004926417605020106
2025-09-16,9.5,fe,0.0005364354001358151
2025-09-16,9.75,fe,0.0005501587875187397
2025-09-16,10.0,fe,0.000462428288301453
2025-09-16,10.25,fe,0.0004851609410252422
2025-09-16,10.5,fe,0.0005939161055721343
2025-09-16,10.75,fe,0.0006606346578337252
2025-09-16,11.0,fe,0.0007426514639519155
2025-09-16,11.25,fe,0.000787289987783879
2025-09-16,11.5,fe,0.0007651469204574823
2025-09-16,11.75,fe,0.0008383116801269352
2025-09-16,12.0,fe,0.0008202385506592691
2025-09-16,12.25,fe,0.0008204515906982124
2025-09-16,12.5,fe,0.0007837931625545025
2025-09-16,12.75,fe,0.000708501844201237
2025-09-16,13.0,fe,0.0006655114702880383
2025-09-16,13.25,fe,0.0006375812808983028
2025-09-16,13.5,fe,0.000632581184618175
2025-09-16,13.75,fe,0.00064482243033126
2025-09-16,14.0,fe,0.0006397031247615814
2025-09-16,14.25,fe,0.0007205883739516139
2025-09-16,14.5,fe,0.0007670790073461831
2025-09-16,14.75,fe,0.0008018575026653707
2025-09-16,15.0,fe,0.0006874454556964338
2025-09-16,15.25,fe,0.0006572369020432234
2025-09-16,15.5,fe,0.000720440351869911
2025-09-16,15.75,fe,0.0006553521961905062
2025-09-16,16.0,fe,0.0006317063816823065
2025-09-16,16.25,fe,0.0006212836015038192
2025-09-16,16.5,fe,0.000623864762019366
2025-09-16,16.75,fe,0.0007758535211905837
2025-09-16,17.0,fe,0.0007879353943280876
2025-09-16,17.25,fe,0.0008464258862659335
2025-09-16,17.5,fe,0.0008556086104363203
2025-09-16,17.75,fe,0.0008665747009217739
2025-09-16,18.0,fe,0.0008497104863636196
2025-09-16,18.25,fe,0.0008621502784080803
2025-09-16,18.5,fe,0.0008878645021468401
2025-09-16,18.75,fe,0.0009567831293679774
2025-09-16,19.0,fe,0.0009848350891843438
2025-09-16,19.25,fe,0.0009071819949895144
2025-09-16,19.5,fe,0.0008985160966403782
2025-09-16,19.75,fe,0.0008555629174225032
2025-09-16,20.0,fe,0.0008143590530380607
2025-09-16,20.25,fe,0.0008004721603356302
2025-09-16,20.5,fe,0.0009008768829517066
2025-09-16,20.75,fe,0.0009358207462355494
2025-09-16,21.0,fe,0.0010418418096378446
2025-09-16,21.25,fe,0.0009816671954467893
2025-09-16,21.5,fe,0.0008998106932267547
2025-09-16,21.75,fe,0.0008484569261781871
2025-09-16,22.0,fe,0.0008505263249389827
2025-09-16,22.25,fe,0.0008451659232378006
2025-09-16,22.5,fe,0.0008100464474409819
2025-09-16,22.75,fe,0.0007194177596829832
2025-09-16,23.0,fe,0.0008348250994458795
2025-09-16,23.25,fe,0.0008781614014878869
2025-09-16,23.5,fe,0.0008051242912188172
2025-09-16,23.75,fe,0.0007685307646170259
2025-09-16,24.0,fe,0.0008003629627637565
2025-09-16,24.25,fe,0.0008202784229069948
2025-09-16,24.5,fe,0.0007597952499054372
2025-09-16,24.75,fe,0.0006925390334799886
2025-09-16,25.0,fe,0.0006728335283696651
2025-09-16,25.25,fe,0.0006997754680924118
2025-09-16,25.5,fe,0.0006763605633750558
2025-09-16,25.75,fe,0.0006967730005271733
2025-09-16,26.0,fe,0.0006858822889626026
2025-09-16,26.25,fe,0.0005940251285210252
2025-09-16,26.5,fe,0.0005815961048938334
2025-09-16,26.75,fe,0.0005693298880942166
2025-09-16,27.0,fe,0.0005540118436329067
2025-09-16,27.25,fe,0.000560911139473319
2025-09-16,27.5,fe,0.00048720763879828155
2025-09-16,27.75,fe,0.0005715877050533891
2025-09-16,28.0,fe,0.000567036506254226
2025-09-16,28.25,fe,0.0005524612497538328
2025-09-16,28.5,fe,0.0005111753707751632
2025-09-16,28.75,fe,0.0006198210176080465
2025-09-16,29.0,fe,0.0005942446878179908
2025-09-16,29.25,fe,0.0005048039020039141
2025-09-16,29.5,fe,0.0004209142061881721
2025-09-16,29.75,fe,0.0005745620583184063
2025-09-16,30.0,fe,0.0005320332711562514
2025-09-16,30.25,fe,0.0004927781992591918
2025-09-16,30.5,fe,0.0004821742477361113
2025-09-16,30.75,fe,0.0005263513303361833
2025-09-16,31.0,fe,0.0005191574455238879
2025-09-16,31.25,fe,0.00052484410116449
2025-09-16,31.5,fe,0.000505072355736047
2025-09-16,31.75,fe,0.0004892665892839432
2025-09-16,32.0,fe,0.0005104576121084392
2025-09-16,32.25,fe,0.0005253821727819741
2025-09-16,32.5,fe,0.0004688114277087152
2025-09-16,32.75,fe,0.0005398517241701484
2025-09-16,33.0,fe,0.000531048106495291
2025-09-16,33.25,fe,0.00045319757191464305
2025-09-16,33.5,fe,0.00044453059672378004
2025-09-16,33.75,fe,0.00048131492803804576
2025-09-16,34.0,fe,0.00047773990081623197
2025-09-16,34.25,fe,0.00048768954002298415
2025-09-16,34.5,fe,0.0005185387562960386
2025-09-16,34.75,fe,0.0006538376328535378
2025-09-16,35.0,fe,0.000689569569658488
2025-09-16,35.25,fe,0.0006925691850483418
2025-09-16,35.5,fe,0.0007082330994307995
2025-09-16,35.75,fe,0.0006704985862597823
2025-09-16,36.0,fe,0.0005674336571246386
2025-09-16,36.25,fe,0.0005542959552258253
2025-09-16,36.5,fe,0.0005356603069230914
2025-09-16,36.75,fe,0.0004925449611619115
2025-09-16,37.0,fe,0.00044053728925064206
2025-09-16,37.25,fe,0.0005035076756030321
2025-09-16,37.5,fe,0.0004588390584103763
2025-09-16,37.75,fe,0.00045534822857007384
2025-09-16,38.0,fe,0.0004435781738720834
2025-09-16,38.25,fe,0.00045408806181512773
2025-09-16,38.5,fe,0.00045127421617507935
2025-09-16,38.75,fe,0.000456810841569677
2025-09-16,39.0,fe,0.0005189614021219313
2025-09-16,39.25,fe,0.0005111316568218172
2025-09-16,39.5,fe,0.0005526049062609673
2025-09-16,39.75,fe,0.0005091166240163147
2025-09-16,40.0,fe,0.00045219692401587963
2025-09-16,40.25,fe,0.0004716096736956388
2025-09-16,40.5,fe,0.00041349270031787455
2025-09-16,40.75,fe,0.0004328257346060127
2025-09-16,41.0,fe,0.0004483467200770974
2025-09-16,41.25,fe,0.0004386715590953827
2025-09-16,41.5,fe,0.00044723236351273954
2025-09-16,41.75,fe,0.0003793320502154529
2025-09-16,42.0,fe,0.0003787415043916553
2025-09-16,42.25,fe,0.00043310565524734557
2025-09-16,42.5,fe,0.00043245148845016956
2025-09-16,42.75,fe,0.0004181400581728667
2025-09-16,43.0,fe,0.00038109932211227715
2025-09-16,43.25,fe,0.0004613206547219306
2025-09-16,43.5,fe,0.0004969451692886651
2025-09-16,43.75,fe,0.0005609651561826468
2025-09-16,44.0,fe,0.0005631315871141851
2025-09-16,44.25,fe,0.0005275942385196686
2025-09-16,44.5,fe,0.0003101369657088071
2025-09-16,44.75,fe,0.0003131598641630262
2025-09-16,45.0,fe,0.0003375550440978259
2025-09-16,45.25,fe,0.0003275201306678355
2025-09-16,45.5,fe,0.0003338366514071822
2025-09-16,45.75,fe,0.00037887433427385986
2025-09-16,46.0,fe,0.00036507192999124527
2025-09-16,46.25,fe,0.00037426583003252745
2025-09-16,46.5,fe,0.0003593235742300749
2025-09-16,46.75,fe,0.0003820678102783859
2025-09-16,47.0,fe,0.00036127239582128823
2025-09-16,47.25,fe,0.0003634615568444133
2025-09-16,47.5,fe,0.0003866105107590556
2025-09-16,47.75,fe,0.00037395881372503936
2025-09-16,48.0,fe,0.0003656593326013535
2025-09-16,48.25,fe,0.0004187994636595249
2025-09-16,48.5,fe,0.00047461275244131684
2025-09-16,48.75,fe,0.0004899149062111974
2025-09-16,49.0,fe,0.0004890455747954547
2025-09-16,49.25,fe,0.0004574106715153903
2025-09-16,49.5,fe,0.000458480411907658
2025-09-16,49.75,fe,0.00044239123235456645
2025-09-16,50.0,fe,0.00041681862785480917
2025-09-16,50.25,fe,0.0004695221723522991
2025-09-16,50.5,fe,0.000437616603448987
2025-09-16,50.75,fe,0.00042777310591191053
2025-09-16,51.0,fe,0.00039229466347023845
2025-09-16,51.25,fe,0.00035469752037897706
2025-09-16,51.5,fe,0.00038629898335784674
2025-09-16,51.75,fe,0.0004177261143922806
2025-09-16,52.0,fe,0.0004346648929640651
2025-09-16,52.25,fe,0.00044159608660265803
2025-09-16,52.5,fe,0.00041805292130447924
2025-09-16,52.75,fe,0.0003915264969691634
2025-09-16,53.0,fe,0.0003652787709143013
2025-09-16,53.25,fe,0.0003704749105963856
2025-09-16,53.5,fe,0.00036830766475759447
2025-09-16,53.75,fe,0.000364630512194708
2025-09-16,54.0,fe,0.0005056029185652733
2025-09-16,54.25,fe,0.0005046346923336387
2025-09-16,54.5,fe,0.0004787504149135202
2025-09-16,54.75,fe,0.00042385098640806973
2025-09-16,55.0,fe,0.00040533620631322265
2025-09-16,55.25,fe,0.00040733933565206826
2025-09-16,55.5,fe,0.0004134303017053753
2025-09-16,55.75,fe,0.00040130122215487063
2025-09-16,56.0,fe,0.00040839725988917053
2025-09-16,56.25,fe,0.0003759033279493451
2025-09-16,56.5,fe,0.00041937126661650836
2025-09-16,56.75,fe,0.00040699748205952346
2025-09-16,57.0,fe,0.0004113976610824466
2025-09-16,57.25,fe,0.00039425742579624057
2025-09-16,57.5,fe,0.0003884372999891639
2025-09-16,57.75,fe,0.0004074886383023113
2025-09-16,58.0,fe,0.00040178553899750113
2025-09-16,58.25,fe,0.00039957783883437514
2025-09-16,58.5,fe,0.00039966197800822556
2025-09-16,58.75,fe,0.0004067312111146748
2025-09-16,59.0,fe,0.0003886347694788128
2025-09-16,59.25,fe,0.0004077840130776167
2025-09-16,59.5,fe,0.00041638733819127083
2025-09-16,59.75,fe,0.00040755662485025823
2025-09-16,60.0,fe,0.0003995205042883754
2025-09-16,60.25,fe,0.0003826281172223389
2025-09-16,60.5,fe,0.00038976166979409754
2025-09-16,60.75,fe,0.00032628924236632884
2025-09-16,61.0,fe,0.00032382484641857445
2025-09-16,61.25,fe,0.00029866310069337487
2025-09-16,61.5,fe,0.0002839409571606666
2025-09-16,61.75,fe,0.0002827016287483275
2025-09-16,62.0,fe,0.0002868998271878809
2025-09-16,62.25,fe,0.000291953154373914
2025-09-16,62.5,fe,0.00030218285974115133
2025-09-16,62.75,fe,0.0003050400991924107
2025-09-16,63.0,fe,0.000309334194753319
2025-09-16,63.25,fe,0.0003164254885632545
2025-09-16,63.5,fe,0.00032661351724527776
2025-09-16,63.75,fe,0.0003542460617609322
2025-09-16,64.0,fe,0.0003734540950972587
2025-09-16,64.25,fe,0.000364941282896325
2025-09-16,64.5,fe,0.0003738277591764927
2025-09-16,64.75,fe,0.00038280876469798386
2025-09-16,65.0,fe,0.00039556107367388904
2025-09-16,65.25,fe,0.00042549907811917365
2025-09-16,65.5,fe,0.00043517033918760717
2025-09-16,65.75,fe,0.00044696294935420156
2025-09-16,66.0,fe,0.00046387992915697396
2025-09-16,66.25,fe,0.000488869845867157
2025-09-16,66.5,fe,0.0005439015221782029
2025-09-16,66.75,fe,0.0005474787903949618
2025-09-16,67.0,fe,0.0005725741502828896
2025-09-16,67.25,fe,0.0006122132763266563
2025-09-16,67.5,fe,0.0005446578725241125
2025-09-16,67.75,fe,0.0005898278905078769
2025-09-16,68.0,fe,0.0006051611271686852
2025-09-16,68.25,fe,0.0005939342081546783
2025-09-16,68.5,fe,0.0005908202729187906
2025-09-16,68.75,fe,0.0005870421300642192
2025-09-16,69.0,fe,0.0005473255296237767
2025-09-16,69.25,fe,0.0005118306144140661
2025-09-16,69.5,fe,0.0005214945995248854
2025-09-16,69.75,fe,0.0005184191395528615
2025-09-16,70.0,fe,0.0005069886683486402
2025-09-16,70.25,fe,0.0005113336956128478
2025-09-16,70.5,fe,0.000529699434991926
2025-09-16,70.75,fe,0.0005193928955122828
2025-09-16,71.0,fe,0.0005149324424564838
2025-09-16,71.25,fe,0.0005406348500400782
2025-09-16,71.5,fe,0.0005409214645624161
2025-09-16,71.75,fe,0.0006806919700466096
2025-09-16,72.0,fe,0.0006818323163315654
2025-09-16,72.25,fe,0.0007671277853660285
2025-09-16,72.5,fe,0.0009222094085998833
2025-09-16,72.75,fe,0.000978840165771544
2025-09-16,73.0,fe,0.000922410748898983
2025-09-16,73.25,fe,0.0009330273023806512
2025-09-16,73.5,fe,0.0009087203652597964
2025-09-16,73.75,fe,0.000909522466827184
2025-09-16,74.0,fe,0.0007747063646093011
2025-09-16,74.25,fe,0.0007228599861264229
2025-09-16,74.5,fe,0.0006394746596924961
2025-09-16,74.75,fe,0.0006015090621076524
2025-09-16,75.0,fe,0.0005200613522902131
2025-09-16,75.25,fe,0.0005566756590269506
2025-09-16,75.5,fe,0.0005495056975632906
2025-09-16,75.75,fe,0.0005530760972760618
2025-09-16,76.0,fe,0.0005353052983991802
2025-09-16,76.25,fe,0.0005072443746030331
2025-09-16,76.5,fe,0.0004873904399573803
2025-09-16,76.75,fe,0.0005075698718428612
2025-09-16,77.0,fe,0.0004980817902833223
2025-09-16,77.25,fe,0.0004895517486147583
2025-09-16,77.5,fe,0.0005199798033572733
2025-09-16,77.75,fe,0.000424308906076476
2025-09-16,78.0,fe,0.00037939762114547193
2025-09-16,78.25,fe,0.0004039417835883796
2025-09-16,78.5,fe,0.0004084600368514657
2025-09-16,78.75,fe,0.0004081212100572884
2025-09-16,79.0,fe,0.00043757949606515467
2025-09-16,79.25,fe,0.00045194951235316694
2025-09-16,79.5,fe,0.0005076828529126942
2025-09-16,79.75,fe,0.0005996475229039788
2025-09-16,80.0,fe,0.0006291393656283617
2025-09-16,80.25,fe,0.0006862375885248184
2025-09-16,80.5,fe,0.0006919748848304152
2025-09-16,80.75,fe,0.0006760093383491039
2025-09-16,81.0,fe,0.0005542563740164042
2025-09-16,81.25,fe,0.0005829866859130561
2025-09-16,81.5,fe,0.0005907751037739217
2025-09-16,81.75,fe,0.0005941280978731811
2025-09-16,82.0,fe,0.0006003186572343111
2025-09-16,82.25,fe,0.0005978072877041996
2025-09-16,82.5,fe,0.0005588579806499183
2025-09-16,82.75,fe,0.0005061880219727755
2025-09-16,83.0,fe,0.0004929619026370347
2025-09-16,83.25,fe,0.0004463941149879247
2025-09-16,83.5,fe,0.00044999332749284804
2025-09-16,83.75,fe,0.0004519876674748957
2025-09-16,84.0,fe,0.00045823364052921534
2025-09-16,84.25,fe,0.0004676608368754387
2025-09-16,84.5,fe,0.0004774036933667958
2025-09-16,84.75,fe,0.0004868296964559704
2025-09-16,85.0,fe,0.0004969125729985535
2025-09-16,85.25,fe,0.0005006142891943455
2025-09-16,85.5,fe,0.0005170327494852245
2025-09-16,85.75,fe,0.0005340302013792098
2025-09-16,86.0,fe,0.0005641054012812674
2025-09-16,86.25,fe,0.0005772155709564686
2025-09-16,86.5,fe,0.0005410909070633352
2025-09-16,86.75,fe,0.0005596685223281384
2025-09-16,87.0,fe,0.0005592815577983856
2025-09-16,87.25,fe,0.0005600081640295684
2025-09-16,87.5,fe,0.0005569757777266204
2025-09-16,87.75,fe,0.0005511791678145528
2025-09-16,88.0,fe,0.0005547396722249687
2025-09-16,88.25,fe,0.0005490402108989656
2025-09-16,88.5,fe,0.0005556918913498521
2025-09-16,88.75,fe,0.000567617651540786
2025-09-16,89.0,fe,0.0005621095187962055
2025-09-16,89.25,fe,0.0005676116561517119
2025-09-16,89.5,fe,0.0005927673191763461
2025-09-16,89.75,fe,0.000607442285399884
2025-09-16,90.0,fe,0.0006323059205897152
2025-09-16,90.25,fe,0.00065918656764552
2025-09-16,90.5,fe,0.0007029373082332313
2025-09-16,90.75,fe,0.0008058684761635959
2025-09-16,91.0,fe,0.0007894611335359514
2025-09-16,91.25,fe,0.0007543697720393538
2025-09-16,91.5,fe,0.0007231309427879751
2025-09-16,91.75,fe,0.00069943763082847
2025-09-16,92.0,fe,0.000613110838457942
2025-09-16,92.25,fe,0.0006091980612836778
2025-09-16,92.5,fe,0.0006265397532843053
2025-09-16,92.75,fe,0.00060794543242082
2025-09-16,93.0,fe,0.0006017729756422341
2025-09-16,93.25,fe,0.0006007233751006424
2025-09-16,93.5,fe,0.0006055362173356116
2025-09-16,93.75,fe,0.0006061629392206669
2025-09-16,94.0,fe,0.0006919724401086569
2025-09-16,94.25,fe,0.00074880535248667
2025-09-16,94.5,fe,0.0007402300834655762
2025-09-16,94.75,fe,0.0007549416623078287
2025-09-16,95.0,fe,0.0006963570485822856
2025-09-16,95.25,fe,0.0006966989603824914
2025-09-16,95.5,fe,0.0006642472581006587
2025-09-16,95.75,fe,0.0008056872175075114
2025-09-16,96.0,fe,0.0007394724525511265
2025-09-16,96.25,fe,0.0007713441154919565
2025-09-16,96.5,fe,0.0007046150276437402
2025-09-16,96.75,fe,0.0006725839339196682
2025-09-16,97.0,fe,0.0007481072680093348
2025-09-16,97.25,fe,0.0007641799747943878
2025-09-16,97.5,fe,0.0007567051216028631
2025-09-16,97.75,fe,0.0007889665430411696
2025-09-16,98.0,fe,0.0008078644750639796
2025-09-16,98.25,fe,0.000777524197474122
2025-09-16,98.5,fe,0.0007614839123561978
2025-09-16,98.75,fe,0.0006103647174313664
2025-09-16,99.0,fe,0.0006016796687617898
2025-09-16,99.25,fe,0.0006354806828312576
2025-09-16,99.5,fe,0.0006900845328345895
2025-09-16,99.75,fe,0.0007287579355761409
2025-09-16,100.0,fe,0.0009187613613903522
2025-09-16,100.25,fe,0.0009597991011105478
2025-09-16,100.5,fe,0.0009711618768051267
2025-09-16,100.75,fe,0.0009150576079264283
2025-09-16,101.0,fe,0.0007045521633699536
2025-09-16,101.25,fe,0.0006946611683815718
2025-09-16,101.5,fe,0.0005597983254119754
2025-09-16,101.75,fe,0.0005686000804416835
2025-09-16,102.0,fe,0.0005517174722626805
2025-09-16,102.25,fe,0.0005424184491857886
2025-09-16,102.5,fe,0.000563435722142458
2025-09-16,102.75,fe,0.000591401825658977
2025-09-16,103.0,fe,0.0005556028336286545
2025-09-16,103.25,fe,0.0006203377852216363
2025-09-16,103.5,fe,0.0007832486880943179
2025-09-16,103.75,fe,0.0007120392401702702
2025-09-16,104.0,fe,0.000765542674344033
2025-09-16,104.25,fe,0.0007819758611731231
2025-09-16,104.5,fe,0.0007693659281358123
2025-09-16,104.75,fe,0.0008486429578624666
2025-09-16,105.0,fe,0.0006997243617661297
2025-09-16,105.25,fe,0.0006655054748989642
2025-09-16,105.5,fe,0.0006795768858864903
2025-09-16,105.75,fe,0.0007106185075826943
2025-09-16,106.0,fe,0.0009575269068591297
2025-09-16,106.25,fe,0.0009568310342729092
2025-09-16,106.5,fe,0.0010037424508482218
2025-09-16,106.75,fe,0.001183105749078095
2025-09-16,107.0,fe,0.001188049209304154
2025-09-16,107.25,fe,0.0011344973463565111
2025-09-16,107.5,fe,0.0011202385649085045
2025-09-16,107.75,fe,0.0010725000174716115
2025-09-16,108.0,fe,0.0010492246365174651
2025-09-16,108.25,fe,0.0010484455851837993
2025-09-16,108.5,fe,0.001064604613929987
2025-09-16,108.75,fe,0.0010977167403325438
2025-09-16,109.0,fe,0.001089991070330143
2025-09-16,109.25,fe,0.0010947489645332098
2025-09-16,109.5,fe,0.0010713369119912386
2025-09-16,109.75,fe,0.0009775295620784163
2025-09-16,110.0,fe,0.0008775724563747644
2025-09-16,110.25,fe,0.0008094583172351122
2025-09-16,110.5,fe,0.0009212310542352498
2025-09-16,110.75,fe,0.0008988940971903503
2025-09-16,111.0,fe,0.0009208908886648715
2025-09-16,111.25,fe,0.0008939235121943057
2025-09-16,111.5,fe,0.0009243221720680594
2025-09-16,111.75,fe,0.0009343979763798416
2025-09-16,112.0,fe,0.0009320818935520947
2025-09-16,112.25,fe,0.0009209776180796325
2025-09-16,112.5,fe,0.0009431350044906139
2025-09-16,112.75,fe,0.001000762451440096
2025-09-16,113.0,fe,0.001087385811842978
2025-09-16,113.25,fe,0.0011371810687705874
2025-09-16,113.5,fe,0.0011410423321649432
2025-09-16,113.75,fe,0.0012584147043526173
2025-09-16,114.0,fe,0.0011438870569691062
2025-09-16,114.25,fe,0.0011003799736499786
2025-09-16,114.5,fe,0.0011093785287812352
2025-09-16,114.75,fe,0.0010160384699702263
2025-09-16,115.0,fe,0.000979909091256559
2025-09-16,115.25,fe,0.000999419018626213
2025-09-16,115.5,fe,0.0009862837614491582
2025-09-16,115.75,fe,0.000919984420761466
2025-09-16,116.0,fe,0.0009021906880661845
2025-09-16,116.25,fe,0.0008908907766453922
2025-09-16,116.5,fe,0.0009290899615734816
2025-09-16,116.75,fe,0.0009107287041842937
2025-09-16,117.0,fe,0.0009253661846742034
2025-09-16,117.25,fe,0.0009538615704514086
2025-09-16,117.5,fe,0.0010117513593286276
2025-09-16,117.75,fe,0.0011755757732316852
2025-09-16,118.0,fe,0.001194800017401576
2025-09-16,118.25,fe,0.0011819533538073301
2025-09-16,118.5,fe,0.00116590631660074
2025-09-16,118.75,fe,0.001146781723946333
2025-09-16,119.0,fe,0.001262435456737876
2025-09-16,119.25,fe,0.0012273936299607158
2025-09-16,119.5,fe,0.0011689197272062302
2025-09-16,119.75,fe,0.0012536263093352318
2025-09-16,120.0,fe,0.0011969663901254535
2025-09-16,120.25,fe,0.0012724458938464522
2025-09-16,120.5,fe,0.0013556145131587982
2025-09-16,120.75,fe,0.0014837849885225296
2025-09-16,121.0,fe,0.0016151695745065808
2025-09-16,121.25,fe,0.0015613078139722347
2025-09-16,121.5,fe,0.0018534663831815124
2025-09-16,121.75,fe,0.001887991325929761
2025-09-16,122.0,fe,0.0019392993999645114
2025-09-16,122.25,fe,0.0017611884977668524
2025-09-16,122.5,fe,0.0015465904725715518
2025-09-16,122.75,fe,0.001369823468849063
2025-09-16,123.0,fe,0.0012444444000720978
2025-09-16,123.25,fe,0.0012468674685806036
2025-09-16,123.5,fe,0.0012843938311561942
2025-09-16,123.75,fe,0.001240755314938724
2025-09-16,124.0,fe,0.001187136978842318
2025-09-16,124.25,fe,0.0011485358700156212
2025-09-16,124.5,fe,0.0010715046664699912
2025-09-16,124.75,fe,0.0010167291620746255
2025-09-16,125.0,fe,0.0009666738333180547
2025-09-16,125.25,fe,0.000923203129786998
2025-09-16,125.5,fe,0.0009077973663806915
2025-09-16,125.75,fe,0.0009337671217508614
2025-09-16,126.0,fe,0.0009376659290865064
2025-09-16,126.25,fe,0.0008775608730502427
2025-09-16,126.5,fe,0.0008326986571773887
2025-09-16,126.75,fe,0.0007676233071833849
2025-09-16,127.0,fe,0.0007219730177894235
2025-09-16,127.25,fe,0.000748306221794337
2025-09-16,127.5,fe,0.0007427424425259233
2025-09-16,127.75,fe,0.0007300791912712157
2025-09-16,128.0,fe,0.0007671487983316183
2025-09-16,128.25,fe,0.0007692684885114431
2025-09-16,128.5,fe,0.000797419052105397
2025-09-16,128.75,fe,0.0008367886766791344
2025-09-16,129.0,fe,0.000901589693967253
2025-09-16,129.25,fe,0.0010337968124076724
2025-09-16,129.5,fe,0.0010574511252343655
2025-09-16,129.75,fe,0.0010884420480579138
2025-09-16,130.0,fe,0.001083429902791977
2025-09-16,130.25,fe,0.0010207436280325055
2025-09-16,130.5,fe,0.0009619702468626201
2025-09-16,130.75,fe,0.000917637487873435
2025-09-16,131.0,fe,0.0009120157337747514
2025-09-16,131.25,fe,0.0009208895498886704
2025-09-16,131.5,fe,0.0009396866080351174
2025-09-16,131.75,fe,0.0009779935935512185
2025-09-16,132.0,fe,0.0009795604273676872
2025-09-16,132.25,fe,0.0009272402385249734
2025-09-16,132.5,fe,0.0008969753398559988
2025-09-16,132.75,fe,0.0008742848294787109
2025-09-16,133.0,fe,0.0008516602101735771
2025-09-16,133.25,fe,0.0008650583913549781
2025-09-16,133.5,fe,0.0009053015382960439
2025-09-16,133.75,fe,0.0008869784069247544
2025-09-16,134.0,fe,0.000907713663764298
2025-09-16,134.25,fe,0.0009625946986488998
2025-09-16,134.5,fe,0.0008704367792233825
2025-09-16,134.75,fe,0.0009315204806625843
2025-09-16,135.0,fe,0.0009239860228262842
2025-09-16,135.25,fe,0.000939332356210798
2025-09-16,135.5,fe,0.0008928587194532156
2025-09-16,135.75,fe,0.0009572214912623167
2025-09-16,136.0,fe,0.0010498074116185308
2025-09-16,136.25,fe,0.0010988578433170915
2025-09-16,136.5,fe,0.001068707904778421
2025-09-16,136.75,fe,0.0011738978791981936
2025-09-16,137.0,fe,0.0012337289517745376
2025-09-16,137.25,fe,0.001227223314344883
2025-09-16,137.5,fe,0.0012053163954988122
2025-09-16,137.75,fe,0.001152620417997241
2025-09-16,138.0,fe,0.001118342624977231
2025-09-16,138.25,fe,0.0010949866846203804
2025-09-16,138.5,fe,0.0010671402560546994
2025-09-16,138.75,fe,0.0009412788203917444
2025-09-16,139.0,fe,0.0009091862011700869
2025-09-16,139.25,fe,0.0009822609135881066
2025-09-16,139.5,fe,0.0010159561643376946
2025-09-16,139.75,fe,0.001054889871738851
2025-09-16,140.0,fe,0.0009561324259266257
2025-09-16,140.25,fe,0.0009668345446698368
2025-09-16,140.5,fe,0.0010036735329777002
2025-09-16,140.75,fe,0.0010636758524924517
2025-09-16,141.0,fe,0.0011046924628317356
2025-09-16,141.25,fe,0.0011253556003794074
2025-09-16,141.5,fe,0.0012300132075324655
2025-09-16,141.75,fe,0.0010511884465813637
2025-09-16,142.0,fe,0.000879493891261518
2025-09-16,142.25,fe,0.0007065110257826746
2025-09-16,142.5,fe,0.0007257185643538833
2025-09-16,142.75,fe,0.000688611064106226
2025-09-16,143.0,fe,0.0007415448781102896
2025-09-16,143.25,fe,0.0007868495304137468
2025-09-16,143.5,fe,0.0007900482160039246
2025-09-16,143.75,fe,0.0008051141630858183
2025-09-16,144.0,fe,0.0007832848350517452
2025-09-16,144.25,fe,0.0007344281766563654
2025-09-16,144.5,fe,0.0007449831464327872
2025-09-16,144.75,fe,0.0007271734066307545
2025-09-16,145.0,fe,0.0006721144891344011
2025-09-16,145.25,fe,0.0006772811175324023
2025-09-16,145.5,fe,0.0007112758466973901
2025-09-16,145.75,fe,0.0006787526654079556
2025-09-16,146.0,fe,0.0006715654744766653
2025-09-16,146.25,fe,0.0006725253188051283
2025-09-16,146.5,fe,0.0006849952624179423
2025-09-16,146.75,fe,0.0006644777022302151
2025-09-16,147.0,fe,0.0006296697538346052
2025-09-16,147.25,fe,0.0006507905782200396
2025-09-16,147.5,fe,0.0006306125433184206
2025-09-16,147.75,fe,0.000642822589725256
2025-09-16,148.0,fe,0.0006290205055847764
2025-09-16,148.25,fe,0.0005995876854285598
2025-09-16,148.5,fe,0.0005984852905385196
2025-09-16,148.75,fe,0.0005711855483241379
2025-09-16,149.0,fe,0.0005730229895561934
2025-09-16,149.25,fe,0.0005866401479579508
2025-09-16,149.5,fe,0.0006083173211663961
2025-09-16,149.75,fe,0.0005948118632659316
2025-09-16,150.0,fe,0.0006236184854060411
2025-09-16,150.25,fe,0.000633766467217356
2025-09-16,150.5,fe,0.000603174208663404
2025-09-16,150.75,fe,0.0005955860833637416
2025-09-16,151.0,fe,0.0006165254162624478
2025-09-16,151.25,fe,0.000598360609728843
2025-09-16,151.5,fe,0.0006171411368995905
2025-09-16,151.75,fe,0.000573251920286566
2025-09-16,152.0,fe,0.0005638787988573313
2025-09-16,152.25,fe,0.0005649223458021879
2025-09-16,152.5,fe,0.0005527071189135313
2025-09-16,152.75,fe,0.0005251153488643467
2025-09-16,153.0,fe,0.000503860239405185
2025-09-16,153.25,fe,0.0005037065129727125
2025-09-16,153.5,fe,0.00048247032100334764
2025-09-16,153.75,fe,0.00046877394197508693
2025-09-16,154.0,fe,0.0004457919276319444
2025-09-16,154.25,fe,0.0004464419325813651
2025-09-16,154.5,fe,0.0004370211681816727
2025-09-16,154.75,fe,0.0004347014182712883
2025-09-16,155.0,fe,0.00042911068885587156
2025-09-16,155.25,fe,0.0004514003812801093
2025-09-16,155.5,fe,0.00047073917812667787
2025-09-16,155.75,fe,0.00048407851136289537
2025-09-16,156.0,fe,0.00044870530837215483
2025-09-16,156.25,fe,0.0004475056193768978
2025-09-16,156.5,fe,0.0004299313295632601
2025-09-16,156.75,fe,0.00039474107325077057
2025-09-16,157.0,fe,0.00037428815267048776
2025-09-16,157.25,fe,0.0003809131740126759
2025-09-16,157.5,fe,0.0003764894208870828
2025-09-16,157.75,fe,0.00038621146813966334
2025-09-16,158.0,fe,0.00037989055272191763
2025-09-16,158.25,fe,0.0003799600526690483
2025-09-16,158.5,fe,0.0003905828925780952
2025-09-16,158.75,fe,0.0003861800068989396
2025-09-16,159.0,fe,0.0003853724629152566
2025-09-16,159.25,fe,0.00038939170190133154
2025-09-16,159.5,fe,0.00040354335214942694
2025-09-16,159.75,fe,0.00044567117583937943
2025-09-16,160.0,fe,0.00044163153506815434
2025-09-16,160.25,fe,0.0004367719229776412
2025-09-16,160.5,fe,0.00041495318873785436
2025-09-16,160.75,fe,0.0004162958066444844
2025-09-16,161.0,fe,0.00041565950959920883
2025-09-16,161.25,fe,0.00040951851406134665
2025-09-16,161.5,fe,0.00039163994370028377
2025-09-16,161.75,fe,0.000396205869037658
2025-09-16,162.0,fe,0.0004029058909509331
2025-09-16,162.25,fe,0.0004094842588528991
2025-09-16,162.5,fe,0.000391877576475963
2025-09-16,162.75,fe,0.0003738722298294306
2025-09-16,163.0,fe,0.00038284933543764055
2025-09-16,163.25,fe,0.0004380543250590563
2025-09-16,163.5,fe,0.00042689041583798826
2025-09-16,163.75,fe,0.00039283474325202405
2025-09-16,164.0,fe,0.0003556445299182087
2025-09-16,164.25,fe,0.00033947499468922615
2025-09-16,164.5,fe,0.0003414320817682892
2025-09-16,164.75,fe,0.000334174488671124
2025-09-16,165.0,fe,0.0003322940319776535
2025-09-16,165.25,fe,0.0003230871516279876
2025-09-16,165.5,fe,0.00032117011141963303
2025-09-16,165.75,fe,0.00032337827724404633
2025-09-16,166.0,fe,0.0003291008179076016
2025-09-16,166.25,fe,0.00032594852382317185
2025-09-16,166.5,fe,0.0003395990643184632
2025-09-16,166.75,fe,0.0003413384547457099
2025-09-16,167.0,fe,0.0003440641157794744
2025-09-16,167.25,fe,0.0003266948042437434
2025-09-16,167.5,fe,0.00031715782824903727
2025-09-16,167.75,fe,0.00030828328453935683
2025-09-16,168.0,fe,0.0003168644616380334
2025-09-16,168.25,fe,0.0003029413055628538
2025-09-16,168.5,fe,0.00030331764719448984
2025-09-16,168.75,fe,0.0003006891056429595
2025-09-16,169.0,fe,0.00030132534448057413
2025-09-16,169.25,fe,0.00031473778653889894
2025-09-16,169.5,fe,0.0003264640981797129
2025-09-16,169.75,fe,0.00030207401141524315
2025-09-16,170.0,fe,0.00028960875351913273
2025-09-16,170.25,fe,0.0002860363747458905
2025-09-16,170.5,fe,0.00028523948276415467
2025-09-16,170.75,fe,0.00026820736820809543
2025-09-16,171.0,fe,0.00023754134599585086
2025-09-16,171.25,fe,0.0002482550626154989
2025-09-16,171.5,fe,0.00023810003767721355
2025-09-16,171.75,fe,0.0002309391857124865
2025-09-16,172.0,fe,0.00022902745695319027
2025-09-16,172.25,fe,0.00022108820849098265
2025-09-16,172.5,fe,0.00022745806199964136
2025-09-16,172.75,fe,0.00023732290719635785
2025-09-16,173.0,fe,0.00024994061095640063
2025-09-16,173.25,fe,0.00025309339980594814
2025-09-16,173.5,fe,0.0002451474720146507
2025-09-16,173.75,fe,0.00024295887851621956
2025-09-16,174.0,fe,0.00023868567950557917
2025-09-16,174.25,fe,0.0002563481975812465
2025-09-16,174.5,fe,0.00025010528042912483
2025-09-16,174.75,fe,0.0002190990635426715
2025-09-16,175.0,fe,0.00021307628776412457
2025-09-16,175.25,fe,0.00020224394393153489
2025-09-16,175.5,fe,0.00021423517318908125
2025-09-16,175.75,fe,0.00020839160424657166
2025-09-16,176.0,fe,0.00020820536883547902
2025-09-16,176.25,fe,0.00020852139277849346
2025-09-16,176.5,fe,0.00020433237659744918
2025-09-16,176.75,fe,0.00020220217993482947
2025-09-16,177.0,fe,0.0002210665843449533
2025-09-16,177.25,fe,0.00022220615937840194
2025-09-16,177.5,fe,0.00023839576169848442
2025-09-16,177.75,fe,0.00024351412139367312
2025-09-16,178.0,fe,0.00024100970767904073
2025-09-16,178.25,fe,0.0002443900448270142
2025-09-16,178.5,fe,0.0002446038124617189
2025-09-16,178.75,fe,0.000289635470835492
2025-09-16,179.0,fe,0.0002823806426022202
2025-09-16,179.25,fe,0.0002718000905588269
2025-09-16,179.5,fe,0.00026833018637262285
2025-09-16,179.75,fe,0.0002640849561430514
2025-09-16,-180.0,no3,7.089852809906006
2025-09-16,-179.75,no3,7.0790581703186035
2025-09-16,-179.5,no3,7.039495944976807
2025-09-16,-179.25,no3,6.980926513671875
2025-09-16,-179.0,no3,6.975775718688965
2025-09-16,-178.75,no3,7.003807544708252
2025-09-16,-178.5,no3,7.01540994644165
2025-09-16,-178.25,no3,7.0238213539123535
2025-09-16,-178.0,no3,7.025323390960693
2025-09-16,-177.75,no3,7.006171703338623
2025-09-16,-177.5,no3,6.98103141784668
2025-09-16,-177.25,no3,6.956444263458252
2025-09-16,-177.0,no3,6.934853553771973
2025-09-16,-176.75,no3,6.900176048278809
2025-09-16,-176.5,no3,6.873549938201904
2025-09-16,-176.25,no3,6.8812994956970215
2025-09-16,-176.0,no3,6.882818222045898
2025-09-16,-175.75,no3,6.9016499519348145
2025-09-16,-175.5,no3,6.914335250854492
2025-09-16,-175.25,no3,6.905177593231201
2025-09-16,-175.0,no3,6.934680938720703
2025-09-16,-174.75,no3,6.942094802856445
2025-09-16,-174.5,no3,6.932206630706787
2025-09-16,-174.25,no3,6.914649486541748
2025-09-16,-174.0,no3,6.910057544708252
2025-09-16,-173.75,no3,6.923189640045166
2025-09-16,-173.5,no3,6.910811424255371
2025-09-16,-173.25,no3,6.888967514038086
2025-09-16,-173.0,no3,6.883050918579102
2025-09-16,-172.75,no3,6.875255107879639
2025-09-16,-172.5,no3,6.898470878601074
2025-09-16,-172.25,no3,6.906791687011719
2025-09-16,-172.0,no3,6.9191670417785645
2025-09-16,-171.75,no3,6.923046588897705
2025-09-16,-171.5,no3,6.883427143096924
2025-09-16,-171.25,no3,6.857142925262451
2025-09-16,-171.0,no3,6.841157913208008
2025-09-16,-170.75,no3,6.812631607055664
2025-09-16,-170.5,no3,6.789602756500244
2025-09-16,-170.25,no3,6.781989574432373
2025-09-16,-170.0,no3,6.751258850097656
2025-09-16,-169.75,no3,6.743058681488037
2025-09-16,-169.5,no3,6.731359004974365
2025-09-16,-169.25,no3,6.7030720710754395
2025-09-16,-169.0,no3,6.677560329437256
2025-09-16,-168.75,no3,6.653303623199463
2025-09-16,-168.5,no3,6.625497817993164
2025-09-16,-168.25,no3,6.615471363067627
2025-09-16,-168.0,no3,6.602938652038574
2025-09-16,-167.75,no3,6.6021037101745605
2025-09-16,-167.5,no3,6.605312824249268
2025-09-16,-167.25,no3,6.617244720458984
2025-09-16,-167.0,no3,6.661109924316406
2025-09-16,-166.75,no3,6.683349132537842
2025-09-16,-166.5,no3,6.719898223876953
2025-09-16,-166.25,no3,6.738397121429443
2025-09-16,-166.0,no3,6.74064826965332
2025-09-16,-165.75,no3,6.76713752746582
2025-09-16,-165.5,no3,6.765404224395752
2025-09-16,-165.25,no3,6.767795562744141
2025-09-16,-165.0,no3,6.804458141326904
2025-09-16,-164.75,no3,6.838414669036865
2025-09-16,-164.5,no3,6.859375
2025-09-16,-164.25,no3,6.862936496734619
2025-09-16,-164.0,no3,6.869668006896973
2025-09-16,-163.75,no3,6.885110855102539
2025-09-16,-163.5,no3,6.908628940582275
2025-09-16,-163.25,no3,6.939665794372559
2025-09-16,-163.0,no3,6.966873645782471
2025-09-16,-162.75,no3,6.971922874450684
2025-09-16,-162.5,no3,6.975094795227051
2025-09-16,-162.25,no3,7.000429630279541
2025-09-16,-162.0,no3,7.045309543609619
2025-09-16,-161.75,no3,7.087508201599121
2025-09-16,-161.5,no3,7.091519355773926
2025-09-16,-161.25,no3,7.130317211151123
2025-09-16,-161.0,no3,7.126875400543213
2025-09-16,-160.75,no3,7.1441450119018555
2025-09-16,-160.5,no3,7.1506805419921875
2025-09-16,-160.25,no3,7.17410945892334
2025-09-16,-160.0,no3,7.179391860961914
2025-09-16,-159.75,no3,7.210555553436279
2025-09-16,-159.5,no3,7.25653600692749
2025-09-16,-159.25,no3,7.2076287269592285
2025-09-16,-159.0,no3,7.22328519821167
2025-09-16,-158.75,no3,7.185003280639648
2025-09-16,-158.5,no3,7.178226470947266
2025-09-16,-158.25,no3,7.198385715484619
2025-09-16,-158.0,no3,7.212578296661377
2025-09-16,-157.75,no3,7.222138404846191
2025-09-16,-157.5,no3,7.222750186920166
2025-09-16,-157.25,no3,7.243033409118652
2025-09-16,-157.0,no3,7.2780585289001465
2025-09-16,-156.75,no3,7.296690940856934
2025-09-16,-156.5,no3,7.3123064041137695
2025-09-16,-156.25,no3,7.315675735473633
2025-09-16,-156.0,no3,7.3213958740234375
2025-09-16,-155.75,no3,7.37033224105835
2025-09-16,-155.5,no3,7.369429588317871
2025-09-16,-155.25,no3,7.343335151672363
2025-09-16,-155.0,no3,7.354775905609131
2025-09-16,-154.75,no3,7.339493751525879
2025-09-16,-154.5,no3,7.371916770935059
2025-09-16,-154.25,no3,7.377213954925537
2025-09-16,-154.0,no3,7.382467746734619
2025-09-16,-153.75,no3,7.384237766265869
2025-09-16,-153.5,no3,7.3982930183410645
2025-09-16,-153.25,no3,7.386944770812988
2025-09-16,-153.0,no3,7.3806843757629395
2025-09-16,-152.75,no3,7.391825199127197
2025-09-16,-152.5,no3,7.370652675628662
2025-09-16,-152.25,no3,7.344067096710205
2025-09-16,-152.0,no3,7.302308559417725
2025-09-16,-151.75,no3,7.296689033508301
2025-09-16,-151.5,no3,7.3072896003723145
2025-09-16,-151.25,no3,7.330618858337402
2025-09-16,-151.0,no3,7.322176456451416
2025-09-16,-150.75,no3,7.33824348449707
2025-09-16,-150.5,no3,7.311886310577393
2025-09-16,-150.25,no3,7.305527210235596
2025-09-16,-150.0,no3,7.306215763092041
2025-09-16,-149.75,no3,7.303475379943848
2025-09-16,-149.5,no3,7.279291152954102
2025-09-16,-149.25,no3,7.27470588684082
2025-09-16,-149.0,no3,7.2530598640441895
2025-09-16,-148.75,no3,7.208970069885254
2025-09-16,-148.5,no3,7.2014946937561035
2025-09-16,-148.25,no3,7.162149906158447
2025-09-16,-148.0,no3,7.123776435852051
2025-09-16,-147.75,no3,7.067888259887695
2025-09-16,-147.5,no3,7.07456111907959
2025-09-16,-147.25,no3,7.026548385620117
2025-09-16,-147.0,no3,6.982295036315918
2025-09-16,-146.75,no3,6.996949195861816
2025-09-16,-146.5,no3,6.926173210144043
2025-09-16,-146.25,no3,6.936227798461914
2025-09-16,-146.0,no3,6.935611248016357
2025-09-16,-145.75,no3,6.885375022888184
2025-09-16,-145.5,no3,6.888236999511719
2025-09-16,-145.25,no3,6.899545192718506
2025-09-16,-145.0,no3,6.914757251739502
2025-09-16,-144.75,no3,6.921131610870361
2025-09-16,-144.5,no3,6.907941818237305
2025-09-16,-144.25,no3,6.888792037963867
2025-09-16,-144.0,no3,6.873554229736328
2025-09-16,-143.75,no3,6.84713077545166
2025-09-16,-143.5,no3,6.800352096557617
2025-09-16,-143.25,no3,6.792490005493164
2025-09-16,-143.0,no3,6.780850410461426
2025-09-16,-142.75,no3,6.773533344268799
2025-09-16,-142.5,no3,6.78253698348999
2025-09-16,-142.25,no3,6.774674415588379
2025-09-16,-142.0,no3,6.761316776275635
2025-09-16,-141.75,no3,6.734773635864258
2025-09-16,-141.5,no3,6.701904773712158
2025-09-16,-141.25,no3,6.693419933319092
2025-09-16,-141.0,no3,6.6736555099487305
2025-09-16,-140.75,no3,6.648969650268555
2025-09-16,-140.5,no3,6.633270740509033
2025-09-16,-140.25,no3,6.597043991088867
2025-09-16,-140.0,no3,6.577441692352295
2025-09-16,-139.75,no3,6.559167385101318
2025-09-16,-139.5,no3,6.514393329620361
2025-09-16,-139.25,no3,6.4567036628723145
2025-09-16,-139.0,no3,6.435388088226318
2025-09-16,-138.75,no3,6.426760196685791
2025-09-16,-138.5,no3,6.395132541656494
2025-09-16,-138.25,no3,6.37569522857666
2025-09-16,-138.0,no3,6.415706157684326
2025-09-16,-137.75,no3,6.409472942352295
2025-09-16,-137.5,no3,6.375814437866211
2025-09-16,-137.25,no3,6.37630558013916
2025-09-16,-137.0,no3,6.374643325805664
2025-09-16,-136.75,no3,6.36889123916626
2025-09-16,-136.5,no3,6.32200813293457
2025-09-16,-136.25,no3,6.323214530944824
2025-09-16,-136.0,no3,6.321961879730225
2025-09-16,-135.75,no3,6.3255839347839355
2025-09-16,-135.5,no3,6.309703826904297
2025-09-16,-135.25,no3,6.305780410766602
2025-09-16,-135.0,no3,6.312931060791016
2025-09-16,-134.75,no3,6.31720495223999
2025-09-16,-134.5,no3,6.279449462890625
2025-09-16,-134.25,no3,6.252157211303711
2025-09-16,-134.0,no3,6.265713214874268
2025-09-16,-133.75,no3,6.2358174324035645
2025-09-16,-133.5,no3,6.272222995758057
2025-09-16,-133.25,no3,6.302872657775879
2025-09-16,-133.0,no3,6.319926738739014
2025-09-16,-132.75,no3,6.328794479370117
2025-09-16,-132.5,no3,6.33024263381958
2025-09-16,-132.25,no3,6.324047088623047
2025-09-16,-132.0,no3,6.290025234222412
2025-09-16,-131.75,no3,6.247171401977539
2025-09-16,-131.5,no3,6.195180416107178
2025-09-16,-131.25,no3,6.192086696624756
2025-09-16,-131.0,no3,6.174985408782959
2025-09-16,-130.75,no3,6.158520698547363
2025-09-16,-130.5,no3,6.165103435516357
2025-09-16,-130.25,no3,6.191900730133057
2025-09-16,-130.0,no3,6.186383247375488
2025-09-16,-129.75,no3,6.180239200592041
2025-09-16,-129.5,no3,6.172567844390869
2025-09-16,-129.25,no3,6.1757330894470215
2025-09-16,-129.0,no3,6.191680908203125
2025-09-16,-128.75,no3,6.188013076782227
2025-09-16,-128.5,no3,6.197848320007324
2025-09-16,-128.25,no3,6.216962814331055
2025-09-16,-128.0,no3,6.19956111907959
2025-09-16,-127.75,no3,6.191947937011719
2025-09-16,-127.5,no3,6.201624393463135
2025-09-16,-127.25,no3,6.190485954284668
2025-09-16,-127.0,no3,6.1281418800354
2025-09-16,-126.75,no3,6.110352516174316
2025-09-16,-126.5,no3,6.1284356117248535
2025-09-16,-126.25,no3,6.130258083343506
2025-09-16,-126.0,no3,6.175060272216797
2025-09-16,-125.75,no3,6.191976070404053
2025-09-16,-125.5,no3,6.234490871429443
2025-09-16,-125.25,no3,6.310706615447998
2025-09-16,-125.0,no3,6.405817031860352
2025-09-16,-124.75,no3,6.551759243011475
2025-09-16,-124.5,no3,6.620031356811523
2025-09-16,-124.25,no3,6.644744873046875
2025-09-16,-124.0,no3,6.789635181427002
2025-09-16,-123.75,no3,6.904031753540039
2025-09-16,-123.5,no3,6.917834281921387
2025-09-16,-123.25,no3,6.931399822235107
2025-09-16,-123.0,no3,6.946084976196289
2025-09-16,-122.75,no3,6.9799017906188965
2025-09-16,-122.5,no3,7.011184215545654
2025-09-16,-122.25,no3,7.023316860198975
2025-09-16,-122.0,no3,7.049719333648682
2025-09-16,-121.75,no3,7.09283971786499
2025-09-16,-121.5,no3,7.103106498718262
2025-09-16,-121.25,no3,7.104172229766846
2025-09-16,-121.0,no3,7.104179382324219
2025-09-16,-120.75,no3,7.1346659660339355
2025-09-16,-120.5,no3,7.1393513679504395
2025-09-16,-120.25,no3,7.127732753753662
2025-09-16,-120.0,no3,7.137512683868408
2025-09-16,-119.75,no3,7.105469226837158
2025-09-16,-119.5,no3,7.101497650146484
2025-09-16,-119.25,no3,7.092312335968018
2025-09-16,-119.0,no3,7.088398456573486
2025-09-16,-118.75,no3,7.0461907386779785
2025-09-16,-118.5,no3,7.073765277862549
2025-09-16,-118.25,no3,7.134576320648193
2025-09-16,-118.0,no3,7.1313886642456055
2025-09-16,-117.75,no3,7.139499187469482
2025-09-16,-117.5,no3,7.227521896362305
2025-09-16,-117.25,no3,7.273890972137451
2025-09-16,-117.0,no3,7.297078609466553
2025-09-16,-116.75,no3,7.313947677612305
2025-09-16,-116.5,no3,7.380673885345459
2025-09-16,-116.25,no3,7.436088562011719
2025-09-16,-116.0,no3,7.474928855895996
2025-09-16,-115.75,no3,7.500439167022705
2025-09-16,-115.5,no3,7.535740375518799
2025-09-16,-115.25,no3,7.605154037475586
2025-09-16,-115.0,no3,7.623054027557373
2025-09-16,-114.75,no3,7.669578552246094
2025-09-16,-114.5,no3,7.538082122802734
2025-09-16,-114.25,no3,7.557369232177734
2025-09-16,-114.0,no3,7.540724754333496
2025-09-16,-113.75,no3,7.560277462005615
2025-09-16,-113.5,no3,7.6150431632995605
2025-09-16,-113.25,no3,7.618086338043213
2025-09-16,-113.0,no3,7.700910568237305
2025-09-16,-112.75,no3,7.691072940826416
2025-09-16,-112.5,no3,7.695895671844482
2025-09-16,-112.25,no3,7.697214126586914
2025-09-16,-112.0,no3,7.791757106781006
2025-09-16,-111.75,no3,7.7625885009765625
2025-09-16,-111.5,no3,7.751128673553467
2025-09-16,-111.25,no3,7.6973490715026855
2025-09-16,-111.0,no3,7.673513889312744
2025-09-16,-110.75,no3,7.641554355621338
2025-09-16,-110.5,no3,7.675662994384766
2025-09-16,-110.25,no3,7.707728862762451
2025-09-16,-110.0,no3,7.731783390045166
2025-09-16,-109.75,no3,7.720300674438477
2025-09-16,-109.5,no3,7.641772747039795
2025-09-16,-109.25,no3,7.720966815948486
2025-09-16,-109.0,no3,7.679467678070068
2025-09-16,-108.75,no3,7.688601493835449
2025-09-16,-108.5,no3,7.669760704040527
2025-09-16,-108.25,no3,7.6757426261901855
2025-09-16,-108.0,no3,7.623972415924072
2025-09-16,-107.75,no3,7.685781478881836
2025-09-16,-107.5,no3,7.693260192871094
2025-09-16,-107.25,no3,7.752559661865234
2025-09-16,-107.0,no3,7.8689141273498535
2025-09-16,-106.75,no3,7.864891529083252
2025-09-16,-106.5,no3,7.872610569000244
2025-09-16,-106.25,no3,8.014484405517578
2025-09-16,-106.0,no3,8.009020805358887
2025-09-16,-105.75,no3,8.00507640838623
2025-09-16,-105.5,no3,8.090229988098145
2025-09-16,-105.25,no3,8.172100067138672
2025-09-16,-105.0,no3,8.213080406188965
2025-09-16,-104.75,no3,8.227400779724121
2025-09-16,-104.5,no3,8.157952308654785
2025-09-16,-104.25,no3,8.182204246520996
2025-09-16,-104.0,no3,8.184951782226562
2025-09-16,-103.75,no3,8.190523147583008
2025-09-16,-103.5,no3,8.217673301696777
2025-09-16,-103.25,no3,8.166801452636719
2025-09-16,-103.0,no3,8.073816299438477
2025-09-16,-102.75,no3,8.0121431350708
2025-09-16,-102.5,no3,7.964930534362793
2025-09-16,-102.25,no3,7.952725410461426
2025-09-16,-102.0,no3,7.828274250030518
2025-09-16,-101.75,no3,7.749258518218994
2025-09-16,-101.5,no3,7.653746128082275
2025-09-16,-101.25,no3,7.679397106170654
2025-09-16,-101.0,no3,7.674769401550293
2025-09-16,-100.75,no3,7.701580047607422
2025-09-16,-100.5,no3,7.726020336151123
2025-09-16,-100.25,no3,7.820164203643799
2025-09-16,-100.0,no3,7.818993091583252
2025-09-16,-99.75,no3,7.850517749786377
2025-09-16,-99.5,no3,7.8317551612854
2025-09-16,-99.25,no3,7.838325023651123
2025-09-16,-99.0,no3,7.840291500091553
2025-09-16,-98.75,no3,7.887420654296875
2025-09-16,-98.5,no3,7.939875602722168
2025-09-16,-98.25,no3,7.957956790924072
2025-09-16,-98.0,no3,7.927772521972656
2025-09-16,-97.75,no3,7.847567081451416
2025-09-16,-97.5,no3,7.672152042388916
2025-09-16,-97.25,no3,7.504859447479248
2025-09-16,-97.0,no3,7.358292579650879
2025-09-16,-96.75,no3,7.351171493530273
2025-09-16,-96.5,no3,7.247242450714111
2025-09-16,-96.25,no3,7.2268900871276855
2025-09-16,-96.0,no3,7.248902797698975
2025-09-16,-95.75,no3,7.252640247344971
2025-09-16,-95.5,no3,7.334569931030273
2025-09-16,-95.25,no3,7.415994167327881
2025-09-16,-95.0,no3,7.504958152770996
2025-09-16,-94.75,no3,7.470327854156494
2025-09-16,-94.5,no3,7.49229621887207
2025-09-16,-94.25,no3,7.456645965576172
2025-09-16,-94.0,no3,7.483445167541504
2025-09-16,-93.75,no3,7.4461989402771
2025-09-16,-93.5,no3,7.400503635406494
2025-09-16,-93.25,no3,7.393555164337158
2025-09-16,-93.0,no3,7.340668201446533
2025-09-16,-92.75,no3,7.294620990753174
2025-09-16,-92.5,no3,7.3049116134643555
2025-09-16,-92.25,no3,7.275249004364014
2025-09-16,-92.0,no3,7.27109956741333
2025-09-16,-91.75,no3,7.2554850578308105
2025-09-16,-91.5,no3,7.350354194641113
2025-09-16,-91.25,no3,7.389317512512207
2025-09-16,-91.0,no3,7.413971424102783
2025-09-16,-90.75,no3,7.398187637329102
2025-09-16,-90.5,no3,7.346593379974365
2025-09-16,-90.25,no3,7.364200115203857
2025-09-16,-90.0,no3,7.3250555992126465
2025-09-16,-89.75,no3,7.394907474517822
2025-09-16,-89.5,no3,7.501865863800049
2025-09-16,-89.25,no3,7.637368202209473
2025-09-16,-89.0,no3,7.6147990226745605
2025-09-16,-88.75,no3,7.650612831115723
2025-09-16,-88.5,no3,7.646169185638428
2025-09-16,-88.25,no3,7.514255523681641
2025-09-16,-88.0,no3,7.464081764221191
2025-09-16,-87.75,no3,7.426210403442383
2025-09-16,-87.5,no3,7.310397148132324
2025-09-16,-87.25,no3,7.257180690765381
2025-09-16,-87.0,no3,7.1883955001831055
2025-09-16,-86.75,no3,7.13260555267334
2025-09-16,-86.5,no3,7.0620622634887695
2025-09-16,-86.25,no3,7.07490348815918
2025-09-16,-86.0,no3,7.13665246963501
2025-09-16,-85.75,no3,7.164852619171143
2025-09-16,-85.5,no3,7.241189479827881
2025-09-16,-85.25,no3,7.258939266204834
2025-09-16,-85.0,no3,7.275825500488281
2025-09-16,-84.75,no3,7.383793354034424
2025-09-16,-84.5,no3,7.406605243682861
2025-09-16,-84.25,no3,7.514782428741455
2025-09-16,-84.0,no3,7.52686882019043
2025-09-16,-83.75,no3,7.553412914276123
2025-09-16,-83.5,no3,7.422153472900391
2025-09-16,-83.25,no3,7.366901874542236
2025-09-16,-83.0,no3,7.322945594787598
2025-09-16,-82.75,no3,7.266913890838623
2025-09-16,-82.5,no3,7.312665939331055
2025-09-16,-82.25,no3,7.239096164703369
2025-09-16,-82.0,no3,7.156243801116943
2025-09-16,-81.75,no3,7.147529125213623
2025-09-16,-81.5,no3,7.0924882888793945
2025-09-16,-81.25,no3,6.918782711029053
2025-09-16,-81.0,no3,6.704408168792725
2025-09-16,-80.75,no3,6.728819847106934
2025-09-16,-80.5,no3,6.610373497009277
2025-09-16,-80.25,no3,6.555257797241211
2025-09-16,-80.0,no3,6.546885967254639
2025-09-16,-79.75,no3,6.589442729949951
2025-09-16,-79.5,no3,6.5693440437316895
2025-09-16,-79.25,no3,6.486498832702637
2025-09-16,-79.0,no3,6.42783260345459
2025-09-16,-78.75,no3,6.415014266967773
2025-09-16,-78.5,no3,6.508369445800781
2025-09-16,-78.25,no3,6.655968189239502
2025-09-16,-78.0,no3,6.754079341888428
2025-09-16,-77.75,no3,6.848058700561523
2025-09-16,-77.5,no3,6.943478107452393
2025-09-16,-77.25,no3,7.217606067657471
2025-09-16,-77.0,no3,7.243999004364014
2025-09-16,-76.75,no3,7.279737949371338
2025-09-16,-76.5,no3,7.282022476196289
2025-09-16,-76.25,no3,7.09417200088501
2025-09-16,-76.0,no3,6.878000259399414
2025-09-16,-75.75,no3,6.680656909942627
2025-09-16,-75.5,no3,6.5847086906433105
2025-09-16,-75.25,no3,6.354048252105713
2025-09-16,-75.0,no3,6.09559440612793
2025-09-16,-74.75,no3,6.001660346984863
2025-09-16,-74.5,no3,5.8859944343566895
2025-09-16,-74.25,no3,5.850965976715088
2025-09-16,-74.0,no3,5.909511566162109
2025-09-16,-73.75,no3,5.829281330108643
2025-09-16,-73.5,no3,5.819006443023682
2025-09-16,-73.25,no3,5.809314727783203
2025-09-16,-73.0,no3,5.826116561889648
2025-09-16,-72.75,no3,5.874774932861328
2025-09-16,-72.5,no3,5.987276077270508
2025-09-16,-72.25,no3,6.026853084564209
2025-09-16,-72.0,no3,5.996558666229248
2025-09-16,-71.75,no3,5.974084854125977
2025-09-16,-71.5,no3,5.702157020568848
2025-09-16,-71.25,no3,5.610255241394043
2025-09-16,-71.0,no3,5.659162998199463
2025-09-16,-70.75,no3,5.751903533935547
2025-09-16,-70.5,no3,5.453413963317871
2025-09-16,-70.25,no3,5.564238548278809
2025-09-16,-70.0,no3,5.685110569000244
2025-09-16,-69.75,no3,5.51275634765625
2025-09-16,-69.5,no3,5.315032005310059
2025-09-16,-69.25,no3,5.297830581665039
2025-09-16,-69.0,no3,5.0775532722473145
2025-09-16,-68.75,no3,4.871111869812012
2025-09-16,-68.5,no3,4.75886869430542
2025-09-16,-68.25,no3,4.6668500900268555
2025-09-16,-68.0,no3,4.583873271942139
2025-09-16,-67.75,no3,4.601443290710449
2025-09-16,-67.5,no3,4.438221454620361
2025-09-16,-67.25,no3,4.326303482055664
2025-09-16,-67.0,no3,4.309683799743652
2025-09-16,-66.75,no3,4.480356693267822
2025-09-16,-66.5,no3,4.5818352699279785
2025-09-16,-66.25,no3,4.673916816711426
2025-09-16,-66.0,no3,4.649250030517578
2025-09-16,-65.75,no3,4.665817737579346
2025-09-16,-65.5,no3,4.776791572570801
2025-09-16,-65.25,no3,4.815946578979492
2025-09-16,-65.0,no3,4.875427722930908
2025-09-16,-64.75,no3,4.912288188934326
2025-09-16,-64.5,no3,4.899770259857178
2025-09-16,-64.25,no3,4.822073459625244
2025-09-16,-64.0,no3,4.73015022277832
2025-09-16,-63.75,no3,4.752233982086182
2025-09-16,-63.5,no3,4.695701599121094
2025-09-16,-63.25,no3,4.6724443435668945
2025-09-16,-63.0,no3,4.663490295410156
2025-09-16,-62.75,no3,4.678701400756836
2025-09-16,-62.5,no3,4.641544342041016
2025-09-16,-62.25,no3,4.645578861236572
2025-09-16,-62.0,no3,4.710849761962891
2025-09-16,-61.75,no3,4.817622661590576
2025-09-16,-61.5,no3,4.709865570068359
2025-09-16,-61.25,no3,5.000685214996338
2025-09-16,-61.0,no3,5.248518943786621
2025-09-16,-60.75,no3,5.6049909591674805
2025-09-16,-60.5,no3,5.929776668548584
2025-09-16,-60.25,no3,6.235175609588623
2025-09-16,-60.0,no3,6.493499279022217
2025-09-16,-59.75,no3,6.912839889526367
2025-09-16,-59.5,no3,7.181146144866943
2025-09-16,-59.25,no3,7.389806747436523
2025-09-16,-59.0,no3,7.603498458862305
2025-09-16,-58.75,no3,7.695732593536377
2025-09-16,-58.5,no3,7.851236820220947
2025-09-16,-58.25,no3,7.8932271003723145
2025-09-16,-58.0,no3,8.020119667053223
2025-09-16,-57.75,no3,8.156073570251465
2025-09-16,-57.5,no3,8.256311416625977
2025-09-16,-57.25,no3,8.31036376953125
2025-09-16,-57.0,no3,8.334428787231445
2025-09-16,-56.75,no3,8.427573204040527
2025-09-16,-56.5,no3,8.495017051696777
2025-09-16,-56.25,no3,8.461060523986816
2025-09-16,-56.0,no3,8.409685134887695
2025-09-16,-55.75,no3,8.280661582946777
2025-09-16,-55.5,no3,8.38051986694336
2025-09-16,-55.25,no3,8.452893257141113
2025-09-16,-55.0,no3,8.60111141204834
2025-09-16,-54.75,no3,8.710259437561035
2025-09-16,-54.5,no3,8.903390884399414
2025-09-16,-54.25,no3,8.886903762817383
2025-09-16,-54.0,no3,8.923750877380371
2025-09-16,-53.75,no3,8.977714538574219
2025-09-16,-53.5,no3,9.019522666931152
2025-09-16,-53.25,no3,8.922821044921875
2025-09-16,-53.0,no3,8.913721084594727
2025-09-16,-52.75,no3,8.985960960388184
2025-09-16,-52.5,no3,9.011605262756348
2025-09-16,-52.25,no3,8.91995906829834
2025-09-16,-52.0,no3,8.852570533752441
2025-09-16,-51.75,no3,8.750473976135254
2025-09-16,-51.5,no3,8.665451049804688
2025-09-16,-51.25,no3,8.688188552856445
2025-09-16,-51.0,no3,8.710671424865723
2025-09-16,-50.75,no3,8.739617347717285
2025-09-16,-50.5,no3,8.78576946258545
2025-09-16,-50.25,no3,8.81523609161377
2025-09-16,-50.0,no3,8.81678581237793
2025-09-16,-49.75,no3,8.822535514831543
2025-09-16,-49.5,no3,8.864232063293457
2025-09-16,-49.25,no3,8.879642486572266
2025-09-16,-49.0,no3,8.875532150268555
2025-09-16,-48.75,no3,8.853631019592285
2025-09-16,-48.5,no3,8.620570182800293
2025-09-16,-48.25,no3,8.591226577758789
2025-09-16,-48.0,no3,8.6179780960083
2025-09-16,-47.75,no3,8.599599838256836
2025-09-16,-47.5,no3,8.6234712600708
2025-09-16,-47.25,no3,8.62582778930664
2025-09-16,-47.0,no3,8.592182159423828
2025-09-16,-46.75,no3,8.601317405700684
2025-09-16,-46.5,no3,8.563555717468262
2025-09-16,-46.25,no3,8.540206909179688
2025-09-16,-46.0,no3,8.520668029785156
2025-09-16,-45.75,no3,8.56059741973877
2025-09-16,-45.5,no3,8.588318824768066
2025-09-16,-45.25,no3,8.589384078979492
2025-09-16,-45.0,no3,8.588204383850098
2025-09-16,-44.75,no3,8.648635864257812
2025-09-16,-44.5,no3,8.538470268249512
2025-09-16,-44.25,no3,8.554210662841797
2025-09-16,-44.0,no3,8.597429275512695
2025-09-16,-43.75,no3,8.63418197631836
2025-09-16,-43.5,no3,8.638569831848145
2025-09-16,-43.25,no3,8.621479988098145
2025-09-16,-43.0,no3,8.584896087646484
2025-09-16,-42.75,no3,8.539250373840332
2025-09-16,-42.5,no3,8.531942367553711
2025-09-16,-42.25,no3,8.465041160583496
2025-09-16,-42.0,no3,8.448704719543457
2025-09-16,-41.75,no3,8.428848266601562
2025-09-16,-41.5,no3,8.42605209350586
2025-09-16,-41.25,no3,8.419548988342285
2025-09-16,-41.0,no3,8.415057182312012
2025-09-16,-40.75,no3,8.33951187133789
2025-09-16,-40.5,no3,8.282989501953125
2025-09-16,-40.25,no3,8.230783462524414
2025-09-16,-40.0,no3,8.182071685791016
2025-09-16,-39.75,no3,8.150153160095215
2025-09-16,-39.5,no3,8.07004165649414
2025-09-16,-39.25,no3,8.031421661376953
2025-09-16,-39.0,no3,7.869236469268799
2025-09-16,-38.75,no3,7.744470119476318
2025-09-16,-38.5,no3,7.743785858154297
2025-09-16,-38.25,no3,7.700545310974121
2025-09-16,-38.0,no3,7.666717052459717
2025-09-16,-37.75,no3,7.649477481842041
2025-09-16,-37.5,no3,7.58659553527832
2025-09-16,-37.25,no3,7.486283302307129
2025-09-16,-37.0,no3,7.458209991455078
2025-09-16,-36.75,no3,7.443647861480713
2025-09-16,-36.5,no3,7.380105972290039
2025-09-16,-36.25,no3,7.3498358726501465
2025-09-16,-36.0,no3,7.379525184631348
2025-09-16,-35.75,no3,7.404525279998779
2025-09-16,-35.5,no3,7.434769153594971
2025-09-16,-35.25,no3,7.4202046394348145
2025-09-16,-35.0,no3,7.377416610717773
2025-09-16,-34.75,no3,7.268620014190674
2025-09-16,-34.5,no3,7.233602523803711
2025-09-16,-34.25,no3,7.2187581062316895
2025-09-16,-34.0,no3,7.1844868659973145
2025-09-16,-33.75,no3,7.181685924530029
2025-09-16,-33.5,no3,7.181728363037109
2025-09-16,-33.25,no3,7.164815425872803
2025-09-16,-33.0,no3,7.137483596801758
2025-09-16,-32.75,no3,7.119747161865234
2025-09-16,-32.5,no3,7.110503673553467
2025-09-16,-32.25,no3,7.099437236785889
2025-09-16,-32.0,no3,7.086162090301514
2025-09-16,-31.75,no3,7.066985607147217
2025-09-16,-31.5,no3,7.0563249588012695
2025-09-16,-31.25,no3,7.046550750732422
2025-09-16,-31.0,no3,7.0392374992370605
2025-09-16,-30.75,no3,7.030946731567383
2025-09-16,-30.5,no3,7.007564544677734
2025-09-16,-30.25,no3,6.992855548858643
2025-09-16,-30.0,no3,6.977424621582031
2025-09-16,-29.75,no3,6.951237678527832
2025-09-16,-29.5,no3,6.938602924346924
2025-09-16,-29.25,no3,6.931037425994873
2025-09-16,-29.0,no3,6.934825897216797
2025-09-16,-28.75,no3,6.909526348114014
2025-09-16,-28.5,no3,6.908784866333008
2025-09-16,-28.25,no3,6.917341232299805
2025-09-16,-28.0,no3,6.908503532409668
2025-09-16,-27.75,no3,6.912594318389893
2025-09-16,-27.5,no3,6.9101176261901855
2025-09-16,-27.25,no3,6.8834638595581055
2025-09-16,-27.0,no3,6.892157077789307
2025-09-16,-26.75,no3,6.899679183959961
2025-09-16,-26.5,no3,6.898571968078613
2025-09-16,-26.25,no3,6.8713178634643555
2025-09-16,-26.0,no3,6.801535129547119
2025-09-16,-25.75,no3,6.794065475463867
2025-09-16,-25.5,no3,6.764835357666016
2025-09-16,-25.25,no3,6.7333197593688965
2025-09-16,-25.0,no3,6.705437183380127
2025-09-16,-24.75,no3,6.686495780944824
2025-09-16,-24.5,no3,6.67337703704834
2025-09-16,-24.25,no3,6.617054462432861
2025-09-16,-24.0,no3,6.542458534240723
2025-09-16,-23.75,no3,6.567872524261475
2025-09-16,-23.5,no3,6.504204273223877
2025-09-16,-23.25,no3,6.420469284057617
2025-09-16,-23.0,no3,6.400372505187988
2025-09-16,-22.75,no3,6.377119064331055
2025-09-16,-22.5,no3,6.349998474121094
2025-09-16,-22.25,no3,6.342748641967773
2025-09-16,-22.0,no3,6.313507556915283
2025-09-16,-21.75,no3,6.3038506507873535
2025-09-16,-21.5,no3,6.316107749938965
2025-09-16,-21.25,no3,6.329460144042969
2025-09-16,-21.0,no3,6.324983596801758
2025-09-16,-20.75,no3,6.31911039352417
2025-09-16,-20.5,no3,6.2635321617126465
2025-09-16,-20.25,no3,6.282925128936768
2025-09-16,-20.0,no3,6.183661937713623
2025-09-16,-19.75,no3,6.139883995056152
2025-09-16,-19.5,no3,6.090400695800781
2025-09-16,-19.25,no3,6.084497451782227
2025-09-16,-19.0,no3,6.08099889755249
2025-09-16,-18.75,no3,5.999678611755371
2025-09-16,-18.5,no3,5.9796671867370605
2025-09-16,-18.25,no3,5.973371982574463
2025-09-16,-18.0,no3,5.979342937469482
2025-09-16,-17.75,no3,5.991091251373291
2025-09-16,-17.5,no3,6.032554626464844
2025-09-16,-17.25,no3,6.099158763885498
2025-09-16,-17.0,no3,6.073632717132568
2025-09-16,-16.75,no3,6.1228485107421875
2025-09-16,-16.5,no3,6.22784423828125
2025-09-16,-16.25,no3,6.333710670471191
2025-09-16,-16.0,no3,6.498515605926514
2025-09-16,-15.75,no3,6.551795959472656
2025-09-16,-15.5,no3,6.567218780517578
2025-09-16,-15.25,no3,6.533753871917725
2025-09-16,-15.0,no3,6.540261745452881
2025-09-16,-14.75,no3,6.525535583496094
2025-09-16,-14.5,no3,6.484724521636963
2025-09-16,-14.25,no3,6.484306335449219
2025-09-16,-14.0,no3,6.474847793579102
2025-09-16,-13.75,no3,6.485122203826904
2025-09-16,-13.5,no3,6.5214524269104
2025-09-16,-13.25,no3,6.550580024719238
2025-09-16,-13.0,no3,6.58017635345459
2025-09-16,-12.75,no3,6.599045753479004
2025-09-16,-12.5,no3,6.595895290374756
2025-09-16,-12.25,no3,6.5568342208862305
2025-09-16,-12.0,no3,6.576564788818359
2025-09-16,-11.75,no3,6.502476692199707
2025-09-16,-11.5,no3,6.526037216186523
2025-09-16,-11.25,no3,6.5105061531066895
2025-09-16,-11.0,no3,6.523016929626465
2025-09-16,-10.75,no3,6.483561992645264
2025-09-16,-10.5,no3,6.51041316986084
2025-09-16,-10.25,no3,6.544897079467773
2025-09-16,-10.0,no3,6.6079511642456055
2025-09-16,-9.75,no3,6.723733425140381
2025-09-16,-9.5,no3,6.804571151733398
2025-09-16,-9.25,no3,6.883299827575684
2025-09-16,-9.0,no3,6.98077392578125
2025-09-16,-8.75,no3,7.175055027008057
2025-09-16,-8.5,no3,7.288658618927002
2025-09-16,-8.25,no3,7.357335090637207
2025-09-16,-8.0,no3,7.376468658447266
2025-09-16,-7.75,no3,7.375298976898193
2025-09-16,-7.5,no3,7.374351978302002
2025-09-16,-7.25,no3,7.318165302276611
2025-09-16,-7.0,no3,7.35160493850708
2025-09-16,-6.75,no3,7.40013313293457
2025-09-16,-6.5,no3,7.447486400604248
2025-09-16,-6.25,no3,7.486243724822998
2025-09-16,-6.0,no3,7.44256591796875
2025-09-16,-5.75,no3,7.463139533996582
2025-09-16,-5.5,no3,7.434900760650635
2025-09-16,-5.25,no3,7.43257999420166
2025-09-16,-5.0,no3,7.520630836486816
2025-09-16,-4.75,no3,7.533413410186768
2025-09-16,-4.5,no3,7.621719837188721
2025-09-16,-4.25,no3,7.711828708648682
2025-09-16,-4.0,no3,7.747114181518555
2025-09-16,-3.75,no3,7.761422157287598
2025-09-16,-3.5,no3,7.788548946380615
2025-09-16,-3.25,no3,7.83518123626709
2025-09-16,-3.0,no3,7.855906963348389
2025-09-16,-2.75,no3,7.864887714385986
2025-09-16,-2.5,no3,7.8389506340026855
2025-09-16,-2.25,no3,7.848333835601807
2025-09-16,-2.0,no3,7.894128799438477
2025-09-16,-1.75,no3,7.864922523498535
2025-09-16,-1.5,no3,7.904261589050293
2025-09-16,-1.25,no3,8.023993492126465
2025-09-16,-1.0,no3,8.070405960083008
2025-09-16,-0.75,no3,8.036111831665039
2025-09-16,-0.5,no3,8.019556045532227
2025-09-16,-0.25,no3,7.986180782318115
2025-09-16,0.0,no3,7.909560203552246
2025-09-16,0.25,no3,7.873294830322266
2025-09-16,0.5,no3,7.81539249420166
2025-09-16,0.75,no3,7.837129592895508
2025-09-16,1.0,no3,7.78847074508667
2025-09-16,1.25,no3,7.774398326873779
2025-09-16,1.5,no3,7.769245624542236
2025-09-16,1.75,no3,7.762506484985352
2025-09-16,2.0,no3,7.712757110595703
2025-09-16,2.25,no3,7.76974630355835
2025-09-16,2.5,no3,7.802302837371826
2025-09-16,2.75,no3,7.837519645690918
2025-09-16,3.0,no3,7.853329658508301
2025-09-16,3.25,no3,7.804558753967285
2025-09-16,3.5,no3,7.7915239334106445
2025-09-16,3.75,no3,7.805833339691162
2025-09-16,4.0,no3,7.849209308624268
2025-09-16,4.25,no3,7.8799824714660645
2025-09-16,4.5,no3,7.920562744140625
2025-09-16,4.75,no3,8.000238418579102
2025-09-16,5.0,no3,8.093637466430664
2025-09-16,5.25,no3,8.25174617767334
2025-09-16,5.5,no3,8.34346866607666
2025-09-16,5.75,no3,8.451091766357422
2025-09-16,6.0,no3,8.512866020202637
2025-09-16,6.25,no3,8.573019027709961
2025-09-16,6.5,no3,8.566934585571289
2025-09-16,6.75,no3,8.572447776794434
2025-09-16,7.0,no3,8.602775573730469
2025-09-16,7.25,no3,8.69826889038086
2025-09-16,7.5,no3,8.763999938964844
2025-09-16,7.75,no3,8.763936996459961
2025-09-16,8.0,no3,8.723057746887207
2025-09-16,8.25,no3,8.844403266906738
2025-09-16,8.5,no3,9.056365013122559
2025-09-16,8.75,no3,9.24746322631836
2025-09-16,9.0,no3,9.4949312210083
2025-09-16,9.25,no3,9.644851684570312
2025-09-16,9.5,no3,9.79838752746582
2025-09-16,9.75,no3,9.781524658203125
2025-09-16,10.0,no3,9.819396018981934
2025-09-16,10.25,no3,9.813356399536133
2025-09-16,10.5,no3,9.667320251464844
2025-09-16,10.75,no3,9.56168270111084
2025-09-16,11.0,no3,9.485957145690918
2025-09-16,11.25,no3,9.487137794494629
2025-09-16,11.5,no3,9.695113182067871
2025-09-16,11.75,no3,9.773112297058105
2025-09-16,12.0,no3,9.854179382324219
2025-09-16,12.25,no3,9.849359512329102
2025-09-16,12.5,no3,9.863460540771484
2025-09-16,12.75,no3,9.979192733764648
2025-09-16,13.0,no3,10.157498359680176
2025-09-16,13.25,no3,10.41598892211914
2025-09-16,13.5,no3,10.660086631774902
2025-09-16,13.75,no3,10.852335929870605
2025-09-16,14.0,no3,10.935105323791504
2025-09-16,14.25,no3,10.977083206176758
2025-09-16,14.5,no3,11.154623985290527
2025-09-16,14.75,no3,11.359760284423828
2025-09-16,15.0,no3,11.77996826171875
2025-09-16,15.25,no3,11.89277172088623
2025-09-16,15.5,no3,11.787934303283691
2025-09-16,15.75,no3,11.982500076293945
2025-09-16,16.0,no3,12.094748497009277
2025-09-16,16.25,no3,12.150023460388184
2025-09-16,16.5,no3,12.154520034790039
2025-09-16,16.75,no3,11.778937339782715
2025-09-16,17.0,no3,11.725812911987305
2025-09-16,17.25,no3,11.513081550598145
2025-09-16,17.5,no3,11.42344856262207
2025-09-16,17.75,no3,11.351051330566406
2025-09-16,18.0,no3,11.432477951049805
2025-09-16,18.25,no3,11.56062126159668
2025-09-16,18.5,no3,11.490368843078613
2025-09-16,18.75,no3,11.257741928100586
2025-09-16,19.0,no3,11.120048522949219
2025-09-16,19.25,no3,11.196990966796875
2025-09-16,19.5,no3,11.236187934875488
2025-09-16,19.75,no3,11.352675437927246
2025-09-16,20.0,no3,11.635869026184082
2025-09-16,20.25,no3,11.817720413208008
2025-09-16,20.5,no3,11.727716445922852
2025-09-16,20.75,no3,11.897736549377441
2025-09-16,21.0,no3,11.960512161254883
2025-09-16,21.25,no3,12.410293579101562
2025-09-16,21.5,no3,12.67271900177002
2025-09-16,21.75,no3,12.969795227050781
2025-09-16,22.0,no3,12.95412826538086
2025-09-16,22.25,no3,12.9443998336792
2025-09-16,22.5,no3,13.028188705444336
2025-09-16,22.75,no3,13.227487564086914
2025-09-16,23.0,no3,12.830466270446777
2025-09-16,23.25,no3,12.535093307495117
2025-09-16,23.5,no3,12.589906692504883
2025-09-16,23.75,no3,12.808991432189941
2025-09-16,24.0,no3,12.752951622009277
2025-09-16,24.25,no3,12.762874603271484
2025-09-16,24.5,no3,12.899600982666016
2025-09-16,24.75,no3,13.032369613647461
2025-09-16,25.0,no3,12.939260482788086
2025-09-16,25.25,no3,12.694388389587402
2025-09-16,25.5,no3,12.727252960205078
2025-09-16,25.75,no3,12.59377384185791
2025-09-16,26.0,no3,12.65441608428955
2025-09-16,26.25,no3,12.9110107421875
2025-09-16,26.5,no3,12.865697860717773
2025-09-16,26.75,no3,12.903586387634277
2025-09-16,27.0,no3,13.047734260559082
2025-09-16,27.25,no3,13.136363983154297
2025-09-16,27.5,no3,13.245244026184082
2025-09-16,27.75,no3,12.976064682006836
2025-09-16,28.0,no3,12.822044372558594
2025-09-16,28.25,no3,12.561720848083496
2025-09-16,28.5,no3,12.447891235351562
2025-09-16,28.75,no3,12.051556587219238
2025-09-16,29.0,no3,11.9168062210083
2025-09-16,29.25,no3,11.949487686157227
2025-09-16,29.5,no3,11.91417407989502
2025-09-16,29.75,no3,11.588913917541504
2025-09-16,30.0,no3,11.45489501953125
2025-09-16,30.25,no3,11.26673412322998
2025-09-16,30.5,no3,11.186576843261719
2025-09-16,30.75,no3,10.888439178466797
2025-09-16,31.0,no3,10.781386375427246
2025-09-16,31.25,no3,10.736594200134277
2025-09-16,31.5,no3,10.845359802246094
2025-09-16,31.75,no3,10.931139945983887
2025-09-16,32.0,no3,10.948899269104004
2025-09-16,32.25,no3,10.972864151000977
2025-09-16,32.5,no3,11.135004997253418
2025-09-16,32.75,no3,10.850136756896973
2025-09-16,33.0,no3,10.619895935058594
2025-09-16,33.25,no3,10.747954368591309
2025-09-16,33.5,no3,10.619523048400879
2025-09-16,33.75,no3,10.462038040161133
2025-09-16,34.0,no3,10.306337356567383
2025-09-16,34.25,no3,10.192412376403809
2025-09-16,34.5,no3,10.030828475952148
2025-09-16,34.75,no3,9.936396598815918
2025-09-16,35.0,no3,9.905704498291016
2025-09-16,35.25,no3,9.914130210876465
2025-09-16,35.5,no3,9.70439338684082
2025-09-16,35.75,no3,9.501948356628418
2025-09-16,36.0,no3,9.655013084411621
2025-09-16,36.25,no3,9.716166496276855
2025-09-16,36.5,no3,9.809430122375488
2025-09-16,36.75,no3,9.824280738830566
2025-09-16,37.0,no3,9.809927940368652
2025-09-16,37.25,no3,9.526137351989746
2025-09-16,37.5,no3,9.5318603515625
2025-09-16,37.75,no3,9.528544425964355
2025-09-16,38.0,no3,9.659775733947754
2025-09-16,38.25,no3,9.584524154663086
2025-09-16,38.5,no3,9.577527046203613
2025-09-16,38.75,no3,9.561615943908691
2025-09-16,39.0,no3,9.513875961303711
2025-09-16,39.25,no3,9.444354057312012
2025-09-16,39.5,no3,9.140641212463379
2025-09-16,39.75,no3,8.945039749145508
2025-09-16,40.0,no3,8.875778198242188
2025-09-16,40.25,no3,8.641338348388672
2025-09-16,40.5,no3,8.371994972229004
2025-09-16,40.75,no3,8.0281982421875
2025-09-16,41.0,no3,7.964205265045166
2025-09-16,41.25,no3,7.921757698059082
2025-09-16,41.5,no3,7.939557075500488
2025-09-16,41.75,no3,8.048260688781738
2025-09-16,42.0,no3,8.045764923095703
2025-09-16,42.25,no3,7.994865894317627
2025-09-16,42.5,no3,8.02634048461914
2025-09-16,42.75,no3,8.025696754455566
2025-09-16,43.0,no3,8.097335815429688
2025-09-16,43.25,no3,8.065918922424316
2025-09-16,43.5,no3,8.133955001831055
2025-09-16,43.75,no3,8.211174011230469
2025-09-16,44.0,no3,8.32853889465332
2025-09-16,44.25,no3,8.516131401062012
2025-09-16,44.5,no3,8.86083698272705
2025-09-16,44.75,no3,8.761859893798828
2025-09-16,45.0,no3,8.66368579864502
2025-09-16,45.25,no3,8.674539566040039
2025-09-16,45.5,no3,8.668710708618164
2025-09-16,45.75,no3,8.615326881408691
2025-09-16,46.0,no3,8.623680114746094
2025-09-16,46.25,no3,8.582792282104492
2025-09-16,46.5,no3,8.464323043823242
2025-09-16,46.75,no3,8.358964920043945
2025-09-16,47.0,no3,8.368481636047363
2025-09-16,47.25,no3,8.321081161499023
2025-09-16,47.5,no3,8.289878845214844
2025-09-16,47.75,no3,8.293253898620605
2025-09-16,48.0,no3,8.272724151611328
2025-09-16,48.25,no3,8.19461727142334
2025-09-16,48.5,no3,8.06268310546875
2025-09-16,48.75,no3,7.865635871887207
2025-09-16,49.0,no3,7.763341426849365
2025-09-16,49.25,no3,7.634369850158691
2025-09-16,49.5,no3,7.4831132888793945
2025-09-16,49.75,no3,7.333230972290039
2025-09-16,50.0,no3,7.221343040466309
2025-09-16,50.25,no3,7.032746315002441
2025-09-16,50.5,no3,6.834775924682617
2025-09-16,50.75,no3,6.805066108703613
2025-09-16,51.0,no3,6.8501200675964355
2025-09-16,51.25,no3,6.84727668762207
2025-09-16,51.5,no3,6.761938095092773
2025-09-16,51.75,no3,6.7543253898620605
2025-09-16,52.0,no3,6.688692092895508
2025-09-16,52.25,no3,6.674190521240234
2025-09-16,52.5,no3,6.684007167816162
2025-09-16,52.75,no3,6.704235076904297
2025-09-16,53.0,no3,6.70707368850708
2025-09-16,53.25,no3,6.6700568199157715
2025-09-16,53.5,no3,6.659732818603516
2025-09-16,53.75,no3,6.610959053039551
2025-09-16,54.0,no3,6.553123474121094
2025-09-16,54.25,no3,6.554866313934326
2025-09-16,54.5,no3,6.556152820587158
2025-09-16,54.75,no3,6.649109840393066
2025-09-16,55.0,no3,6.71383810043335
2025-09-16,55.25,no3,6.658358573913574
2025-09-16,55.5,no3,6.668527126312256
2025-09-16,55.75,no3,6.7326202392578125
2025-09-16,56.0,no3,6.749372959136963
2025-09-16,56.25,no3,6.789219379425049
2025-09-16,56.5,no3,6.701488494873047
2025-09-16,56.75,no3,6.644235134124756
2025-09-16,57.0,no3,6.63203763961792
2025-09-16,57.25,no3,6.762260437011719
2025-09-16,57.5,no3,6.751883029937744
2025-09-16,57.75,no3,6.737568378448486
2025-09-16,58.0,no3,6.6377058029174805
2025-09-16,58.25,no3,6.615591526031494
2025-09-16,58.5,no3,6.58691930770874
2025-09-16,58.75,no3,6.5202836990356445
2025-09-16,59.0,no3,6.580680847167969
2025-09-16,59.25,no3,6.534459590911865
2025-09-16,59.5,no3,6.510538101196289
2025-09-16,59.75,no3,6.498776912689209
2025-09-16,60.0,no3,6.46142578125
2025-09-16,60.25,no3,6.457153797149658
2025-09-16,60.5,no3,6.405162811279297
2025-09-16,60.75,no3,6.437676906585693
2025-09-16,61.0,no3,6.407796859741211
2025-09-16,61.25,no3,6.418515682220459
2025-09-16,61.5,no3,6.5043110847473145
2025-09-16,61.75,no3,6.51397180557251
2025-09-16,62.0,no3,6.499709606170654
2025-09-16,62.25,no3,6.501778602600098
2025-09-16,62.5,no3,6.495678424835205
2025-09-16,62.75,no3,6.506697654724121
2025-09-16,63.0,no3,6.516303539276123
2025-09-16,63.25,no3,6.522902965545654
2025-09-16,63.5,no3,6.526623725891113
2025-09-16,63.75,no3,6.5052056312561035
2025-09-16,64.0,no3,6.49954891204834
2025-09-16,64.25,no3,6.5372314453125
2025-09-16,64.5,no3,6.553344249725342
2025-09-16,64.75,no3,6.570825576782227
2025-09-16,65.0,no3,6.571458339691162
2025-09-16,65.25,no3,6.549071311950684
2025-09-16,65.5,no3,6.552517890930176
2025-09-16,65.75,no3,6.559943675994873
2025-09-16,66.0,no3,6.561679363250732
2025-09-16,66.25,no3,6.56341552734375
2025-09-16,66.5,no3,6.552160739898682
2025-09-16,66.75,no3,6.586363315582275
2025-09-16,67.0,no3,6.610980033874512
2025-09-16,67.25,no3,6.639585018157959
2025-09-16,67.5,no3,6.773931980133057
2025-09-16,67.75,no3,6.767663478851318
2025-09-16,68.0,no3,6.787662029266357
2025-09-16,68.25,no3,6.830193519592285
2025-09-16,68.5,no3,6.822173118591309
2025-09-16,68.75,no3,6.856380939483643
2025-09-16,69.0,no3,6.793813228607178
2025-09-16,69.25,no3,6.851198673248291
2025-09-16,69.5,no3,6.909244537353516
2025-09-16,69.75,no3,6.997524738311768
2025-09-16,70.0,no3,7.082405090332031
2025-09-16,70.25,no3,7.177563190460205
2025-09-16,70.5,no3,7.217378616333008
2025-09-16,70.75,no3,7.238959312438965
2025-09-16,71.0,no3,7.2621965408325195
2025-09-16,71.25,no3,7.269783973693848
2025-09-16,71.5,no3,7.296599388122559
2025-09-16,71.75,no3,7.298620700836182
2025-09-16,72.0,no3,7.305631160736084
2025-09-16,72.25,no3,7.463374614715576
2025-09-16,72.5,no3,7.529543876647949
2025-09-16,72.75,no3,7.234229564666748
2025-09-16,73.0,no3,7.351964950561523
2025-09-16,73.25,no3,7.480037212371826
2025-09-16,73.5,no3,7.5509185791015625
2025-09-16,73.75,no3,7.62708854675293
2025-09-16,74.0,no3,7.748645305633545
2025-09-16,74.25,no3,7.795703887939453
2025-09-16,74.5,no3,7.887764930725098
2025-09-16,74.75,no3,7.934449672698975
2025-09-16,75.0,no3,8.027918815612793
2025-09-16,75.25,no3,8.019274711608887
2025-09-16,75.5,no3,8.060040473937988
2025-09-16,75.75,no3,8.116447448730469
2025-09-16,76.0,no3,8.172505378723145
2025-09-16,76.25,no3,8.300821304321289
2025-09-16,76.5,no3,8.416961669921875
2025-09-16,76.75,no3,8.4788818359375
2025-09-16,77.0,no3,8.473438262939453
2025-09-16,77.25,no3,8.572287559509277
2025-09-16,77.5,no3,8.571313858032227
2025-09-16,77.75,no3,8.637443542480469
2025-09-16,78.0,no3,8.444123268127441
2025-09-16,78.25,no3,8.394062995910645
2025-09-16,78.5,no3,8.37520980834961
2025-09-16,78.75,no3,8.379740715026855
2025-09-16,79.0,no3,8.293907165527344
2025-09-16,79.25,no3,8.307387351989746
2025-09-16,79.5,no3,8.25468921661377
2025-09-16,79.75,no3,8.281900405883789
2025-09-16,80.0,no3,8.332658767700195
2025-09-16,80.25,no3,8.215484619140625
2025-09-16,80.5,no3,8.17752456665039
2025-09-16,80.75,no3,8.159754753112793
2025-09-16,81.0,no3,8.075016975402832
2025-09-16,81.25,no3,8.018988609313965
2025-09-16,81.5,no3,7.87040376663208
2025-09-16,81.75,no3,7.578960418701172
2025-09-16,82.0,no3,7.423042297363281
2025-09-16,82.25,no3,7.394917011260986
2025-09-16,82.5,no3,7.343678951263428
2025-09-16,82.75,no3,7.323553085327148
2025-09-16,83.0,no3,7.317900657653809
2025-09-16,83.25,no3,7.287065505981445
2025-09-16,83.5,no3,7.286834716796875
2025-09-16,83.75,no3,7.234735488891602
2025-09-16,84.0,no3,7.233680248260498
2025-09-16,84.25,no3,7.236056327819824
2025-09-16,84.5,no3,7.241825103759766
2025-09-16,84.75,no3,7.245044708251953
2025-09-16,85.0,no3,7.255229949951172
2025-09-16,85.25,no3,7.261505603790283
2025-09-16,85.5,no3,7.267724514007568
2025-09-16,85.75,no3,7.25424337387085
2025-09-16,86.0,no3,7.227785587310791
2025-09-16,86.25,no3,7.232842922210693
2025-09-16,86.5,no3,7.201443672180176
2025-09-16,86.75,no3,7.21079158782959
2025-09-16,87.0,no3,7.262523651123047
2025-09-16,87.25,no3,7.274611473083496
2025-09-16,87.5,no3,7.328702449798584
2025-09-16,87.75,no3,7.395351409912109
2025-09-16,88.0,no3,7.38344144821167
2025-09-16,88.25,no3,7.376272678375244
2025-09-16,88.5,no3,7.353370189666748
2025-09-16,88.75,no3,7.389982223510742
2025-09-16,89.0,no3,7.459390163421631
2025-09-16,89.25,no3,7.472666263580322
2025-09-16,89.5,no3,7.562812328338623
2025-09-16,89.75,no3,7.588712692260742
2025-09-16,90.0,no3,7.647359371185303
2025-09-16,90.25,no3,7.758283615112305
2025-09-16,90.5,no3,8.006938934326172
2025-09-16,90.75,no3,8.531941413879395
2025-09-16,91.0,no3,8.450942039489746
2025-09-16,91.25,no3,8.429291725158691
2025-09-16,91.5,no3,8.408183097839355
2025-09-16,91.75,no3,8.15952205657959
2025-09-16,92.0,no3,7.174623966217041
2025-09-16,92.25,no3,7.1165595054626465
2025-09-16,92.5,no3,7.145646572113037
2025-09-16,92.75,no3,7.246284484863281
2025-09-16,93.0,no3,7.215783596038818
2025-09-16,93.25,no3,7.213366508483887
2025-09-16,93.5,no3,7.28654146194458
2025-09-16,93.75,no3,7.403190612792969
2025-09-16,94.0,no3,7.541903018951416
2025-09-16,94.25,no3,7.65071439743042
2025-09-16,94.5,no3,7.783038139343262
2025-09-16,94.75,no3,7.806643009185791
2025-09-16,95.0,no3,7.772305011749268
2025-09-16,95.25,no3,7.849524974822998
2025-09-16,95.5,no3,7.578648567199707
2025-09-16,95.75,no3,7.65733003616333
2025-09-16,96.0,no3,7.559145927429199
2025-09-16,96.25,no3,7.521507263183594
2025-09-16,96.5,no3,7.467342376708984
2025-09-16,96.75,no3,7.534427642822266
2025-09-16,97.0,no3,8.055657386779785
2025-09-16,97.25,no3,8.238624572753906
2025-09-16,97.5,no3,7.536999702453613
2025-09-16,97.75,no3,7.450008392333984
2025-09-16,98.0,no3,7.373385429382324
2025-09-16,98.25,no3,7.4340715408325195
2025-09-16,98.5,no3,7.612490653991699
2025-09-16,98.75,no3,8.002551078796387
2025-09-16,99.0,no3,8.164048194885254
2025-09-16,99.25,no3,8.171518325805664
2025-09-16,99.5,no3,8.033727645874023
2025-09-16,99.75,no3,8.019499778747559
2025-09-16,100.0,no3,7.8741536140441895
2025-09-16,100.25,no3,7.934089660644531
2025-09-16,100.5,no3,7.882683277130127
2025-09-16,100.75,no3,7.99139404296875
2025-09-16,101.0,no3,8.128186225891113
2025-09-16,101.25,no3,8.166732788085938
2025-09-16,101.5,no3,8.369176864624023
2025-09-16,101.75,no3,8.384949684143066
2025-09-16,102.0,no3,8.470211029052734
2025-09-16,102.25,no3,8.526467323303223
2025-09-16,102.5,no3,8.439947128295898
2025-09-16,102.75,no3,8.389446258544922
2025-09-16,103.0,no3,8.468347549438477
2025-09-16,103.25,no3,8.424081802368164
2025-09-16,103.5,no3,8.215516090393066
2025-09-16,103.75,no3,8.267601013183594
2025-09-16,104.0,no3,8.130467414855957
2025-09-16,104.25,no3,8.207740783691406
2025-09-16,104.5,no3,8.257716178894043
2025-09-16,104.75,no3,8.131904602050781
2025-09-16,105.0,no3,8.249567031860352
2025-09-16,105.25,no3,8.214945793151855
2025-09-16,105.5,no3,8.157280921936035
2025-09-16,105.75,no3,8.337032318115234
2025-09-16,106.0,no3,8.089617729187012
2025-09-16,106.25,no3,7.944258689880371
2025-09-16,106.5,no3,7.790146350860596
2025-09-16,106.75,no3,7.728228569030762
2025-09-16,107.0,no3,7.592837810516357
2025-09-16,107.25,no3,7.531588077545166
2025-09-16,107.5,no3,7.424182415008545
2025-09-16,107.75,no3,7.369781494140625
2025-09-16,108.0,no3,7.346996784210205
2025-09-16,108.25,no3,7.362362384796143
2025-09-16,108.5,no3,7.287836074829102
2025-09-16,108.75,no3,7.306867599487305
2025-09-16,109.0,no3,7.353487014770508
2025-09-16,109.25,no3,7.321393013000488
2025-09-16,109.5,no3,7.244336128234863
2025-09-16,109.75,no3,7.167046070098877
2025-09-16,110.0,no3,7.123863697052002
2025-09-16,110.25,no3,7.186645984649658
2025-09-16,110.5,no3,7.071850776672363
2025-09-16,110.75,no3,6.987212181091309
2025-09-16,111.0,no3,6.931846618652344
2025-09-16,111.25,no3,6.824312210083008
2025-09-16,111.5,no3,6.785514831542969
2025-09-16,111.75,no3,6.752232551574707
2025-09-16,112.0,no3,6.760300636291504
2025-09-16,112.25,no3,6.755612850189209
2025-09-16,112.5,no3,6.75724458694458
2025-09-16,112.75,no3,6.737428188323975
2025-09-16,113.0,no3,6.805352210998535
2025-09-16,113.25,no3,6.7777180671691895
2025-09-16,113.5,no3,6.845842361450195
2025-09-16,113.75,no3,7.160616874694824
2025-09-16,114.0,no3,7.206661224365234
2025-09-16,114.25,no3,7.196065425872803
2025-09-16,114.5,no3,7.14619779586792
2025-09-16,114.75,no3,7.2985687255859375
2025-09-16,115.0,no3,7.451701641082764
2025-09-16,115.25,no3,7.505123615264893
2025-09-16,115.5,no3,7.620691299438477
2025-09-16,115.75,no3,7.792900085449219
2025-09-16,116.0,no3,7.83648681640625
2025-09-16,116.25,no3,7.950295448303223
2025-09-16,116.5,no3,7.863458633422852
2025-09-16,116.75,no3,7.857123374938965
2025-09-16,117.0,no3,7.916749000549316
2025-09-16,117.25,no3,7.921807289123535
2025-09-16,117.5,no3,7.845535755157471
2025-09-16,117.75,no3,7.558507919311523
2025-09-16,118.0,no3,7.4471940994262695
2025-09-16,118.25,no3,7.281843662261963
2025-09-16,118.5,no3,7.209403038024902
2025-09-16,118.75,no3,7.128747463226318
2025-09-16,119.0,no3,7.0709943771362305
2025-09-16,119.25,no3,7.073610782623291
2025-09-16,119.5,no3,7.20953893661499
2025-09-16,119.75,no3,7.22626256942749
2025-09-16,120.0,no3,7.433475494384766
2025-09-16,120.25,no3,7.4839911460876465
2025-09-16,120.5,no3,7.507101535797119
2025-09-16,120.75,no3,7.722537040710449
2025-09-16,121.0,no3,8.11203384399414
2025-09-16,121.25,no3,8.032466888427734
2025-09-16,121.5,no3,8.184103965759277
2025-09-16,121.75,no3,7.993899345397949
2025-09-16,122.0,no3,8.09853458404541
2025-09-16,122.25,no3,7.874922275543213
2025-09-16,122.5,no3,7.4359025955200195
2025-09-16,122.75,no3,7.104592323303223
2025-09-16,123.0,no3,6.9732465744018555
2025-09-16,123.25,no3,6.794309616088867
2025-09-16,123.5,no3,6.606831073760986
2025-09-16,123.75,no3,6.607593059539795
2025-09-16,124.0,no3,6.631461143493652
2025-09-16,124.25,no3,6.664381980895996
2025-09-16,124.5,no3,6.711682319641113
2025-09-16,124.75,no3,6.754532814025879
2025-09-16,125.0,no3,6.865414619445801
2025-09-16,125.25,no3,6.897389888763428
2025-09-16,125.5,no3,6.8112406730651855
2025-09-16,125.75,no3,6.682215213775635
2025-09-16,126.0,no3,6.601747989654541
2025-09-16,126.25,no3,6.704070568084717
2025-09-16,126.5,no3,6.6678876876831055
2025-09-16,126.75,no3,6.713560581207275
2025-09-16,127.0,no3,6.556036472320557
2025-09-16,127.25,no3,6.5008015632629395
2025-09-16,127.5,no3,6.587078094482422
2025-09-16,127.75,no3,6.735292911529541
2025-09-16,128.0,no3,6.6425652503967285
2025-09-16,128.25,no3,6.554793357849121
2025-09-16,128.5,no3,6.515166759490967
2025-09-16,128.75,no3,6.375322341918945
2025-09-16,129.0,no3,6.304573059082031
2025-09-16,129.25,no3,6.241923809051514
2025-09-16,129.5,no3,6.170028209686279
2025-09-16,129.75,no3,6.082900524139404
2025-09-16,130.0,no3,6.089105606079102
2025-09-16,130.25,no3,6.092752933502197
2025-09-16,130.5,no3,6.091625690460205
2025-09-16,130.75,no3,6.125732898712158
2025-09-16,131.0,no3,6.130875587463379
2025-09-16,131.25,no3,6.128767967224121
2025-09-16,131.5,no3,6.087518692016602
2025-09-16,131.75,no3,6.011438369750977
2025-09-16,132.0,no3,6.007734298706055
2025-09-16,132.25,no3,6.061951160430908
2025-09-16,132.5,no3,6.107192516326904
2025-09-16,132.75,no3,6.159115791320801
2025-09-16,133.0,no3,6.1914448738098145
2025-09-16,133.25,no3,6.138951778411865
2025-09-16,133.5,no3,6.071533679962158
2025-09-16,133.75,no3,6.06300687789917
2025-09-16,134.0,no3,6.066913604736328
2025-09-16,134.25,no3,5.9050188064575195
2025-09-16,134.5,no3,5.885768890380859
2025-09-16,134.75,no3,5.734021186828613
2025-09-16,135.0,no3,5.718486309051514
2025-09-16,135.25,no3,5.955016613006592
2025-09-16,135.5,no3,5.993628025054932
2025-09-16,135.75,no3,5.947914123535156
2025-09-16,136.0,no3,5.951070785522461
2025-09-16,136.25,no3,5.897531986236572
2025-09-16,136.5,no3,5.9455413818359375
2025-09-16,136.75,no3,5.8348212242126465
2025-09-16,137.0,no3,5.7563605308532715
2025-09-16,137.25,no3,5.750782012939453
2025-09-16,137.5,no3,5.787030220031738
2025-09-16,137.75,no3,5.798431873321533
2025-09-16,138.0,no3,5.80488395690918
2025-09-16,138.25,no3,5.822592735290527
2025-09-16,138.5,no3,5.881241321563721
2025-09-16,138.75,no3,5.9970879554748535
2025-09-16,139.0,no3,6.036159992218018
2025-09-16,139.25,no3,5.999080181121826
2025-09-16,139.5,no3,6.023642063140869
2025-09-16,139.75,no3,6.096091270446777
2025-09-16,140.0,no3,6.219662189483643
2025-09-16,140.25,no3,6.242054462432861
2025-09-16,140.5,no3,6.236462593078613
2025-09-16,140.75,no3,6.144293308258057
2025-09-16,141.0,no3,6.121800422668457
2025-09-16,141.25,no3,6.20161771774292
2025-09-16,141.5,no3,6.206001281738281
2025-09-16,141.75,no3,6.352071762084961
2025-09-16,142.0,no3,6.464576721191406
2025-09-16,142.25,no3,6.701452255249023
2025-09-16,142.5,no3,6.59210205078125
2025-09-16,142.75,no3,6.480581760406494
2025-09-16,143.0,no3,6.292234897613525
2025-09-16,143.25,no3,6.121809482574463
2025-09-16,143.5,no3,5.99574613571167
2025-09-16,143.75,no3,5.789355278015137
2025-09-16,144.0,no3,5.789157390594482
2025-09-16,144.25,no3,5.762838363647461
2025-09-16,144.5,no3,5.7743353843688965
2025-09-16,144.75,no3,5.7748188972473145
2025-09-16,145.0,no3,5.759794235229492
2025-09-16,145.25,no3,5.744659900665283
2025-09-16,145.5,no3,5.742715358734131
2025-09-16,145.75,no3,5.819774627685547
2025-09-16,146.0,no3,5.781674861907959
2025-09-16,146.25,no3,5.7574920654296875
2025-09-16,146.5,no3,5.7094902992248535
2025-09-16,146.75,no3,5.754786968231201
2025-09-16,147.0,no3,5.776331424713135
2025-09-16,147.25,no3,5.768215656280518
2025-09-16,147.5,no3,5.779972553253174
2025-09-16,147.75,no3,5.769861698150635
2025-09-16,148.0,no3,5.77091646194458
2025-09-16,148.25,no3,5.790603160858154
2025-09-16,148.5,no3,5.9442033767700195
2025-09-16,148.75,no3,6.013433933258057
2025-09-16,149.0,no3,6.017644882202148
2025-09-16,149.25,no3,5.968053817749023
2025-09-16,149.5,no3,5.892627716064453
2025-09-16,149.75,no3,5.896897315979004
2025-09-16,150.0,no3,5.828696250915527
2025-09-16,150.25,no3,5.807625770568848
2025-09-16,150.5,no3,5.80173921585083
2025-09-16,150.75,no3,5.782987117767334
2025-09-16,151.0,no3,5.734389305114746
2025-09-16,151.25,no3,5.795341968536377
2025-09-16,151.5,no3,5.730621814727783
2025-09-16,151.75,no3,5.74949312210083
2025-09-16,152.0,no3,5.702459812164307
2025-09-16,152.25,no3,5.643443584442139
2025-09-16,152.5,no3,5.615274429321289
2025-09-16,152.75,no3,5.611372470855713
2025-09-16,153.0,no3,5.537745952606201
2025-09-16,153.25,no3,5.3883233070373535
2025-09-16,153.5,no3,5.2512335777282715
2025-09-16,153.75,no3,5.185760498046875
2025-09-16,154.0,no3,5.200791835784912
2025-09-16,154.25,no3,5.197920799255371
2025-09-16,154.5,no3,5.226772785186768
2025-09-16,154.75,no3,5.193409442901611
2025-09-16,155.0,no3,5.133059024810791
2025-09-16,155.25,no3,5.095043659210205
2025-09-16,155.5,no3,5.074228763580322
2025-09-16,155.75,no3,5.063714981079102
2025-09-16,156.0,no3,5.0922532081604
2025-09-16,156.25,no3,5.125078201293945
2025-09-16,156.5,no3,5.173792362213135
2025-09-16,156.75,no3,5.218412399291992
2025-09-16,157.0,no3,5.262711048126221
2025-09-16,157.25,no3,5.24872350692749
2025-09-16,157.5,no3,5.251796245574951
2025-09-16,157.75,no3,5.295930862426758
2025-09-16,158.0,no3,5.310635089874268
2025-09-16,158.25,no3,5.326182842254639
2025-09-16,158.5,no3,5.321733474731445
2025-09-16,158.75,no3,5.358158588409424
2025-09-16,159.0,no3,5.424317836761475
2025-09-16,159.25,no3,5.439042091369629
2025-09-16,159.5,no3,5.436434745788574
2025-09-16,159.75,no3,5.4209418296813965
2025-09-16,160.0,no3,5.410419464111328
2025-09-16,160.25,no3,5.4524922370910645
2025-09-16,160.5,no3,5.5115065574646
2025-09-16,160.75,no3,5.545055389404297
2025-09-16,161.0,no3,5.549818992614746
2025-09-16,161.25,no3,5.550813674926758
2025-09-16,161.5,no3,5.558729648590088
2025-09-16,161.75,no3,5.5298943519592285
2025-09-16,162.0,no3,5.507174015045166
2025-09-16,162.25,no3,5.529543876647949
2025-09-16,162.5,no3,5.506819248199463
2025-09-16,162.75,no3,5.510108470916748
2025-09-16,163.0,no3,5.677913665771484
2025-09-16,163.25,no3,5.622165679931641
2025-09-16,163.5,no3,5.620765686035156
2025-09-16,163.75,no3,5.732710361480713
2025-09-16,164.0,no3,5.856727600097656
2025-09-16,164.25,no3,5.942818641662598
2025-09-16,164.5,no3,5.955322742462158
2025-09-16,164.75,no3,5.932426452636719
2025-09-16,165.0,no3,6.097586631774902
2025-09-16,165.25,no3,6.1729207038879395
2025-09-16,165.5,no3,6.183364391326904
2025-09-16,165.75,no3,6.183557033538818
2025-09-16,166.0,no3,6.177612781524658
2025-09-16,166.25,no3,6.136041164398193
2025-09-16,166.5,no3,6.103057861328125
2025-09-16,166.75,no3,6.126972675323486
2025-09-16,167.0,no3,6.056163311004639
2025-09-16,167.25,no3,6.0442728996276855
2025-09-16,167.5,no3,6.126848220825195
2025-09-16,167.75,no3,6.167450904846191
2025-09-16,168.0,no3,6.205294609069824
2025-09-16,168.25,no3,6.233491897583008
2025-09-16,168.5,no3,6.259563446044922
2025-09-16,168.75,no3,6.344155788421631
2025-09-16,169.0,no3,6.440670013427734
2025-09-16,169.25,no3,6.488726615905762
2025-09-16,169.5,no3,6.506176471710205
2025-09-16,169.75,no3,6.519484519958496
2025-09-16,170.0,no3,6.667454242706299
2025-09-16,170.25,no3,6.695720195770264
2025-09-16,170.5,no3,6.749577045440674
2025-09-16,170.75,no3,6.835662364959717
2025-09-16,171.0,no3,6.965477466583252
2025-09-16,171.25,no3,6.994600772857666
2025-09-16,171.5,no3,7.011911392211914
2025-09-16,171.75,no3,7.053557395935059
2025-09-16,172.0,no3,7.070116996765137
2025-09-16,172.25,no3,7.1081929206848145
2025-09-16,172.5,no3,7.106149673461914
2025-09-16,172.75,no3,7.095437049865723
2025-09-16,173.0,no3,7.10279655456543
2025-09-16,173.25,no3,7.086296081542969
2025-09-16,173.5,no3,7.131479263305664
2025-09-16,173.75,no3,7.170806884765625
2025-09-16,174.0,no3,7.220263481140137
2025-09-16,174.25,no3,7.221129417419434
2025-09-16,174.5,no3,7.248876094818115
2025-09-16,174.75,no3,7.312971591949463
2025-09-16,175.0,no3,7.291103839874268
2025-09-16,175.25,no3,7.3245649337768555
2025-09-16,175.5,no3,7.309581279754639
2025-09-16,175.75,no3,7.318530559539795
2025-09-16,176.0,no3,7.297163009643555
2025-09-16,176.25,no3,7.274850845336914
2025-09-16,176.5,no3,7.250934600830078
2025-09-16,176.75,no3,7.231439113616943
2025-09-16,177.0,no3,7.174914360046387
2025-09-16,177.25,no3,7.173447608947754
2025-09-16,177.5,no3,7.188292026519775
2025-09-16,177.75,no3,7.187897205352783
2025-09-16,178.0,no3,7.198072910308838
2025-09-16,178.25,no3,7.199404239654541
2025-09-16,178.5,no3,7.1547136306762695
2025-09-16,178.75,no3,7.069124698638916
2025-09-16,179.0,no3,7.075446128845215
2025-09-16,179.25,no3,7.072611331939697
2025-09-16,179.5,no3,7.081947326660156
2025-09-16,179.75,no3,7.073792934417725
2025-09-16,-180.0,nppv,5.7715253829956055
2025-09-16,-179.75,nppv,5.699190139770508
2025-09-16,-179.5,nppv,5.648610591888428
2025-09-16,-179.25,nppv,5.5886030197143555
2025-09-16,-179.0,nppv,5.537408828735352
2025-09-16,-178.75,nppv,5.467947959899902
2025-09-16,-178.5,nppv,5.418059825897217
2025-09-16,-178.25,nppv,5.325951099395752
2025-09-16,-178.0,nppv,5.2940993309021
2025-09-16,-177.75,nppv,5.262272357940674
2025-09-16,-177.5,nppv,5.250546932220459
2025-09-16,-177.25,nppv,5.235628128051758
2025-09-16,-177.0,nppv,5.210738182067871
2025-09-16,-176.75,nppv,5.251469612121582
2025-09-16,-176.5,nppv,5.069760799407959
2025-09-16,-176.25,nppv,5.095833778381348
2025-09-16,-176.0,nppv,5.006772994995117
2025-09-16,-175.75,nppv,4.911444187164307
2025-09-16,-175.5,nppv,4.861700057983398
2025-09-16,-175.25,nppv,4.900169372558594
2025-09-16,-175.0,nppv,4.938060760498047
2025-09-16,-174.75,nppv,4.982884407043457
2025-09-16,-174.5,nppv,5.0230889320373535
2025-09-16,-174.25,nppv,5.017464637756348
2025-09-16,-174.0,nppv,5.054380416870117
2025-09-16,-173.75,nppv,5.059475898742676
2025-09-16,-173.5,nppv,5.0784125328063965
2025-09-16,-173.25,nppv,5.1148247718811035
2025-09-16,-173.0,nppv,5.151280403137207
2025-09-16,-172.75,nppv,5.222320079803467
2025-09-16,-172.5,nppv,5.303327560424805
2025-09-16,-172.25,nppv,5.376446723937988
2025-09-16,-172.0,nppv,5.44257116317749
2025-09-16,-171.75,nppv,5.484120845794678
2025-09-16,-171.5,nppv,5.539126873016357
2025-09-16,-171.25,nppv,5.541038990020752
2025-09-16,-171.0,nppv,5.544234275817871
2025-09-16,-170.75,nppv,5.568084716796875
2025-09-16,-170.5,nppv,5.647365093231201
2025-09-16,-170.25,nppv,5.682926177978516
2025-09-16,-170.0,nppv,5.811249256134033
2025-09-16,-169.75,nppv,5.829641342163086
2025-09-16,-169.5,nppv,5.843444347381592
2025-09-16,-169.25,nppv,5.819843292236328
2025-09-16,-169.0,nppv,5.771014213562012
2025-09-16,-168.75,nppv,5.675880432128906
2025-09-16,-168.5,nppv,5.610157012939453
2025-09-16,-168.25,nppv,5.566951274871826
2025-09-16,-168.0,nppv,5.5361528396606445
2025-09-16,-167.75,nppv,5.476502418518066
2025-09-16,-167.5,nppv,5.433996677398682
2025-09-16,-167.25,nppv,5.399025917053223
2025-09-16,-167.0,nppv,5.258478164672852
2025-09-16,-166.75,nppv,5.17472505569458
2025-09-16,-166.5,nppv,5.085995674133301
2025-09-16,-166.25,nppv,5.084274768829346
2025-09-16,-166.0,nppv,5.103425025939941
2025-09-16,-165.75,nppv,5.08657169342041
2025-09-16,-165.5,nppv,5.111363410949707
2025-09-16,-165.25,nppv,5.142499923706055
2025-09-16,-165.0,nppv,5.08286190032959
2025-09-16,-164.75,nppv,4.987340927124023
2025-09-16,-164.5,nppv,4.909168720245361
2025-09-16,-164.25,nppv,4.857701778411865
2025-09-16,-164.0,nppv,4.877989768981934
2025-09-16,-163.75,nppv,4.865077018737793
2025-09-16,-163.5,nppv,4.872736930847168
2025-09-16,-163.25,nppv,4.887206077575684
2025-09-16,-163.0,nppv,4.867402076721191
2025-09-16,-162.75,nppv,4.855990886688232
2025-09-16,-162.5,nppv,4.856924533843994
2025-09-16,-162.25,nppv,4.821077823638916
2025-09-16,-162.0,nppv,4.7842488288879395
2025-09-16,-161.75,nppv,4.690023899078369
2025-09-16,-161.5,nppv,4.664331436157227
2025-09-16,-161.25,nppv,4.654148101806641
2025-09-16,-161.0,nppv,4.640368938446045
2025-09-16,-160.75,nppv,4.624472618103027
2025-09-16,-160.5,nppv,4.621549129486084
2025-09-16,-160.25,nppv,4.642909049987793
2025-09-16,-160.0,nppv,4.665687561035156
2025-09-16,-159.75,nppv,4.666102886199951
2025-09-16,-159.5,nppv,4.6583757400512695
2025-09-16,-159.25,nppv,4.663911819458008
2025-09-16,-159.0,nppv,4.64018440246582
2025-09-16,-158.75,nppv,4.681130886077881
2025-09-16,-158.5,nppv,4.681769847869873
2025-09-16,-158.25,nppv,4.661355972290039
2025-09-16,-158.0,nppv,4.713844299316406
2025-09-16,-157.75,nppv,4.683223724365234
2025-09-16,-157.5,nppv,4.696160316467285
2025-09-16,-157.25,nppv,4.657738208770752
2025-09-16,-157.0,nppv,4.56859827041626
2025-09-16,-156.75,nppv,4.557121753692627
2025-09-16,-156.5,nppv,4.579256534576416
2025-09-16,-156.25,nppv,4.616788387298584
2025-09-16,-156.0,nppv,4.669960975646973
2025-09-16,-155.75,nppv,4.7331390380859375
2025-09-16,-155.5,nppv,4.787898540496826
2025-09-16,-155.25,nppv,4.836658477783203
2025-09-16,-155.0,nppv,4.842141151428223
2025-09-16,-154.75,nppv,4.867707252502441
2025-09-16,-154.5,nppv,4.769529342651367
2025-09-16,-154.25,nppv,4.78495979309082
2025-09-16,-154.0,nppv,4.803908824920654
2025-09-16,-153.75,nppv,4.787295818328857
2025-09-16,-153.5,nppv,4.739377498626709
2025-09-16,-153.25,nppv,4.721309185028076
2025-09-16,-153.0,nppv,4.792076110839844
2025-09-16,-152.75,nppv,4.749162197113037
2025-09-16,-152.5,nppv,4.719335079193115
2025-09-16,-152.25,nppv,4.685125350952148
2025-09-16,-152.0,nppv,4.694972515106201
2025-09-16,-151.75,nppv,4.666713714599609
2025-09-16,-151.5,nppv,4.63244104385376
2025-09-16,-151.25,nppv,4.592493057250977
2025-09-16,-151.0,nppv,4.593160629272461
2025-09-16,-150.75,nppv,4.585480213165283
2025-09-16,-150.5,nppv,4.605471134185791
2025-09-16,-150.25,nppv,4.648684978485107
2025-09-16,-150.0,nppv,4.644018173217773
2025-09-16,-149.75,nppv,4.635701656341553
2025-09-16,-149.5,nppv,4.6599626541137695
2025-09-16,-149.25,nppv,4.672626495361328
2025-09-16,-149.0,nppv,4.693273544311523
2025-09-16,-148.75,nppv,4.724490642547607
2025-09-16,-148.5,nppv,4.720571517944336
2025-09-16,-148.25,nppv,4.733251094818115
2025-09-16,-148.0,nppv,4.721851348876953
2025-09-16,-147.75,nppv,4.719860553741455
2025-09-16,-147.5,nppv,4.644509792327881
2025-09-16,-147.25,nppv,4.62116813659668
2025-09-16,-147.0,nppv,4.6122283935546875
2025-09-16,-146.75,nppv,4.557346820831299
2025-09-16,-146.5,nppv,4.569820404052734
2025-09-16,-146.25,nppv,4.553971290588379
2025-09-16,-146.0,nppv,4.551471710205078
2025-09-16,-145.75,nppv,4.545305252075195
2025-09-16,-145.5,nppv,4.523008823394775
2025-09-16,-145.25,nppv,4.524815082550049
2025-09-16,-145.0,nppv,4.572047710418701
2025-09-16,-144.75,nppv,4.574138641357422
2025-09-16,-144.5,nppv,4.47475528717041
2025-09-16,-144.25,nppv,4.449614524841309
2025-09-16,-144.0,nppv,4.38032865524292
2025-09-16,-143.75,nppv,4.312355041503906
2025-09-16,-143.5,nppv,4.270501613616943
2025-09-16,-143.25,nppv,4.244256496429443
2025-09-16,-143.0,nppv,4.195109844207764
2025-09-16,-142.75,nppv,4.164687633514404
2025-09-16,-142.5,nppv,4.167515754699707
2025-09-16,-142.25,nppv,4.169621467590332
2025-09-16,-142.0,nppv,4.15300178527832
2025-09-16,-141.75,nppv,4.140079975128174
2025-09-16,-141.5,nppv,4.135978698730469
2025-09-16,-141.25,nppv,4.114199638366699
2025-09-16,-141.0,nppv,4.103257656097412
2025-09-16,-140.75,nppv,4.102346897125244
2025-09-16,-140.5,nppv,4.087507724761963
2025-09-16,-140.25,nppv,4.108245849609375
2025-09-16,-140.0,nppv,4.123115062713623
2025-09-16,-139.75,nppv,4.088515758514404
2025-09-16,-139.5,nppv,4.111778736114502
2025-09-16,-139.25,nppv,4.160024642944336
2025-09-16,-139.0,nppv,4.213088035583496
2025-09-16,-138.75,nppv,4.156005382537842
2025-09-16,-138.5,nppv,4.174922466278076
2025-09-16,-138.25,nppv,4.143145561218262
2025-09-16,-138.0,nppv,4.007180213928223
2025-09-16,-137.75,nppv,3.916378974914551
2025-09-16,-137.5,nppv,3.868628978729248
2025-09-16,-137.25,nppv,3.840271472930908
2025-09-16,-137.0,nppv,3.8054845333099365
2025-09-16,-136.75,nppv,3.775369167327881
2025-09-16,-136.5,nppv,3.8056185245513916
2025-09-16,-136.25,nppv,3.837242603302002
2025-09-16,-136.0,nppv,3.7792797088623047
2025-09-16,-135.75,nppv,3.765559673309326
2025-09-16,-135.5,nppv,3.7922585010528564
2025-09-16,-135.25,nppv,3.819654941558838
2025-09-16,-135.0,nppv,3.88572359085083
2025-09-16,-134.75,nppv,3.9832353591918945
2025-09-16,-134.5,nppv,4.1284003257751465
2025-09-16,-134.25,nppv,4.235694408416748
2025-09-16,-134.0,nppv,4.468985080718994
2025-09-16,-133.75,nppv,4.864020347595215
2025-09-16,-133.5,nppv,4.611799240112305
2025-09-16,-133.25,nppv,4.381852149963379
2025-09-16,-133.0,nppv,4.378115177154541
2025-09-16,-132.75,nppv,4.2346673011779785
2025-09-16,-132.5,nppv,4.132315635681152
2025-09-16,-132.25,nppv,4.043710708618164
2025-09-16,-132.0,nppv,4.112607002258301
2025-09-16,-131.75,nppv,4.174663543701172
2025-09-16,-131.5,nppv,4.248899936676025
2025-09-16,-131.25,nppv,4.242441654205322
2025-09-16,-131.0,nppv,4.294351577758789
2025-09-16,-130.75,nppv,4.2904253005981445
2025-09-16,-130.5,nppv,4.146087169647217
2025-09-16,-130.25,nppv,3.727905035018921
2025-09-16,-130.0,nppv,3.670039176940918
2025-09-16,-129.75,nppv,3.6321935653686523
2025-09-16,-129.5,nppv,3.7330899238586426
2025-09-16,-129.25,nppv,3.82133412361145
2025-09-16,-129.0,nppv,3.7522130012512207
2025-09-16,-128.75,nppv,3.8996121883392334
2025-09-16,-128.5,nppv,3.9763894081115723
2025-09-16,-128.25,nppv,3.793260097503662
2025-09-16,-128.0,nppv,3.9822134971618652
2025-09-16,-127.75,nppv,3.829486608505249
2025-09-16,-127.5,nppv,3.7118444442749023
2025-09-16,-127.25,nppv,3.6943256855010986
2025-09-16,-127.0,nppv,3.8881449699401855
2025-09-16,-126.75,nppv,4.0107903480529785
2025-09-16,-126.5,nppv,3.944624185562134
2025-09-16,-126.25,nppv,4.055343151092529
2025-09-16,-126.0,nppv,4.178297996520996
2025-09-16,-125.75,nppv,4.452259063720703
2025-09-16,-125.5,nppv,4.760900974273682
2025-09-16,-125.25,nppv,5.545795917510986
2025-09-16,-125.0,nppv,6.60175895690918
2025-09-16,-124.75,nppv,7.932903289794922
2025-09-16,-124.5,nppv,9.878531455993652
2025-09-16,-124.25,nppv,9.801494598388672
2025-09-16,-124.0,nppv,6.719613552093506
2025-09-16,-123.75,nppv,5.121464729309082
2025-09-16,-123.5,nppv,5.088387966156006
2025-09-16,-123.25,nppv,5.447940826416016
2025-09-16,-123.0,nppv,5.577273845672607
2025-09-16,-122.75,nppv,5.642692565917969
2025-09-16,-122.5,nppv,6.0574798583984375
2025-09-16,-122.25,nppv,5.146646976470947
2025-09-16,-122.0,nppv,5.360291957855225
2025-09-16,-121.75,nppv,5.058272361755371
2025-09-16,-121.5,nppv,5.136141777038574
2025-09-16,-121.25,nppv,4.938445568084717
2025-09-16,-121.0,nppv,4.957204818725586
2025-09-16,-120.75,nppv,4.902458667755127
2025-09-16,-120.5,nppv,4.650541305541992
2025-09-16,-120.25,nppv,4.664561748504639
2025-09-16,-120.0,nppv,4.523586273193359
2025-09-16,-119.75,nppv,4.560058116912842
2025-09-16,-119.5,nppv,4.549571514129639
2025-09-16,-119.25,nppv,4.459147930145264
2025-09-16,-119.0,nppv,4.400570869445801
2025-09-16,-118.75,nppv,4.410561561584473
2025-09-16,-118.5,nppv,4.480107307434082
2025-09-16,-118.25,nppv,4.368807792663574
2025-09-16,-118.0,nppv,4.3950886726379395
2025-09-16,-117.75,nppv,4.413162708282471
2025-09-16,-117.5,nppv,4.5040364265441895
2025-09-16,-117.25,nppv,4.498069763183594
2025-09-16,-117.0,nppv,4.585113525390625
2025-09-16,-116.75,nppv,4.656460285186768
2025-09-16,-116.5,nppv,4.841651916503906
2025-09-16,-116.25,nppv,5.223912239074707
2025-09-16,-116.0,nppv,4.95278263092041
2025-09-16,-115.75,nppv,4.779207229614258
2025-09-16,-115.5,nppv,4.524923801422119
2025-09-16,-115.25,nppv,4.478757858276367
2025-09-16,-115.0,nppv,4.430014133453369
2025-09-16,-114.75,nppv,4.411832332611084
2025-09-16,-114.5,nppv,4.439671993255615
2025-09-16,-114.25,nppv,4.459358215332031
2025-09-16,-114.0,nppv,4.461319923400879
2025-09-16,-113.75,nppv,4.469859600067139
2025-09-16,-113.5,nppv,4.455901622772217
2025-09-16,-113.25,nppv,4.44378662109375
2025-09-16,-113.0,nppv,4.445030689239502
2025-09-16,-112.75,nppv,4.436976909637451
2025-09-16,-112.5,nppv,4.426295757293701
2025-09-16,-112.25,nppv,4.427870273590088
2025-09-16,-112.0,nppv,4.445395469665527
2025-09-16,-111.75,nppv,4.452965259552002
2025-09-16,-111.5,nppv,4.4641547203063965
2025-09-16,-111.25,nppv,4.454437255859375
2025-09-16,-111.0,nppv,4.427516937255859
2025-09-16,-110.75,nppv,4.429128646850586
2025-09-16,-110.5,nppv,4.381684303283691
2025-09-16,-110.25,nppv,4.376680374145508
2025-09-16,-110.0,nppv,4.364843368530273
2025-09-16,-109.75,nppv,4.392286777496338
2025-09-16,-109.5,nppv,4.476670265197754
2025-09-16,-109.25,nppv,4.407040119171143
2025-09-16,-109.0,nppv,4.409965515136719
2025-09-16,-108.75,nppv,4.416403770446777
2025-09-16,-108.5,nppv,4.454333782196045
2025-09-16,-108.25,nppv,4.5708160400390625
2025-09-16,-108.0,nppv,4.570065975189209
2025-09-16,-107.75,nppv,4.654406547546387
2025-09-16,-107.5,nppv,4.685150146484375
2025-09-16,-107.25,nppv,4.663363933563232
2025-09-16,-107.0,nppv,4.644458770751953
2025-09-16,-106.75,nppv,4.57940149307251
2025-09-16,-106.5,nppv,4.645125389099121
2025-09-16,-106.25,nppv,4.671728134155273
2025-09-16,-106.0,nppv,5.094947338104248
2025-09-16,-105.75,nppv,5.693207740783691
2025-09-16,-105.5,nppv,5.709817886352539
2025-09-16,-105.25,nppv,5.187533855438232
2025-09-16,-105.0,nppv,4.74603271484375
2025-09-16,-104.75,nppv,4.7585272789001465
2025-09-16,-104.5,nppv,4.821884632110596
2025-09-16,-104.25,nppv,4.963070869445801
2025-09-16,-104.0,nppv,4.930489540100098
2025-09-16,-103.75,nppv,5.050203323364258
2025-09-16,-103.5,nppv,4.758307933807373
2025-09-16,-103.25,nppv,4.791196823120117
2025-09-16,-103.0,nppv,4.885382175445557
2025-09-16,-102.75,nppv,5.0682597160339355
2025-09-16,-102.5,nppv,5.872805595397949
2025-09-16,-102.25,nppv,5.893599033355713
2025-09-16,-102.0,nppv,6.063876152038574
2025-09-16,-101.75,nppv,5.775718688964844
2025-09-16,-101.5,nppv,5.4943671226501465
2025-09-16,-101.25,nppv,5.582952499389648
2025-09-16,-101.0,nppv,5.80789852142334
2025-09-16,-100.75,nppv,5.949183464050293
2025-09-16,-100.5,nppv,6.003736972808838
2025-09-16,-100.25,nppv,5.95890474319458
2025-09-16,-100.0,nppv,5.978698253631592
2025-09-16,-99.75,nppv,5.875643253326416
2025-09-16,-99.5,nppv,5.862335681915283
2025-09-16,-99.25,nppv,5.780856132507324
2025-09-16,-99.0,nppv,5.738394737243652
2025-09-16,-98.75,nppv,5.646986961364746
2025-09-16,-98.5,nppv,5.707472324371338
2025-09-16,-98.25,nppv,5.709901332855225
2025-09-16,-98.0,nppv,5.802052974700928
2025-09-16,-97.75,nppv,7.6818342208862305
2025-09-16,-97.5,nppv,5.90040397644043
2025-09-16,-97.25,nppv,5.923402786254883
2025-09-16,-97.0,nppv,5.893360614776611
2025-09-16,-96.75,nppv,5.797732353210449
2025-09-16,-96.5,nppv,5.788384914398193
2025-09-16,-96.25,nppv,6.005946159362793
2025-09-16,-96.0,nppv,6.0795063972473145
2025-09-16,-95.75,nppv,6.221717834472656
2025-09-16,-95.5,nppv,6.244260311126709
2025-09-16,-95.25,nppv,6.431020259857178
2025-09-16,-95.0,nppv,6.601555347442627
2025-09-16,-94.75,nppv,6.9336934089660645
2025-09-16,-94.5,nppv,7.301478862762451
2025-09-16,-94.25,nppv,7.1061553955078125
2025-09-16,-94.0,nppv,7.0188798904418945
2025-09-16,-93.75,nppv,7.113534927368164
2025-09-16,-93.5,nppv,7.146528244018555
2025-09-16,-93.25,nppv,7.47714900970459
2025-09-16,-93.0,nppv,7.716604232788086
2025-09-16,-92.75,nppv,7.775538921356201
2025-09-16,-92.5,nppv,7.777450084686279
2025-09-16,-92.25,nppv,8.095654487609863
2025-09-16,-92.0,nppv,8.284404754638672
2025-09-16,-91.75,nppv,8.554203987121582
2025-09-16,-91.5,nppv,8.207624435424805
2025-09-16,-91.25,nppv,7.111385822296143
2025-09-16,-91.0,nppv,7.23277473449707
2025-09-16,-90.75,nppv,7.628006458282471
2025-09-16,-90.5,nppv,7.408636093139648
2025-09-16,-90.25,nppv,6.444376468658447
2025-09-16,-90.0,nppv,6.545464515686035
2025-09-16,-89.75,nppv,6.130131244659424
2025-09-16,-89.5,nppv,5.999030590057373
2025-09-16,-89.25,nppv,6.31325101852417
2025-09-16,-89.0,nppv,6.905210971832275
2025-09-16,-88.75,nppv,6.688392639160156
2025-09-16,-88.5,nppv,6.3108978271484375
2025-09-16,-88.25,nppv,6.01667594909668
2025-09-16,-88.0,nppv,6.006670951843262
2025-09-16,-87.75,nppv,5.802872180938721
2025-09-16,-87.5,nppv,5.639583110809326
2025-09-16,-87.25,nppv,5.548826694488525
2025-09-16,-87.0,nppv,5.383888244628906
2025-09-16,-86.75,nppv,5.392699718475342
2025-09-16,-86.5,nppv,5.447617053985596
2025-09-16,-86.25,nppv,5.346879482269287
2025-09-16,-86.0,nppv,5.369857311248779
2025-09-16,-85.75,nppv,5.308286666870117
2025-09-16,-85.5,nppv,5.2373433113098145
2025-09-16,-85.25,nppv,5.2662458419799805
2025-09-16,-85.0,nppv,5.2831244468688965
2025-09-16,-84.75,nppv,5.352344512939453
2025-09-16,-84.5,nppv,5.555902004241943
2025-09-16,-84.25,nppv,5.758635520935059
2025-09-16,-84.0,nppv,6.265594482421875
2025-09-16,-83.75,nppv,6.9559526443481445
2025-09-16,-83.5,nppv,8.482150077819824
2025-09-16,-83.25,nppv,7.4549174308776855
2025-09-16,-83.0,nppv,7.395354747772217
2025-09-16,-82.75,nppv,7.589365005493164
2025-09-16,-82.5,nppv,7.758955478668213
2025-09-16,-82.25,nppv,8.163564682006836
2025-09-16,-82.0,nppv,8.883790969848633
2025-09-16,-81.75,nppv,9.293721199035645
2025-09-16,-81.5,nppv,9.520112037658691
2025-09-16,-81.25,nppv,9.380414009094238
2025-09-16,-81.0,nppv,7.967065811157227
2025-09-16,-80.75,nppv,7.062574863433838
2025-09-16,-80.5,nppv,7.397904872894287
2025-09-16,-80.25,nppv,7.800014972686768
2025-09-16,-80.0,nppv,7.760641098022461
2025-09-16,-79.75,nppv,7.281550407409668
2025-09-16,-79.5,nppv,6.824737071990967
2025-09-16,-79.25,nppv,6.640201568603516
2025-09-16,-79.0,nppv,6.990577220916748
2025-09-16,-78.75,nppv,6.397287845611572
2025-09-16,-78.5,nppv,6.741480350494385
2025-09-16,-78.25,nppv,6.802847862243652
2025-09-16,-78.0,nppv,6.694000720977783
2025-09-16,-77.75,nppv,7.357471466064453
2025-09-16,-77.5,nppv,8.579350471496582
2025-09-16,-77.25,nppv,7.181111812591553
2025-09-16,-77.0,nppv,6.4546613693237305
2025-09-16,-76.75,nppv,6.823993682861328
2025-09-16,-76.5,nppv,6.888027191162109
2025-09-16,-76.25,nppv,6.755289554595947
2025-09-16,-76.0,nppv,6.846503734588623
2025-09-16,-75.75,nppv,8.054007530212402
2025-09-16,-75.5,nppv,7.138335227966309
2025-09-16,-75.25,nppv,9.702486991882324
2025-09-16,-75.0,nppv,10.3075590133667
2025-09-16,-74.75,nppv,10.671812057495117
2025-09-16,-74.5,nppv,9.862435340881348
2025-09-16,-74.25,nppv,8.438332557678223
2025-09-16,-74.0,nppv,8.824091911315918
2025-09-16,-73.75,nppv,9.381305694580078
2025-09-16,-73.5,nppv,9.710736274719238
2025-09-16,-73.25,nppv,9.909374237060547
2025-09-16,-73.0,nppv,8.533267974853516
2025-09-16,-72.75,nppv,8.847424507141113
2025-09-16,-72.5,nppv,10.013877868652344
2025-09-16,-72.25,nppv,11.3245849609375
2025-09-16,-72.0,nppv,12.399351119995117
2025-09-16,-71.75,nppv,14.983710289001465
2025-09-16,-71.5,nppv,12.64013385772705
2025-09-16,-71.25,nppv,11.62326431274414
2025-09-16,-71.0,nppv,14.02355670928955
2025-09-16,-70.75,nppv,15.547447204589844
2025-09-16,-70.5,nppv,10.925580024719238
2025-09-16,-70.25,nppv,8.595666885375977
2025-09-16,-70.0,nppv,3.371083974838257
2025-09-16,-69.75,nppv,3.1166043281555176
2025-09-16,-69.5,nppv,3.204829454421997
2025-09-16,-69.25,nppv,3.986788034439087
2025-09-16,-69.0,nppv,5.443994998931885
2025-09-16,-68.75,nppv,5.13018798828125
2025-09-16,-68.5,nppv,5.143415927886963
2025-09-16,-68.25,nppv,5.208946228027344
2025-09-16,-68.0,nppv,4.7376251220703125
2025-09-16,-67.75,nppv,4.64200496673584
2025-09-16,-67.5,nppv,4.514062881469727
2025-09-16,-67.25,nppv,4.588112831115723
2025-09-16,-67.0,nppv,5.094681262969971
2025-09-16,-66.75,nppv,5.0208234786987305
2025-09-16,-66.5,nppv,4.716207504272461
2025-09-16,-66.25,nppv,4.785841464996338
2025-09-16,-66.0,nppv,4.806200981140137
2025-09-16,-65.75,nppv,4.97076416015625
2025-09-16,-65.5,nppv,4.592023849487305
2025-09-16,-65.25,nppv,4.6608991622924805
2025-09-16,-65.0,nppv,4.621479511260986
2025-09-16,-64.75,nppv,4.831183433532715
2025-09-16,-64.5,nppv,4.686624526977539
2025-09-16,-64.25,nppv,4.472346782684326
2025-09-16,-64.0,nppv,4.250086784362793
2025-09-16,-63.75,nppv,4.08510160446167
2025-09-16,-63.5,nppv,4.020914077758789
2025-09-16,-63.25,nppv,3.9338433742523193
2025-09-16,-63.0,nppv,3.834977149963379
2025-09-16,-62.75,nppv,3.8354923725128174
2025-09-16,-62.5,nppv,4.668768405914307
2025-09-16,-62.25,nppv,5.1254048347473145
2025-09-16,-62.0,nppv,5.435538291931152
2025-09-16,-61.75,nppv,4.923516750335693
2025-09-16,-61.5,nppv,4.617703437805176
2025-09-16,-61.25,nppv,4.4719648361206055
2025-09-16,-61.0,nppv,4.648819923400879
2025-09-16,-60.75,nppv,6.892248153686523
2025-09-16,-60.5,nppv,6.549143314361572
2025-09-16,-60.25,nppv,5.820752143859863
2025-09-16,-60.0,nppv,5.098341464996338
2025-09-16,-59.75,nppv,4.90623664855957
2025-09-16,-59.5,nppv,4.2080278396606445
2025-09-16,-59.25,nppv,4.494009017944336
2025-09-16,-59.0,nppv,4.517824649810791
2025-09-16,-58.75,nppv,4.344493865966797
2025-09-16,-58.5,nppv,4.285915851593018
2025-09-16,-58.25,nppv,4.849170684814453
2025-09-16,-58.0,nppv,4.775921821594238
2025-09-16,-57.75,nppv,4.642014503479004
2025-09-16,-57.5,nppv,4.179352283477783
2025-09-16,-57.25,nppv,4.5671539306640625
2025-09-16,-57.0,nppv,4.9804205894470215
2025-09-16,-56.75,nppv,4.863492012023926
2025-09-16,-56.5,nppv,4.893669605255127
2025-09-16,-56.25,nppv,4.874223232269287
2025-09-16,-56.0,nppv,4.9234795570373535
2025-09-16,-55.75,nppv,4.9568939208984375
2025-09-16,-55.5,nppv,4.798511028289795
2025-09-16,-55.25,nppv,4.645981788635254
2025-09-16,-55.0,nppv,4.520953178405762
2025-09-16,-54.75,nppv,4.5417327880859375
2025-09-16,-54.5,nppv,4.539426803588867
2025-09-16,-54.25,nppv,4.700244426727295
2025-09-16,-54.0,nppv,4.841384410858154
2025-09-16,-53.75,nppv,4.917506217956543
2025-09-16,-53.5,nppv,5.069002628326416
2025-09-16,-53.25,nppv,5.289487838745117
2025-09-16,-53.0,nppv,5.342942714691162
2025-09-16,-52.75,nppv,5.279371738433838
2025-09-16,-52.5,nppv,5.318367958068848
2025-09-16,-52.25,nppv,5.717430591583252
2025-09-16,-52.0,nppv,6.263679504394531
2025-09-16,-51.75,nppv,6.755667686462402
2025-09-16,-51.5,nppv,7.093653202056885
2025-09-16,-51.25,nppv,6.736501216888428
2025-09-16,-51.0,nppv,6.9490227699279785
2025-09-16,-50.75,nppv,6.601399898529053
2025-09-16,-50.5,nppv,6.470900058746338
2025-09-16,-50.25,nppv,7.127849578857422
2025-09-16,-50.0,nppv,7.249377250671387
2025-09-16,-49.75,nppv,8.817033767700195
2025-09-16,-49.5,nppv,8.719633102416992
2025-09-16,-49.25,nppv,9.037904739379883
2025-09-16,-49.0,nppv,7.779684543609619
2025-09-16,-48.75,nppv,7.005399227142334
2025-09-16,-48.5,nppv,8.107550621032715
2025-09-16,-48.25,nppv,7.299713611602783
2025-09-16,-48.0,nppv,6.426205158233643
2025-09-16,-47.75,nppv,5.838926792144775
2025-09-16,-47.5,nppv,5.515121936798096
2025-09-16,-47.25,nppv,5.322055816650391
2025-09-16,-47.0,nppv,5.168663024902344
2025-09-16,-46.75,nppv,4.921965599060059
2025-09-16,-46.5,nppv,4.781872749328613
2025-09-16,-46.25,nppv,4.7635416984558105
2025-09-16,-46.0,nppv,4.8393940925598145
2025-09-16,-45.75,nppv,4.9262919425964355
2025-09-16,-45.5,nppv,4.970110893249512
2025-09-16,-45.25,nppv,4.977965354919434
2025-09-16,-45.0,nppv,5.022345542907715
2025-09-16,-44.75,nppv,4.768243312835693
2025-09-16,-44.5,nppv,4.818948745727539
2025-09-16,-44.25,nppv,4.776708602905273
2025-09-16,-44.0,nppv,4.754083633422852
2025-09-16,-43.75,nppv,4.733825206756592
2025-09-16,-43.5,nppv,4.569507122039795
2025-09-16,-43.25,nppv,4.494176864624023
2025-09-16,-43.0,nppv,4.411074161529541
2025-09-16,-42.75,nppv,4.35898494720459
2025-09-16,-42.5,nppv,4.298131942749023
2025-09-16,-42.25,nppv,4.2839226722717285
2025-09-16,-42.0,nppv,4.201855182647705
2025-09-16,-41.75,nppv,4.288741588592529
2025-09-16,-41.5,nppv,4.219954013824463
2025-09-16,-41.25,nppv,4.3447723388671875
2025-09-16,-41.0,nppv,4.455829620361328
2025-09-16,-40.75,nppv,4.4515156745910645
2025-09-16,-40.5,nppv,4.4296088218688965
2025-09-16,-40.25,nppv,4.2422404289245605
2025-09-16,-40.0,nppv,3.9364752769470215
2025-09-16,-39.75,nppv,3.7253618240356445
2025-09-16,-39.5,nppv,3.7117538452148438
2025-09-16,-39.25,nppv,3.592212200164795
2025-09-16,-39.0,nppv,3.7713637351989746
2025-09-16,-38.75,nppv,3.7838897705078125
2025-09-16,-38.5,nppv,3.5907652378082275
2025-09-16,-38.25,nppv,3.4584572315216064
2025-09-16,-38.0,nppv,3.368671178817749
2025-09-16,-37.75,nppv,3.2857346534729004
2025-09-16,-37.5,nppv,3.2157325744628906
2025-09-16,-37.25,nppv,3.107863664627075
2025-09-16,-37.0,nppv,3.0921378135681152
2025-09-16,-36.75,nppv,3.037341594696045
2025-09-16,-36.5,nppv,3.0128185749053955
2025-09-16,-36.25,nppv,2.9547171592712402
2025-09-16,-36.0,nppv,3.0398852825164795
2025-09-16,-35.75,nppv,2.963442802429199
2025-09-16,-35.5,nppv,2.867767810821533
2025-09-16,-35.25,nppv,2.838845729827881
2025-09-16,-35.0,nppv,2.767775535583496
2025-09-16,-34.75,nppv,2.7639451026916504
2025-09-16,-34.5,nppv,2.6190309524536133
2025-09-16,-34.25,nppv,2.569762945175171
2025-09-16,-34.0,nppv,2.532362222671509
2025-09-16,-33.75,nppv,2.50168514251709
2025-09-16,-33.5,nppv,2.4717750549316406
2025-09-16,-33.25,nppv,2.4455056190490723
2025-09-16,-33.0,nppv,2.4300544261932373
2025-09-16,-32.75,nppv,2.428490161895752
2025-09-16,-32.5,nppv,2.4216387271881104
2025-09-16,-32.25,nppv,2.4220972061157227
2025-09-16,-32.0,nppv,2.4635889530181885
2025-09-16,-31.75,nppv,2.5042405128479004
2025-09-16,-31.5,nppv,2.512486457824707
2025-09-16,-31.25,nppv,2.4740262031555176
2025-09-16,-31.0,nppv,2.4630134105682373
2025-09-16,-30.75,nppv,2.4758880138397217
2025-09-16,-30.5,nppv,2.4861843585968018
2025-09-16,-30.25,nppv,2.506519317626953
2025-09-16,-30.0,nppv,2.5345115661621094
2025-09-16,-29.75,nppv,2.5694851875305176
2025-09-16,-29.5,nppv,2.6125402450561523
2025-09-16,-29.25,nppv,2.6533918380737305
2025-09-16,-29.0,nppv,2.679901361465454
2025-09-16,-28.75,nppv,2.739621877670288
2025-09-16,-28.5,nppv,2.788346529006958
2025-09-16,-28.25,nppv,2.8289577960968018
2025-09-16,-28.0,nppv,2.859487533569336
2025-09-16,-27.75,nppv,2.8966758251190186
2025-09-16,-27.5,nppv,2.9396612644195557
2025-09-16,-27.25,nppv,2.9762234687805176
2025-09-16,-27.0,nppv,2.9756131172180176
2025-09-16,-26.75,nppv,2.947432041168213
2025-09-16,-26.5,nppv,2.9103055000305176
2025-09-16,-26.25,nppv,2.8846499919891357
2025-09-16,-26.0,nppv,2.8782224655151367
2025-09-16,-25.75,nppv,2.887939691543579
2025-09-16,-25.5,nppv,2.9173460006713867
2025-09-16,-25.25,nppv,2.923165798187256
2025-09-16,-25.0,nppv,2.946195125579834
2025-09-16,-24.75,nppv,2.9810631275177
2025-09-16,-24.5,nppv,3.052196502685547
2025-09-16,-24.25,nppv,3.119535207748413
2025-09-16,-24.0,nppv,3.150989055633545
2025-09-16,-23.75,nppv,3.2058451175689697
2025-09-16,-23.5,nppv,3.391319990158081
2025-09-16,-23.25,nppv,3.6534628868103027
2025-09-16,-23.0,nppv,3.931720495223999
2025-09-16,-22.75,nppv,4.141364097595215
2025-09-16,-22.5,nppv,4.430045127868652
2025-09-16,-22.25,nppv,4.6247711181640625
2025-09-16,-22.0,nppv,4.78110408782959
2025-09-16,-21.75,nppv,4.952641487121582
2025-09-16,-21.5,nppv,5.098843574523926
2025-09-16,-21.25,nppv,5.154664039611816
2025-09-16,-21.0,nppv,5.176084995269775
2025-09-16,-20.75,nppv,5.1551690101623535
2025-09-16,-20.5,nppv,5.157150745391846
2025-09-16,-20.25,nppv,5.137932777404785
2025-09-16,-20.0,nppv,5.184298992156982
2025-09-16,-19.75,nppv,5.269996166229248
2025-09-16,-19.5,nppv,5.27384090423584
2025-09-16,-19.25,nppv,5.271295070648193
2025-09-16,-19.0,nppv,5.237075328826904
2025-09-16,-18.75,nppv,5.231335163116455
2025-09-16,-18.5,nppv,5.243155479431152
2025-09-16,-18.25,nppv,5.325270175933838
2025-09-16,-18.0,nppv,5.37025785446167
2025-09-16,-17.75,nppv,5.5870513916015625
2025-09-16,-17.5,nppv,6.091377258300781
2025-09-16,-17.25,nppv,6.786412239074707
2025-09-16,-17.0,nppv,7.57150411605835
2025-09-16,-16.75,nppv,5.837795257568359
2025-09-16,-16.5,nppv,5.054259777069092
2025-09-16,-16.25,nppv,4.450913906097412
2025-09-16,-16.0,nppv,4.1973490715026855
2025-09-16,-15.75,nppv,4.19749116897583
2025-09-16,-15.5,nppv,4.554976463317871
2025-09-16,-15.25,nppv,4.3578290939331055
2025-09-16,-15.0,nppv,4.2687249183654785
2025-09-16,-14.75,nppv,4.111358165740967
2025-09-16,-14.5,nppv,3.8670730590820312
2025-09-16,-14.25,nppv,3.778414249420166
2025-09-16,-14.0,nppv,4.087063312530518
2025-09-16,-13.75,nppv,4.665849208831787
2025-09-16,-13.5,nppv,4.86903190612793
2025-09-16,-13.25,nppv,3.9844002723693848
2025-09-16,-13.0,nppv,3.7298762798309326
2025-09-16,-12.75,nppv,4.230408668518066
2025-09-16,-12.5,nppv,3.660444498062134
2025-09-16,-12.25,nppv,3.8090970516204834
2025-09-16,-12.0,nppv,3.7504734992980957
2025-09-16,-11.75,nppv,3.9521658420562744
2025-09-16,-11.5,nppv,3.778083086013794
2025-09-16,-11.25,nppv,3.818666696548462
2025-09-16,-11.0,nppv,4.020073890686035
2025-09-16,-10.75,nppv,4.3550004959106445
2025-09-16,-10.5,nppv,4.958023548126221
2025-09-16,-10.25,nppv,5.775436878204346
2025-09-16,-10.0,nppv,6.328284740447998
2025-09-16,-9.75,nppv,5.7297892570495605
2025-09-16,-9.5,nppv,5.504055500030518
2025-09-16,-9.25,nppv,5.813754081726074
2025-09-16,-9.0,nppv,5.9473395347595215
2025-09-16,-8.75,nppv,4.945494174957275
2025-09-16,-8.5,nppv,4.3069939613342285
2025-09-16,-8.25,nppv,4.386031150817871
2025-09-16,-8.0,nppv,4.473270416259766
2025-09-16,-7.75,nppv,4.525160789489746
2025-09-16,-7.5,nppv,4.576473712921143
2025-09-16,-7.25,nppv,4.700237274169922
2025-09-16,-7.0,nppv,4.942001819610596
2025-09-16,-6.75,nppv,5.059739112854004
2025-09-16,-6.5,nppv,5.477236270904541
2025-09-16,-6.25,nppv,5.657567024230957
2025-09-16,-6.0,nppv,5.977140426635742
2025-09-16,-5.75,nppv,6.122066020965576
2025-09-16,-5.5,nppv,6.1593241691589355
2025-09-16,-5.25,nppv,6.24031925201416
2025-09-16,-5.0,nppv,6.299813270568848
2025-09-16,-4.75,nppv,6.316014289855957
2025-09-16,-4.5,nppv,6.400313377380371
2025-09-16,-4.25,nppv,6.533219814300537
2025-09-16,-4.0,nppv,6.632004737854004
2025-09-16,-3.75,nppv,6.576018810272217
2025-09-16,-3.5,nppv,6.495757102966309
2025-09-16,-3.25,nppv,6.423866271972656
2025-09-16,-3.0,nppv,6.361471176147461
2025-09-16,-2.75,nppv,6.303500175476074
2025-09-16,-2.5,nppv,6.159669399261475
2025-09-16,-2.25,nppv,6.389446258544922
2025-09-16,-2.0,nppv,5.973197937011719
2025-09-16,-1.75,nppv,6.282525062561035
2025-09-16,-1.5,nppv,6.649346828460693
2025-09-16,-1.25,nppv,6.7398223876953125
2025-09-16,-1.0,nppv,6.502251625061035
2025-09-16,-0.75,nppv,6.336870193481445
2025-09-16,-0.5,nppv,6.394787311553955
2025-09-16,-0.25,nppv,6.601211071014404
2025-09-16,0.0,nppv,6.3903584480285645
2025-09-16,0.25,nppv,6.844040870666504
2025-09-16,0.5,nppv,6.680092811584473
2025-09-16,0.75,nppv,6.512725830078125
2025-09-16,1.0,nppv,6.739585876464844
2025-09-16,1.25,nppv,6.651403903961182
2025-09-16,1.5,nppv,6.680874824523926
2025-09-16,1.75,nppv,6.621110439300537
2025-09-16,2.0,nppv,6.849737167358398
2025-09-16,2.25,nppv,6.618865013122559
2025-09-16,2.5,nppv,6.545210838317871
2025-09-16,2.75,nppv,6.516118049621582
2025-09-16,3.0,nppv,6.468795299530029
2025-09-16,3.25,nppv,6.532949924468994
2025-09-16,3.5,nppv,6.649638652801514
2025-09-16,3.75,nppv,7.003383636474609
2025-09-16,4.0,nppv,7.057083606719971
2025-09-16,4.25,nppv,7.1060285568237305
2025-09-16,4.5,nppv,7.333390235900879
2025-09-16,4.75,nppv,6.993005275726318
2025-09-16,5.0,nppv,7.06132698059082
2025-09-16,5.25,nppv,6.59879207611084
2025-09-16,5.5,nppv,6.594436168670654
2025-09-16,5.75,nppv,6.478611946105957
2025-09-16,6.0,nppv,6.739828586578369
2025-09-16,6.25,nppv,6.906548500061035
2025-09-16,6.5,nppv,6.975211143493652
2025-09-16,6.75,nppv,7.0658979415893555
2025-09-16,7.0,nppv,7.279078483581543
2025-09-16,7.25,nppv,7.224529266357422
2025-09-16,7.5,nppv,7.286125183105469
2025-09-16,7.75,nppv,7.159270763397217
2025-09-16,8.0,nppv,7.251246452331543
2025-09-16,8.25,nppv,7.5245842933654785
2025-09-16,8.5,nppv,8.229684829711914
2025-09-16,8.75,nppv,8.725448608398438
2025-09-16,9.0,nppv,8.320100784301758
2025-09-16,9.25,nppv,9.409427642822266
2025-09-16,9.5,nppv,10.10757064819336
2025-09-16,9.75,nppv,9.475611686706543
2025-09-16,10.0,nppv,7.7025651931762695
2025-09-16,10.25,nppv,7.746016979217529
2025-09-16,10.5,nppv,7.728665828704834
2025-09-16,10.75,nppv,7.9017653465271
2025-09-16,11.0,nppv,8.310844421386719
2025-09-16,11.25,nppv,9.366769790649414
2025-09-16,11.5,nppv,11.093494415283203
2025-09-16,11.75,nppv,13.576199531555176
2025-09-16,12.0,nppv,14.074760437011719
2025-09-16,12.25,nppv,13.529626846313477
2025-09-16,12.5,nppv,12.658248901367188
2025-09-16,12.75,nppv,11.794305801391602
2025-09-16,13.0,nppv,10.437451362609863
2025-09-16,13.25,nppv,9.167823791503906
2025-09-16,13.5,nppv,8.898223876953125
2025-09-16,13.75,nppv,8.355360984802246
2025-09-16,14.0,nppv,8.196460723876953
2025-09-16,14.25,nppv,9.499155044555664
2025-09-16,14.5,nppv,8.927681922912598
2025-09-16,14.75,nppv,8.974176406860352
2025-09-16,15.0,nppv,7.830405235290527
2025-09-16,15.25,nppv,6.808477401733398
2025-09-16,15.5,nppv,7.003965854644775
2025-09-16,15.75,nppv,6.599603176116943
2025-09-16,16.0,nppv,7.271242141723633
2025-09-16,16.25,nppv,7.033858776092529
2025-09-16,16.5,nppv,7.731570720672607
2025-09-16,16.75,nppv,7.678335189819336
2025-09-16,17.0,nppv,7.5484619140625
2025-09-16,17.25,nppv,6.236697673797607
2025-09-16,17.5,nppv,5.510865211486816
2025-09-16,17.75,nppv,5.396628379821777
2025-09-16,18.0,nppv,5.086658477783203
2025-09-16,18.25,nppv,4.215031147003174
2025-09-16,18.5,nppv,3.778716564178467
2025-09-16,18.75,nppv,3.942850351333618
2025-09-16,19.0,nppv,3.4951834678649902
2025-09-16,19.25,nppv,3.443570375442505
2025-09-16,19.5,nppv,3.5126492977142334
2025-09-16,19.75,nppv,3.425724506378174
2025-09-16,20.0,nppv,3.426654815673828
2025-09-16,20.25,nppv,3.4420440196990967
2025-09-16,20.5,nppv,3.486936092376709
2025-09-16,20.75,nppv,3.608379364013672
2025-09-16,21.0,nppv,3.8582241535186768
2025-09-16,21.25,nppv,3.6709940433502197
2025-09-16,21.5,nppv,3.7891287803649902
2025-09-16,21.75,nppv,3.9074339866638184
2025-09-16,22.0,nppv,4.1121134757995605
2025-09-16,22.25,nppv,4.310209274291992
2025-09-16,22.5,nppv,4.532308101654053
2025-09-16,22.75,nppv,4.718846797943115
2025-09-16,23.0,nppv,4.772857189178467
2025-09-16,23.25,nppv,4.884889125823975
2025-09-16,23.5,nppv,5.054528713226318
2025-09-16,23.75,nppv,5.2194390296936035
2025-09-16,24.0,nppv,5.379958152770996
2025-09-16,24.25,nppv,5.073009490966797
2025-09-16,24.5,nppv,5.053446292877197
2025-09-16,24.75,nppv,5.020620822906494
2025-09-16,25.0,nppv,5.175093173980713
2025-09-16,25.25,nppv,5.059906482696533
2025-09-16,25.5,nppv,4.795443058013916
2025-09-16,25.75,nppv,5.000411510467529
2025-09-16,26.0,nppv,5.18245267868042
2025-09-16,26.25,nppv,5.343502998352051
2025-09-16,26.5,nppv,5.419705390930176
2025-09-16,26.75,nppv,5.428490161895752
2025-09-16,27.0,nppv,5.485241889953613
2025-09-16,27.25,nppv,5.297605037689209
2025-09-16,27.5,nppv,5.237914085388184
2025-09-16,27.75,nppv,5.601463317871094
2025-09-16,28.0,nppv,5.879501819610596
2025-09-16,28.25,nppv,5.742485523223877
2025-09-16,28.5,nppv,5.549951553344727
2025-09-16,28.75,nppv,6.407247066497803
2025-09-16,29.0,nppv,6.833964824676514
2025-09-16,29.25,nppv,6.466610908508301
2025-09-16,29.5,nppv,5.746453762054443
2025-09-16,29.75,nppv,7.664348602294922
2025-09-16,30.0,nppv,6.451881408691406
2025-09-16,30.25,nppv,5.478826999664307
2025-09-16,30.5,nppv,5.134863376617432
2025-09-16,30.75,nppv,5.251755714416504
2025-09-16,31.0,nppv,5.363977909088135
2025-09-16,31.25,nppv,5.5296525955200195
2025-09-16,31.5,nppv,5.499639511108398
2025-09-16,31.75,nppv,5.519514560699463
2025-09-16,32.0,nppv,5.618535041809082
2025-09-16,32.25,nppv,5.600271701812744
2025-09-16,32.5,nppv,5.7370171546936035
2025-09-16,32.75,nppv,5.650296211242676
2025-09-16,33.0,nppv,5.303802967071533
2025-09-16,33.25,nppv,5.065451622009277
2025-09-16,33.5,nppv,5.125518798828125
2025-09-16,33.75,nppv,5.038330078125
2025-09-16,34.0,nppv,4.772445201873779
2025-09-16,34.25,nppv,4.682634353637695
2025-09-16,34.5,nppv,4.542044639587402
2025-09-16,34.75,nppv,4.776946544647217
2025-09-16,35.0,nppv,4.849831581115723
2025-09-16,35.25,nppv,4.564862251281738
2025-09-16,35.5,nppv,4.447055339813232
2025-09-16,35.75,nppv,4.563536643981934
2025-09-16,36.0,nppv,4.6129889488220215
2025-09-16,36.25,nppv,4.558456897735596
2025-09-16,36.5,nppv,4.625860691070557
2025-09-16,36.75,nppv,4.614596843719482
2025-09-16,37.0,nppv,4.542826175689697
2025-09-16,37.25,nppv,4.404329776763916
2025-09-16,37.5,nppv,4.248462200164795
2025-09-16,37.75,nppv,4.1673665046691895
2025-09-16,38.0,nppv,3.98394775390625
2025-09-16,38.25,nppv,3.746011972427368
2025-09-16,38.5,nppv,3.746936559677124
2025-09-16,38.75,nppv,3.85435152053833
2025-09-16,39.0,nppv,4.1092987060546875
2025-09-16,39.25,nppv,3.9848320484161377
2025-09-16,39.5,nppv,4.043862342834473
2025-09-16,39.75,nppv,4.043806552886963
2025-09-16,40.0,nppv,4.253663063049316
2025-09-16,40.25,nppv,4.30449104309082
2025-09-16,40.5,nppv,4.017271518707275
2025-09-16,40.75,nppv,4.0772504806518555
2025-09-16,41.0,nppv,4.0645575523376465
2025-09-16,41.25,nppv,4.161344528198242
2025-09-16,41.5,nppv,4.278700351715088
2025-09-16,41.75,nppv,4.414083003997803
2025-09-16,42.0,nppv,4.519603252410889
2025-09-16,42.25,nppv,4.650092124938965
2025-09-16,42.5,nppv,4.806167125701904
2025-09-16,42.75,nppv,5.017151832580566
2025-09-16,43.0,nppv,5.159779071807861
2025-09-16,43.25,nppv,5.580446720123291
2025-09-16,43.5,nppv,5.924065589904785
2025-09-16,43.75,nppv,6.174005031585693
2025-09-16,44.0,nppv,6.362975120544434
2025-09-16,44.25,nppv,6.657456874847412
2025-09-16,44.5,nppv,6.582861423492432
2025-09-16,44.75,nppv,6.6922383308410645
2025-09-16,45.0,nppv,6.658634185791016
2025-09-16,45.25,nppv,6.6187357902526855
2025-09-16,45.5,nppv,6.606489181518555
2025-09-16,45.75,nppv,6.565430641174316
2025-09-16,46.0,nppv,6.477298736572266
2025-09-16,46.25,nppv,6.254397869110107
2025-09-16,46.5,nppv,6.25322151184082
2025-09-16,46.75,nppv,6.328207015991211
2025-09-16,47.0,nppv,6.3766069412231445
2025-09-16,47.25,nppv,6.648674488067627
2025-09-16,47.5,nppv,6.8620405197143555
2025-09-16,47.75,nppv,7.091113090515137
2025-09-16,48.0,nppv,7.283528804779053
2025-09-16,48.25,nppv,7.570863723754883
2025-09-16,48.5,nppv,8.099723815917969
2025-09-16,48.75,nppv,8.30681037902832
2025-09-16,49.0,nppv,8.744645118713379
2025-09-16,49.25,nppv,8.554426193237305
2025-09-16,49.5,nppv,8.352269172668457
2025-09-16,49.75,nppv,8.01904296875
2025-09-16,50.0,nppv,7.880970478057861
2025-09-16,50.25,nppv,7.911162853240967
2025-09-16,50.5,nppv,8.147616386413574
2025-09-16,50.75,nppv,8.251404762268066
2025-09-16,51.0,nppv,9.031915664672852
2025-09-16,51.25,nppv,9.647442817687988
2025-09-16,51.5,nppv,9.79379653930664
2025-09-16,51.75,nppv,9.943604469299316
2025-09-16,52.0,nppv,10.176875114440918
2025-09-16,52.25,nppv,10.451415061950684
2025-09-16,52.5,nppv,10.359135627746582
2025-09-16,52.75,nppv,10.15568733215332
2025-09-16,53.0,nppv,9.914738655090332
2025-09-16,53.25,nppv,9.745916366577148
2025-09-16,53.5,nppv,9.50631046295166
2025-09-16,53.75,nppv,9.715176582336426
2025-09-16,54.0,nppv,9.915925025939941
2025-09-16,54.25,nppv,10.05868148803711
2025-09-16,54.5,nppv,10.27467155456543
2025-09-16,54.75,nppv,10.459183692932129
2025-09-16,55.0,nppv,10.709572792053223
2025-09-16,55.25,nppv,10.92850399017334
2025-09-16,55.5,nppv,11.072877883911133
2025-09-16,55.75,nppv,10.525665283203125
2025-09-16,56.0,nppv,10.017321586608887
2025-09-16,56.25,nppv,9.735403060913086
2025-09-16,56.5,nppv,9.821540832519531
2025-09-16,56.75,nppv,10.988177299499512
2025-09-16,57.0,nppv,10.742829322814941
2025-09-16,57.25,nppv,10.842236518859863
2025-09-16,57.5,nppv,10.40211296081543
2025-09-16,57.75,nppv,11.218987464904785
2025-09-16,58.0,nppv,11.590678215026855
2025-09-16,58.25,nppv,10.721031188964844
2025-09-16,58.5,nppv,10.041991233825684
2025-09-16,58.75,nppv,10.563101768493652
2025-09-16,59.0,nppv,10.45193862915039
2025-09-16,59.25,nppv,10.099443435668945
2025-09-16,59.5,nppv,10.004937171936035
2025-09-16,59.75,nppv,10.078306198120117
2025-09-16,60.0,nppv,9.385080337524414
2025-09-16,60.25,nppv,8.898438453674316
2025-09-16,60.5,nppv,8.62444019317627
2025-09-16,60.75,nppv,8.528666496276855
2025-09-16,61.0,nppv,8.144617080688477
2025-09-16,61.25,nppv,7.623856067657471
2025-09-16,61.5,nppv,7.148971080780029
2025-09-16,61.75,nppv,6.477618217468262
2025-09-16,62.0,nppv,5.766933441162109
2025-09-16,62.25,nppv,5.152561664581299
2025-09-16,62.5,nppv,4.877566814422607
2025-09-16,62.75,nppv,4.8373565673828125
2025-09-16,63.0,nppv,4.888320446014404
2025-09-16,63.25,nppv,4.860783100128174
2025-09-16,63.5,nppv,4.765276908874512
2025-09-16,63.75,nppv,4.521370887756348
2025-09-16,64.0,nppv,4.32444953918457
2025-09-16,64.25,nppv,4.087462902069092
2025-09-16,64.5,nppv,3.8130340576171875
2025-09-16,64.75,nppv,3.5832202434539795
2025-09-16,65.0,nppv,3.4159018993377686
2025-09-16,65.25,nppv,3.340090036392212
2025-09-16,65.5,nppv,3.3061108589172363
2025-09-16,65.75,nppv,3.2762298583984375
2025-09-16,66.0,nppv,3.251430034637451
2025-09-16,66.25,nppv,3.2208452224731445
2025-09-16,66.5,nppv,3.2124271392822266
2025-09-16,66.75,nppv,3.2166085243225098
2025-09-16,67.0,nppv,3.911559581756592
2025-09-16,67.25,nppv,3.8544344902038574
2025-09-16,67.5,nppv,3.42789363861084
2025-09-16,67.75,nppv,3.4299509525299072
2025-09-16,68.0,nppv,3.3556976318359375
2025-09-16,68.25,nppv,3.3082468509674072
2025-09-16,68.5,nppv,3.300731658935547
2025-09-16,68.75,nppv,3.423372983932495
2025-09-16,69.0,nppv,3.4311416149139404
2025-09-16,69.25,nppv,3.3939878940582275
2025-09-16,69.5,nppv,3.523273229598999
2025-09-16,69.75,nppv,3.4872119426727295
2025-09-16,70.0,nppv,3.4743096828460693
2025-09-16,70.25,nppv,3.6260669231414795
2025-09-16,70.5,nppv,3.690683603286743
2025-09-16,70.75,nppv,3.56508731842041
2025-09-16,71.0,nppv,3.544515371322632
2025-09-16,71.25,nppv,3.583599805831909
2025-09-16,71.5,nppv,3.579702377319336
2025-09-16,71.75,nppv,3.8707621097564697
2025-09-16,72.0,nppv,3.8172943592071533
2025-09-16,72.25,nppv,4.1207404136657715
2025-09-16,72.5,nppv,5.219743728637695
2025-09-16,72.75,nppv,4.427041053771973
2025-09-16,73.0,nppv,4.797685623168945
2025-09-16,73.25,nppv,5.629666805267334
2025-09-16,73.5,nppv,5.540347576141357
2025-09-16,73.75,nppv,5.8655171394348145
2025-09-16,74.0,nppv,5.300141334533691
2025-09-16,74.25,nppv,5.31497049331665
2025-09-16,74.5,nppv,4.996818542480469
2025-09-16,74.75,nppv,4.783506393432617
2025-09-16,75.0,nppv,4.562134265899658
2025-09-16,75.25,nppv,4.559432506561279
2025-09-16,75.5,nppv,4.859006881713867
2025-09-16,75.75,nppv,4.996325969696045
2025-09-16,76.0,nppv,5.190115451812744
2025-09-16,76.25,nppv,4.9081549644470215
2025-09-16,76.5,nppv,5.008784770965576
2025-09-16,76.75,nppv,5.389723777770996
2025-09-16,77.0,nppv,5.717464923858643
2025-09-16,77.25,nppv,5.664754390716553
2025-09-16,77.5,nppv,5.56493616104126
2025-09-16,77.75,nppv,5.444950580596924
2025-09-16,78.0,nppv,5.303223133087158
2025-09-16,78.25,nppv,5.238590240478516
2025-09-16,78.5,nppv,4.982800006866455
2025-09-16,78.75,nppv,4.780486583709717
2025-09-16,79.0,nppv,4.937585353851318
2025-09-16,79.25,nppv,4.966634273529053
2025-09-16,79.5,nppv,5.211453914642334
2025-09-16,79.75,nppv,5.694451332092285
2025-09-16,80.0,nppv,5.991273403167725
2025-09-16,80.25,nppv,5.97877311706543
2025-09-16,80.5,nppv,5.768492698669434
2025-09-16,80.75,nppv,5.637648105621338
2025-09-16,81.0,nppv,5.166387557983398
2025-09-16,81.25,nppv,5.295331954956055
2025-09-16,81.5,nppv,5.964735507965088
2025-09-16,81.75,nppv,5.795809745788574
2025-09-16,82.0,nppv,5.698888301849365
2025-09-16,82.25,nppv,6.102910041809082
2025-09-16,82.5,nppv,6.408935546875
2025-09-16,82.75,nppv,4.2629194259643555
2025-09-16,83.0,nppv,4.249603748321533
2025-09-16,83.25,nppv,4.181421279907227
2025-09-16,83.5,nppv,4.155552864074707
2025-09-16,83.75,nppv,4.152490139007568
2025-09-16,84.0,nppv,4.185137748718262
2025-09-16,84.25,nppv,4.232909679412842
2025-09-16,84.5,nppv,4.285242080688477
2025-09-16,84.75,nppv,4.345794200897217
2025-09-16,85.0,nppv,4.4132819175720215
2025-09-16,85.25,nppv,4.443008899688721
2025-09-16,85.5,nppv,4.516880989074707
2025-09-16,85.75,nppv,4.55396032333374
2025-09-16,86.0,nppv,4.546116352081299
2025-09-16,86.25,nppv,4.71844482421875
2025-09-16,86.5,nppv,4.9967265129089355
2025-09-16,86.75,nppv,5.539140701293945
2025-09-16,87.0,nppv,6.955748081207275
2025-09-16,87.25,nppv,5.138452529907227
2025-09-16,87.5,nppv,5.095698356628418
2025-09-16,87.75,nppv,5.715963363647461
2025-09-16,88.0,nppv,5.774791240692139
2025-09-16,88.25,nppv,5.2248640060424805
2025-09-16,88.5,nppv,5.244842052459717
2025-09-16,88.75,nppv,5.270031929016113
2025-09-16,89.0,nppv,5.253295421600342
2025-09-16,89.25,nppv,5.327182292938232
2025-09-16,89.5,nppv,6.328883647918701
2025-09-16,89.75,nppv,7.249761581420898
2025-09-16,90.0,nppv,8.482792854309082
2025-09-16,90.25,nppv,11.068916320800781
2025-09-16,90.5,nppv,13.24616527557373
2025-09-16,90.75,nppv,19.269203186035156
2025-09-16,91.0,nppv,17.46833038330078
2025-09-16,91.25,nppv,15.15504264831543
2025-09-16,91.5,nppv,13.763113975524902
2025-09-16,91.75,nppv,8.748725891113281
2025-09-16,92.0,nppv,3.359020709991455
2025-09-16,92.25,nppv,3.3548898696899414
2025-09-16,92.5,nppv,3.365173101425171
2025-09-16,92.75,nppv,3.6679883003234863
2025-09-16,93.0,nppv,3.397294759750366
2025-09-16,93.25,nppv,3.2816648483276367
2025-09-16,93.5,nppv,3.26920485496521
2025-09-16,93.75,nppv,3.1542019844055176
2025-09-16,94.0,nppv,3.2877800464630127
2025-09-16,94.25,nppv,4.236265182495117
2025-09-16,94.5,nppv,4.954527378082275
2025-09-16,94.75,nppv,5.159339427947998
2025-09-16,95.0,nppv,4.328955173492432
2025-09-16,95.25,nppv,4.362654685974121
2025-09-16,95.5,nppv,3.720367670059204
2025-09-16,95.75,nppv,4.872791290283203
2025-09-16,96.0,nppv,3.93363881111145
2025-09-16,96.25,nppv,4.192132949829102
2025-09-16,96.5,nppv,3.42740797996521
2025-09-16,96.75,nppv,3.9505460262298584
2025-09-16,97.0,nppv,5.762975692749023
2025-09-16,97.25,nppv,5.0468339920043945
2025-09-16,97.5,nppv,3.7374143600463867
2025-09-16,97.75,nppv,3.6935482025146484
2025-09-16,98.0,nppv,3.890005350112915
2025-09-16,98.25,nppv,3.8487417697906494
2025-09-16,98.5,nppv,4.134310722351074
2025-09-16,98.75,nppv,3.6830646991729736
2025-09-16,99.0,nppv,3.820197820663452
2025-09-16,99.25,nppv,4.031365871429443
2025-09-16,99.5,nppv,3.8639113903045654
2025-09-16,99.75,nppv,4.016961574554443
2025-09-16,100.0,nppv,4.3941779136657715
2025-09-16,100.25,nppv,5.12550687789917
2025-09-16,100.5,nppv,4.96126127243042
2025-09-16,100.75,nppv,4.6690568923950195
2025-09-16,101.0,nppv,4.112932205200195
2025-09-16,101.25,nppv,4.089174270629883
2025-09-16,101.5,nppv,3.8307607173919678
2025-09-16,101.75,nppv,4.062698841094971
2025-09-16,102.0,nppv,3.9266369342803955
2025-09-16,102.25,nppv,3.8531911373138428
2025-09-16,102.5,nppv,3.971730947494507
2025-09-16,102.75,nppv,4.307843208312988
2025-09-16,103.0,nppv,4.31172513961792
2025-09-16,103.25,nppv,4.801517009735107
2025-09-16,103.5,nppv,6.716889381408691
2025-09-16,103.75,nppv,5.347341537475586
2025-09-16,104.0,nppv,5.521392345428467
2025-09-16,104.25,nppv,5.2129807472229
2025-09-16,104.5,nppv,5.056023120880127
2025-09-16,104.75,nppv,5.1931610107421875
2025-09-16,105.0,nppv,4.833990097045898
2025-09-16,105.25,nppv,4.827920436859131
2025-09-16,105.5,nppv,4.830018043518066
2025-09-16,105.75,nppv,6.191720008850098
2025-09-16,106.0,nppv,9.120539665222168
2025-09-16,106.25,nppv,9.218276977539062
2025-09-16,106.5,nppv,8.767885208129883
2025-09-16,106.75,nppv,14.593240737915039
2025-09-16,107.0,nppv,11.195195198059082
2025-09-16,107.25,nppv,9.574268341064453
2025-09-16,107.5,nppv,7.583524227142334
2025-09-16,107.75,nppv,5.7090744972229
2025-09-16,108.0,nppv,5.422285079956055
2025-09-16,108.25,nppv,5.433384418487549
2025-09-16,108.5,nppv,5.901937484741211
2025-09-16,108.75,nppv,6.0700201988220215
2025-09-16,109.0,nppv,6.337284564971924
2025-09-16,109.25,nppv,5.997063159942627
2025-09-16,109.5,nppv,5.981177806854248
2025-09-16,109.75,nppv,5.984664440155029
2025-09-16,110.0,nppv,5.857999801635742
2025-09-16,110.25,nppv,5.789257526397705
2025-09-16,110.5,nppv,6.50801944732666
2025-09-16,110.75,nppv,6.280693531036377
2025-09-16,111.0,nppv,6.356822967529297
2025-09-16,111.25,nppv,5.442135334014893
2025-09-16,111.5,nppv,5.515870571136475
2025-09-16,111.75,nppv,5.534551620483398
2025-09-16,112.0,nppv,5.640829563140869
2025-09-16,112.25,nppv,5.680370807647705
2025-09-16,112.5,nppv,5.569141387939453
2025-09-16,112.75,nppv,5.7344865798950195
2025-09-16,113.0,nppv,7.323320388793945
2025-09-16,113.25,nppv,8.054492950439453
2025-09-16,113.5,nppv,7.836094856262207
2025-09-16,113.75,nppv,10.591416358947754
2025-09-16,114.0,nppv,8.381152153015137
2025-09-16,114.25,nppv,7.470184803009033
2025-09-16,114.5,nppv,7.409549713134766
2025-09-16,114.75,nppv,5.693060398101807
2025-09-16,115.0,nppv,5.309252738952637
2025-09-16,115.25,nppv,5.328798294067383
2025-09-16,115.5,nppv,5.433069229125977
2025-09-16,115.75,nppv,5.245004653930664
2025-09-16,116.0,nppv,5.250063419342041
2025-09-16,116.25,nppv,5.005160331726074
2025-09-16,116.5,nppv,4.8549370765686035
2025-09-16,116.75,nppv,4.474071979522705
2025-09-16,117.0,nppv,5.376534461975098
2025-09-16,117.25,nppv,5.0435919761657715
2025-09-16,117.5,nppv,4.973741054534912
2025-09-16,117.75,nppv,6.581313133239746
2025-09-16,118.0,nppv,6.006274700164795
2025-09-16,118.25,nppv,5.504939556121826
2025-09-16,118.5,nppv,5.279954433441162
2025-09-16,118.75,nppv,5.278339862823486
2025-09-16,119.0,nppv,6.214832782745361
2025-09-16,119.25,nppv,5.349502086639404
2025-09-16,119.5,nppv,4.744451999664307
2025-09-16,119.75,nppv,5.480429172515869
2025-09-16,120.0,nppv,5.629883289337158
2025-09-16,120.25,nppv,6.077528953552246
2025-09-16,120.5,nppv,7.933335304260254
2025-09-16,120.75,nppv,7.617685317993164
2025-09-16,121.0,nppv,10.547443389892578
2025-09-16,121.25,nppv,10.849136352539062
2025-09-16,121.5,nppv,16.07174301147461
2025-09-16,121.75,nppv,15.310769081115723
2025-09-16,122.0,nppv,15.583187103271484
2025-09-16,122.25,nppv,11.502668380737305
2025-09-16,122.5,nppv,6.453168869018555
2025-09-16,122.75,nppv,5.205653190612793
2025-09-16,123.0,nppv,4.637770652770996
2025-09-16,123.25,nppv,4.637673854827881
2025-09-16,123.5,nppv,4.664547443389893
2025-09-16,123.75,nppv,4.727390289306641
2025-09-16,124.0,nppv,4.508310794830322
2025-09-16,124.25,nppv,4.410494327545166
2025-09-16,124.5,nppv,4.459510803222656
2025-09-16,124.75,nppv,4.398281097412109
2025-09-16,125.0,nppv,4.549528121948242
2025-09-16,125.25,nppv,4.734245300292969
2025-09-16,125.5,nppv,4.4024577140808105
2025-09-16,125.75,nppv,4.642176628112793
2025-09-16,126.0,nppv,4.7952470779418945
2025-09-16,126.25,nppv,5.73508358001709
2025-09-16,126.5,nppv,6.01924467086792
2025-09-16,126.75,nppv,4.364861965179443
2025-09-16,127.0,nppv,3.9658377170562744
2025-09-16,127.25,nppv,4.050867080688477
2025-09-16,127.5,nppv,4.049775123596191
2025-09-16,127.75,nppv,4.2984299659729
2025-09-16,128.0,nppv,3.9666450023651123
2025-09-16,128.25,nppv,3.8866710662841797
2025-09-16,128.5,nppv,3.9466962814331055
2025-09-16,128.75,nppv,4.267575740814209
2025-09-16,129.0,nppv,4.34838342666626
2025-09-16,129.25,nppv,4.43009614944458
2025-09-16,129.5,nppv,4.431642055511475
2025-09-16,129.75,nppv,4.210108280181885
2025-09-16,130.0,nppv,4.088645935058594
2025-09-16,130.25,nppv,3.964002847671509
2025-09-16,130.5,nppv,4.742138385772705
2025-09-16,130.75,nppv,3.8106796741485596
2025-09-16,131.0,nppv,3.7616689205169678
2025-09-16,131.25,nppv,4.0460896492004395
2025-09-16,131.5,nppv,3.902031660079956
2025-09-16,131.75,nppv,3.9973127841949463
2025-09-16,132.0,nppv,4.15490198135376
2025-09-16,132.25,nppv,4.195885181427002
2025-09-16,132.5,nppv,4.556786060333252
2025-09-16,132.75,nppv,4.644541263580322
2025-09-16,133.0,nppv,4.391975402832031
2025-09-16,133.25,nppv,4.410157680511475
2025-09-16,133.5,nppv,4.373395919799805
2025-09-16,133.75,nppv,4.020087242126465
2025-09-16,134.0,nppv,3.9651694297790527
2025-09-16,134.25,nppv,4.115355014801025
2025-09-16,134.5,nppv,4.008538246154785
2025-09-16,134.75,nppv,4.4045209884643555
2025-09-16,135.0,nppv,4.515963077545166
2025-09-16,135.25,nppv,4.343560695648193
2025-09-16,135.5,nppv,3.939216136932373
2025-09-16,135.75,nppv,4.102057456970215
2025-09-16,136.0,nppv,4.35888147354126
2025-09-16,136.25,nppv,4.447993278503418
2025-09-16,136.5,nppv,4.541132926940918
2025-09-16,136.75,nppv,5.85511589050293
2025-09-16,137.0,nppv,5.7589921951293945
2025-09-16,137.25,nppv,5.96024227142334
2025-09-16,137.5,nppv,5.211830139160156
2025-09-16,137.75,nppv,4.686172962188721
2025-09-16,138.0,nppv,4.854888439178467
2025-09-16,138.25,nppv,4.76157283782959
2025-09-16,138.5,nppv,4.823867321014404
2025-09-16,138.75,nppv,4.301077365875244
2025-09-16,139.0,nppv,4.003606796264648
2025-09-16,139.25,nppv,4.646640777587891
2025-09-16,139.5,nppv,4.787175178527832
2025-09-16,139.75,nppv,4.822585582733154
2025-09-16,140.0,nppv,3.9852120876312256
2025-09-16,140.25,nppv,3.947890281677246
2025-09-16,140.5,nppv,4.241207122802734
2025-09-16,140.75,nppv,5.233592987060547
2025-09-16,141.0,nppv,5.2603302001953125
2025-09-16,141.25,nppv,6.066993236541748
2025-09-16,141.5,nppv,7.1834588050842285
2025-09-16,141.75,nppv,6.051790714263916
2025-09-16,142.0,nppv,4.604549407958984
2025-09-16,142.25,nppv,4.275763034820557
2025-09-16,142.5,nppv,4.166538715362549
2025-09-16,142.75,nppv,3.769418478012085
2025-09-16,143.0,nppv,4.0413079261779785
2025-09-16,143.25,nppv,4.223469257354736
2025-09-16,143.5,nppv,4.467259407043457
2025-09-16,143.75,nppv,4.819183349609375
2025-09-16,144.0,nppv,5.040081977844238
2025-09-16,144.25,nppv,4.991185665130615
2025-09-16,144.5,nppv,5.016289234161377
2025-09-16,144.75,nppv,5.0604658126831055
2025-09-16,145.0,nppv,4.975414752960205
2025-09-16,145.25,nppv,4.78776741027832
2025-09-16,145.5,nppv,4.630585670471191
2025-09-16,145.75,nppv,4.405977725982666
2025-09-16,146.0,nppv,4.333220958709717
2025-09-16,146.25,nppv,4.372286796569824
2025-09-16,146.5,nppv,4.370380878448486
2025-09-16,146.75,nppv,4.28742790222168
2025-09-16,147.0,nppv,4.320745944976807
2025-09-16,147.25,nppv,4.607129096984863
2025-09-16,147.5,nppv,4.728021621704102
2025-09-16,147.75,nppv,4.5883989334106445
2025-09-16,148.0,nppv,4.720787525177002
2025-09-16,148.25,nppv,4.7794647216796875
2025-09-16,148.5,nppv,4.8153605461120605
2025-09-16,148.75,nppv,4.614909648895264
2025-09-16,149.0,nppv,4.771576404571533
2025-09-16,149.25,nppv,5.0426459312438965
2025-09-16,149.5,nppv,5.172407627105713
2025-09-16,149.75,nppv,5.239286422729492
2025-09-16,150.0,nppv,5.588217258453369
2025-09-16,150.25,nppv,5.767989158630371
2025-09-16,150.5,nppv,5.758016586303711
2025-09-16,150.75,nppv,5.738253116607666
2025-09-16,151.0,nppv,5.682538986206055
2025-09-16,151.25,nppv,5.8439507484436035
2025-09-16,151.5,nppv,5.981348037719727
2025-09-16,151.75,nppv,6.143823623657227
2025-09-16,152.0,nppv,6.042092800140381
2025-09-16,152.25,nppv,6.477108955383301
2025-09-16,152.5,nppv,6.634475231170654
2025-09-16,152.75,nppv,6.8281073570251465
2025-09-16,153.0,nppv,7.109772682189941
2025-09-16,153.25,nppv,7.404433727264404
2025-09-16,153.5,nppv,7.390617370605469
2025-09-16,153.75,nppv,7.478366374969482
2025-09-16,154.0,nppv,7.2633562088012695
2025-09-16,154.25,nppv,6.924610137939453
2025-09-16,154.5,nppv,6.707534313201904
2025-09-16,154.75,nppv,6.669095516204834
2025-09-16,155.0,nppv,6.923468112945557
2025-09-16,155.25,nppv,7.191449165344238
2025-09-16,155.5,nppv,7.126372814178467
2025-09-16,155.75,nppv,6.926109313964844
2025-09-16,156.0,nppv,6.604249954223633
2025-09-16,156.25,nppv,6.517685413360596
2025-09-16,156.5,nppv,6.3192138671875
2025-09-16,156.75,nppv,6.044569492340088
2025-09-16,157.0,nppv,5.830049991607666
2025-09-16,157.25,nppv,5.727457046508789
2025-09-16,157.5,nppv,5.703433036804199
2025-09-16,157.75,nppv,5.694012641906738
2025-09-16,158.0,nppv,5.654050827026367
2025-09-16,158.25,nppv,5.678722858428955
2025-09-16,158.5,nppv,5.759173393249512
2025-09-16,158.75,nppv,5.7629475593566895
2025-09-16,159.0,nppv,5.73851203918457
2025-09-16,159.25,nppv,5.672412872314453
2025-09-16,159.5,nppv,5.501161575317383
2025-09-16,159.75,nppv,5.569925785064697
2025-09-16,160.0,nppv,5.560647487640381
2025-09-16,160.25,nppv,5.623767375946045
2025-09-16,160.5,nppv,5.53121280670166
2025-09-16,160.75,nppv,5.514678001403809
2025-09-16,161.0,nppv,5.348996639251709
2025-09-16,161.25,nppv,5.286641597747803
2025-09-16,161.5,nppv,5.17755126953125
2025-09-16,161.75,nppv,5.31032133102417
2025-09-16,162.0,nppv,5.433287143707275
2025-09-16,162.25,nppv,5.595265865325928
2025-09-16,162.5,nppv,5.343974590301514
2025-09-16,162.75,nppv,5.042047500610352
2025-09-16,163.0,nppv,5.086634635925293
2025-09-16,163.25,nppv,5.346846580505371
2025-09-16,163.5,nppv,5.2680583000183105
2025-09-16,163.75,nppv,5.130621433258057
2025-09-16,164.0,nppv,4.921691417694092
2025-09-16,164.25,nppv,4.9226531982421875
2025-09-16,164.5,nppv,4.893863677978516
2025-09-16,164.75,nppv,4.916258335113525
2025-09-16,165.0,nppv,4.98751974105835
2025-09-16,165.25,nppv,5.049188137054443
2025-09-16,165.5,nppv,5.087972164154053
2025-09-16,165.75,nppv,5.054850101470947
2025-09-16,166.0,nppv,4.990890026092529
2025-09-16,166.25,nppv,4.93223237991333
2025-09-16,166.5,nppv,5.021144866943359
2025-09-16,166.75,nppv,5.078132629394531
2025-09-16,167.0,nppv,5.221367835998535
2025-09-16,167.25,nppv,5.29165506362915
2025-09-16,167.5,nppv,5.224221229553223
2025-09-16,167.75,nppv,5.234096527099609
2025-09-16,168.0,nppv,5.226339340209961
2025-09-16,168.25,nppv,5.228156089782715
2025-09-16,168.5,nppv,5.1154890060424805
2025-09-16,168.75,nppv,5.0817060470581055
2025-09-16,169.0,nppv,5.045444011688232
2025-09-16,169.25,nppv,4.958287715911865
2025-09-16,169.5,nppv,5.014495372772217
2025-09-16,169.75,nppv,4.876955032348633
2025-09-16,170.0,nppv,4.760158061981201
2025-09-16,170.25,nppv,4.888335227966309
2025-09-16,170.5,nppv,4.943101406097412
2025-09-16,170.75,nppv,5.137298583984375
2025-09-16,171.0,nppv,5.268733978271484
2025-09-16,171.25,nppv,5.692607879638672
2025-09-16,171.5,nppv,5.664402008056641
2025-09-16,171.75,nppv,5.58896541595459
2025-09-16,172.0,nppv,5.555971622467041
2025-09-16,172.25,nppv,5.609954357147217
2025-09-16,172.5,nppv,5.801300048828125
2025-09-16,172.75,nppv,5.924781799316406
2025-09-16,173.0,nppv,6.0776262283325195
2025-09-16,173.25,nppv,6.202447891235352
2025-09-16,173.5,nppv,5.835587501525879
2025-09-16,173.75,nppv,5.8346333503723145
2025-09-16,174.0,nppv,5.8771281242370605
2025-09-16,174.25,nppv,6.077957630157471
2025-09-16,174.5,nppv,5.771015644073486
2025-09-16,174.75,nppv,5.573286056518555
2025-09-16,175.0,nppv,5.517458915710449
2025-09-16,175.25,nppv,5.269381523132324
2025-09-16,175.5,nppv,5.223793029785156
2025-09-16,175.75,nppv,5.262636661529541
2025-09-16,176.0,nppv,5.32390022277832
2025-09-16,176.25,nppv,5.34748649597168
2025-09-16,176.5,nppv,5.368278980255127
2025-09-16,176.75,nppv,5.307386875152588
2025-09-16,177.0,nppv,5.539499282836914
2025-09-16,177.25,nppv,5.418358325958252
2025-09-16,177.5,nppv,5.3684210777282715
2025-09-16,177.75,nppv,5.306526184082031
2025-09-16,178.0,nppv,5.224734306335449
2025-09-16,178.25,nppv,5.272871494293213
2025-09-16,178.5,nppv,5.245962142944336
2025-09-16,178.75,nppv,5.300450801849365
2025-09-16,179.0,nppv,5.374283790588379
2025-09-16,179.25,nppv,5.494096279144287
2025-09-16,179.5,nppv,5.644125461578369
2025-09-16,179.75,nppv,5.737820625305176
2025-09-16,-180.0,o2,267.38470458984375
2025-09-16,-179.75,o2,267.6145324707031
2025-09-16,-179.5,o2,267.6782531738281
2025-09-16,-179.25,o2,267.998046875
2025-09-16,-179.0,o2,267.9792175292969
2025-09-16,-178.75,o2,268.0225524902344
2025-09-16,-178.5,o2,268.0854797363281
2025-09-16,-178.25,o2,267.9757385253906
2025-09-16,-178.0,o2,267.9605712890625
2025-09-16,-177.75,o2,268.0885925292969
2025-09-16,-177.5,o2,268.1492614746094
2025-09-16,-177.25,o2,268.2970275878906
2025-09-16,-177.0,o2,268.3042907714844
2025-09-16,-176.75,o2,268.3420104980469
2025-09-16,-176.5,o2,268.2176513671875
2025-09-16,-176.25,o2,268.26617431640625
2025-09-16,-176.0,o2,268.2724609375
2025-09-16,-175.75,o2,268.21044921875
2025-09-16,-175.5,o2,268.07366943359375
2025-09-16,-175.25,o2,268.1403503417969
2025-09-16,-175.0,o2,268.03411865234375
2025-09-16,-174.75,o2,268.0627136230469
2025-09-16,-174.5,o2,267.964111328125
2025-09-16,-174.25,o2,267.6546630859375
2025-09-16,-174.0,o2,267.47845458984375
2025-09-16,-173.75,o2,267.239013671875
2025-09-16,-173.5,o2,267.1779479980469
2025-09-16,-173.25,o2,267.2244873046875
2025-09-16,-173.0,o2,267.21624755859375
2025-09-16,-172.75,o2,267.3204345703125
2025-09-16,-172.5,o2,267.5123596191406
2025-09-16,-172.25,o2,267.7206115722656
2025-09-16,-172.0,o2,267.8504943847656
2025-09-16,-171.75,o2,267.76202392578125
2025-09-16,-171.5,o2,267.81475830078125
2025-09-16,-171.25,o2,267.8382263183594
2025-09-16,-171.0,o2,267.78118896484375
2025-09-16,-170.75,o2,267.81524658203125
2025-09-16,-170.5,o2,267.85870361328125
2025-09-16,-170.25,o2,267.7544860839844
2025-09-16,-170.0,o2,267.9649353027344
2025-09-16,-169.75,o2,267.9684143066406
2025-09-16,-169.5,o2,267.94342041015625
2025-09-16,-169.25,o2,267.90972900390625
2025-09-16,-169.0,o2,267.7445983886719
2025-09-16,-168.75,o2,267.4781494140625
2025-09-16,-168.5,o2,267.2381591796875
2025-09-16,-168.25,o2,267.0274963378906
2025-09-16,-168.0,o2,266.8939514160156
2025-09-16,-167.75,o2,266.7306213378906
2025-09-16,-167.5,o2,266.6195983886719
2025-09-16,-167.25,o2,266.53900146484375
2025-09-16,-167.0,o2,266.32745361328125
2025-09-16,-166.75,o2,266.2760009765625
2025-09-16,-166.5,o2,266.15289306640625
2025-09-16,-166.25,o2,266.0606384277344
2025-09-16,-166.0,o2,265.9351806640625
2025-09-16,-165.75,o2,265.661376953125
2025-09-16,-165.5,o2,265.4855651855469
2025-09-16,-165.25,o2,265.3356628417969
2025-09-16,-165.0,o2,265.1018981933594
2025-09-16,-164.75,o2,264.9217834472656
2025-09-16,-164.5,o2,264.79034423828125
2025-09-16,-164.25,o2,264.7335205078125
2025-09-16,-164.0,o2,264.73455810546875
2025-09-16,-163.75,o2,264.7380065917969
2025-09-16,-163.5,o2,264.8254699707031
2025-09-16,-163.25,o2,264.8509216308594
2025-09-16,-163.0,o2,264.7745361328125
2025-09-16,-162.75,o2,264.7048645019531
2025-09-16,-162.5,o2,264.6846008300781
2025-09-16,-162.25,o2,264.5577087402344
2025-09-16,-162.0,o2,264.3852233886719
2025-09-16,-161.75,o2,264.2001037597656
2025-09-16,-161.5,o2,264.1877746582031
2025-09-16,-161.25,o2,264.0498962402344
2025-09-16,-161.0,o2,263.94989013671875
2025-09-16,-160.75,o2,263.892578125
2025-09-16,-160.5,o2,263.9437255859375
2025-09-16,-160.25,o2,263.9888000488281
2025-09-16,-160.0,o2,264.0093688964844
2025-09-16,-159.75,o2,264.05340576171875
2025-09-16,-159.5,o2,264.1449890136719
2025-09-16,-159.25,o2,264.05572509765625
2025-09-16,-159.0,o2,263.8905029296875
2025-09-16,-158.75,o2,263.82623291015625
2025-09-16,-158.5,o2,263.7662048339844
2025-09-16,-158.25,o2,263.6712341308594
2025-09-16,-158.0,o2,263.71392822265625
2025-09-16,-157.75,o2,263.4231262207031
2025-09-16,-157.5,o2,263.3662109375
2025-09-16,-157.25,o2,263.29742431640625
2025-09-16,-157.0,o2,263.1190185546875
2025-09-16,-156.75,o2,263.09222412109375
2025-09-16,-156.5,o2,263.2214660644531
2025-09-16,-156.25,o2,263.2802734375
2025-09-16,-156.0,o2,263.2178955078125
2025-09-16,-155.75,o2,263.6631164550781
2025-09-16,-155.5,o2,263.6944580078125
2025-09-16,-155.25,o2,263.6244812011719
2025-09-16,-155.0,o2,263.3955078125
2025-09-16,-154.75,o2,263.4039001464844
2025-09-16,-154.5,o2,263.4378967285156
2025-09-16,-154.25,o2,263.5151062011719
2025-09-16,-154.0,o2,263.6214904785156
2025-09-16,-153.75,o2,263.64556884765625
2025-09-16,-153.5,o2,263.7131042480469
2025-09-16,-153.25,o2,263.8015441894531
2025-09-16,-153.0,o2,263.93426513671875
2025-09-16,-152.75,o2,263.9593811035156
2025-09-16,-152.5,o2,264.1104431152344
2025-09-16,-152.25,o2,264.1697998046875
2025-09-16,-152.0,o2,264.3004150390625
2025-09-16,-151.75,o2,264.2518615722656
2025-09-16,-151.5,o2,264.2156066894531
2025-09-16,-151.25,o2,264.1419677734375
2025-09-16,-151.0,o2,264.07537841796875
2025-09-16,-150.75,o2,263.9780578613281
2025-09-16,-150.5,o2,263.812255859375
2025-09-16,-150.25,o2,263.8176574707031
2025-09-16,-150.0,o2,263.848388671875
2025-09-16,-149.75,o2,263.95599365234375
2025-09-16,-149.5,o2,264.09112548828125
2025-09-16,-149.25,o2,264.2135314941406
2025-09-16,-149.0,o2,264.241455078125
2025-09-16,-148.75,o2,264.1899108886719
2025-09-16,-148.5,o2,264.1956481933594
2025-09-16,-148.25,o2,264.4620361328125
2025-09-16,-148.0,o2,264.3576354980469
2025-09-16,-147.75,o2,264.3238220214844
2025-09-16,-147.5,o2,264.33905029296875
2025-09-16,-147.25,o2,264.101318359375
2025-09-16,-147.0,o2,264.1219482421875
2025-09-16,-146.75,o2,264.28204345703125
2025-09-16,-146.5,o2,263.93804931640625
2025-09-16,-146.25,o2,263.9744567871094
2025-09-16,-146.0,o2,264.0437316894531
2025-09-16,-145.75,o2,263.9397888183594
2025-09-16,-145.5,o2,263.9275817871094
2025-09-16,-145.25,o2,263.950927734375
2025-09-16,-145.0,o2,263.9972839355469
2025-09-16,-144.75,o2,264.0279235839844
2025-09-16,-144.5,o2,263.91229248046875
2025-09-16,-144.25,o2,263.7908020019531
2025-09-16,-144.0,o2,263.72430419921875
2025-09-16,-143.75,o2,263.39788818359375
2025-09-16,-143.5,o2,263.1553649902344
2025-09-16,-143.25,o2,263.147216796875
2025-09-16,-143.0,o2,262.9816589355469
2025-09-16,-142.75,o2,263.0770263671875
2025-09-16,-142.5,o2,263.1274719238281
2025-09-16,-142.25,o2,263.1305236816406
2025-09-16,-142.0,o2,263.0605773925781
2025-09-16,-141.75,o2,263.304443359375
2025-09-16,-141.5,o2,263.37548828125
2025-09-16,-141.25,o2,263.4114990234375
2025-09-16,-141.0,o2,263.44317626953125
2025-09-16,-140.75,o2,263.489013671875
2025-09-16,-140.5,o2,263.51739501953125
2025-09-16,-140.25,o2,263.72052001953125
2025-09-16,-140.0,o2,263.6273498535156
2025-09-16,-139.75,o2,263.7626647949219
2025-09-16,-139.5,o2,263.60418701171875
2025-09-16,-139.25,o2,263.4920349121094
2025-09-16,-139.0,o2,263.5168151855469
2025-09-16,-138.75,o2,263.561279296875
2025-09-16,-138.5,o2,263.7292175292969
2025-09-16,-138.25,o2,263.78466796875
2025-09-16,-138.0,o2,263.886962890625
2025-09-16,-137.75,o2,263.8444519042969
2025-09-16,-137.5,o2,263.6453857421875
2025-09-16,-137.25,o2,263.5682373046875
2025-09-16,-137.0,o2,263.5884094238281
2025-09-16,-136.75,o2,263.57940673828125
2025-09-16,-136.5,o2,263.44384765625
2025-09-16,-136.25,o2,263.3650207519531
2025-09-16,-136.0,o2,263.166015625
2025-09-16,-135.75,o2,263.0284423828125
2025-09-16,-135.5,o2,263.001708984375
2025-09-16,-135.25,o2,262.9490051269531
2025-09-16,-135.0,o2,262.91815185546875
2025-09-16,-134.75,o2,262.9558410644531
2025-09-16,-134.5,o2,263.19952392578125
2025-09-16,-134.25,o2,263.34881591796875
2025-09-16,-134.0,o2,263.478759765625
2025-09-16,-133.75,o2,263.6855163574219
2025-09-16,-133.5,o2,263.2840881347656
2025-09-16,-133.25,o2,263.2659606933594
2025-09-16,-133.0,o2,263.31695556640625
2025-09-16,-132.75,o2,263.2719421386719
2025-09-16,-132.5,o2,263.3047180175781
2025-09-16,-132.25,o2,263.3107604980469
2025-09-16,-132.0,o2,263.34564208984375
2025-09-16,-131.75,o2,263.22625732421875
2025-09-16,-131.5,o2,263.2112121582031
2025-09-16,-131.25,o2,263.2065124511719
2025-09-16,-131.0,o2,263.22381591796875
2025-09-16,-130.75,o2,263.2654113769531
2025-09-16,-130.5,o2,263.15985107421875
2025-09-16,-130.25,o2,263.11614990234375
2025-09-16,-130.0,o2,263.2866516113281
2025-09-16,-129.75,o2,263.48968505859375
2025-09-16,-129.5,o2,263.6658630371094
2025-09-16,-129.25,o2,263.8247985839844
2025-09-16,-129.0,o2,263.9186706542969
2025-09-16,-128.75,o2,264.0595397949219
2025-09-16,-128.5,o2,264.10601806640625
2025-09-16,-128.25,o2,264.2030029296875
2025-09-16,-128.0,o2,264.1959228515625
2025-09-16,-127.75,o2,264.023681640625
2025-09-16,-127.5,o2,264.1576843261719
2025-09-16,-127.25,o2,264.47589111328125
2025-09-16,-127.0,o2,264.5083312988281
2025-09-16,-126.75,o2,264.6202697753906
2025-09-16,-126.5,o2,264.6471862792969
2025-09-16,-126.25,o2,264.9189453125
2025-09-16,-126.0,o2,265.2539367675781
2025-09-16,-125.75,o2,265.4721984863281
2025-09-16,-125.5,o2,265.64215087890625
2025-09-16,-125.25,o2,265.7492370605469
2025-09-16,-125.0,o2,265.54766845703125
2025-09-16,-124.75,o2,265.22607421875
2025-09-16,-124.5,o2,265.5369567871094
2025-09-16,-124.25,o2,265.22003173828125
2025-09-16,-124.0,o2,264.5155944824219
2025-09-16,-123.75,o2,264.3887634277344
2025-09-16,-123.5,o2,264.2683410644531
2025-09-16,-123.25,o2,263.9716796875
2025-09-16,-123.0,o2,264.05462646484375
2025-09-16,-122.75,o2,264.1661071777344
2025-09-16,-122.5,o2,264.4734802246094
2025-09-16,-122.25,o2,264.6315612792969
2025-09-16,-122.0,o2,264.58465576171875
2025-09-16,-121.75,o2,264.82537841796875
2025-09-16,-121.5,o2,264.88641357421875
2025-09-16,-121.25,o2,264.6037902832031
2025-09-16,-121.0,o2,264.5942687988281
2025-09-16,-120.75,o2,265.17413330078125
2025-09-16,-120.5,o2,265.3200378417969
2025-09-16,-120.25,o2,265.5107116699219
2025-09-16,-120.0,o2,265.5657653808594
2025-09-16,-119.75,o2,265.8279724121094
2025-09-16,-119.5,o2,265.6518249511719
2025-09-16,-119.25,o2,265.87542724609375
2025-09-16,-119.0,o2,265.7164001464844
2025-09-16,-118.75,o2,266.4472961425781
2025-09-16,-118.5,o2,266.0476989746094
2025-09-16,-118.25,o2,265.93316650390625
2025-09-16,-118.0,o2,265.99151611328125
2025-09-16,-117.75,o2,266.352294921875
2025-09-16,-117.5,o2,266.1488037109375
2025-09-16,-117.25,o2,266.1832275390625
2025-09-16,-117.0,o2,266.40576171875
2025-09-16,-116.75,o2,265.9470520019531
2025-09-16,-116.5,o2,265.7739562988281
2025-09-16,-116.25,o2,266.023681640625
2025-09-16,-116.0,o2,266.45220947265625
2025-09-16,-115.75,o2,266.4162902832031
2025-09-16,-115.5,o2,266.65875244140625
2025-09-16,-115.25,o2,266.6475524902344
2025-09-16,-115.0,o2,266.68756103515625
2025-09-16,-114.75,o2,266.44586181640625
2025-09-16,-114.5,o2,266.4972229003906
2025-09-16,-114.25,o2,266.6024475097656
2025-09-16,-114.0,o2,267.7568054199219
2025-09-16,-113.75,o2,267.59527587890625
2025-09-16,-113.5,o2,266.9851989746094
2025-09-16,-113.25,o2,266.5964660644531
2025-09-16,-113.0,o2,266.2509460449219
2025-09-16,-112.75,o2,266.1328430175781
2025-09-16,-112.5,o2,266.2214050292969
2025-09-16,-112.25,o2,266.87921142578125
2025-09-16,-112.0,o2,267.1866760253906
2025-09-16,-111.75,o2,267.69952392578125
2025-09-16,-111.5,o2,267.9783020019531
2025-09-16,-111.25,o2,267.4747009277344
2025-09-16,-111.0,o2,267.50946044921875
2025-09-16,-110.75,o2,267.7230224609375
2025-09-16,-110.5,o2,268.3074035644531
2025-09-16,-110.25,o2,268.42926025390625
2025-09-16,-110.0,o2,268.1482849121094
2025-09-16,-109.75,o2,267.7645263671875
2025-09-16,-109.5,o2,267.4329528808594
2025-09-16,-109.25,o2,267.9674072265625
2025-09-16,-109.0,o2,268.1335754394531
2025-09-16,-108.75,o2,267.6576232910156
2025-09-16,-108.5,o2,268.8514099121094
2025-09-16,-108.25,o2,269.5444030761719
2025-09-16,-108.0,o2,269.3706359863281
2025-09-16,-107.75,o2,268.61395263671875
2025-09-16,-107.5,o2,269.03765869140625
2025-09-16,-107.25,o2,268.7737121582031
2025-09-16,-107.0,o2,268.9940185546875
2025-09-16,-106.75,o2,269.6181335449219
2025-09-16,-106.5,o2,269.8195495605469
2025-09-16,-106.25,o2,270.3656921386719
2025-09-16,-106.0,o2,270.75054931640625
2025-09-16,-105.75,o2,271.0653381347656
2025-09-16,-105.5,o2,272.4378967285156
2025-09-16,-105.25,o2,273.7315673828125
2025-09-16,-105.0,o2,274.7160949707031
2025-09-16,-104.75,o2,274.56036376953125
2025-09-16,-104.5,o2,276.07623291015625
2025-09-16,-104.25,o2,275.68231201171875
2025-09-16,-104.0,o2,276.14190673828125
2025-09-16,-103.75,o2,276.91705322265625
2025-09-16,-103.5,o2,277.0740966796875
2025-09-16,-103.25,o2,277.0062255859375
2025-09-16,-103.0,o2,277.0908508300781
2025-09-16,-102.75,o2,277.4462890625
2025-09-16,-102.5,o2,277.4984436035156
2025-09-16,-102.25,o2,277.15570068359375
2025-09-16,-102.0,o2,276.9068603515625
2025-09-16,-101.75,o2,276.2105407714844
2025-09-16,-101.5,o2,276.4649353027344
2025-09-16,-101.25,o2,276.6057434082031
2025-09-16,-101.0,o2,276.7876281738281
2025-09-16,-100.75,o2,276.7751159667969
2025-09-16,-100.5,o2,276.2759094238281
2025-09-16,-100.25,o2,275.0623779296875
2025-09-16,-100.0,o2,274.98443603515625
2025-09-16,-99.75,o2,275.3206481933594
2025-09-16,-99.5,o2,275.7685852050781
2025-09-16,-99.25,o2,276.244384765625
2025-09-16,-99.0,o2,276.1016845703125
2025-09-16,-98.75,o2,276.0319519042969
2025-09-16,-98.5,o2,275.3695068359375
2025-09-16,-98.25,o2,275.7589111328125
2025-09-16,-98.0,o2,276.20947265625
2025-09-16,-97.75,o2,276.27496337890625
2025-09-16,-97.5,o2,274.80450439453125
2025-09-16,-97.25,o2,273.76885986328125
2025-09-16,-97.0,o2,273.0765380859375
2025-09-16,-96.75,o2,272.3009033203125
2025-09-16,-96.5,o2,272.8372802734375
2025-09-16,-96.25,o2,272.6871643066406
2025-09-16,-96.0,o2,271.90716552734375
2025-09-16,-95.75,o2,271.6585998535156
2025-09-16,-95.5,o2,270.8282775878906
2025-09-16,-95.25,o2,268.814453125
2025-09-16,-95.0,o2,267.1962890625
2025-09-16,-94.75,o2,267.18780517578125
2025-09-16,-94.5,o2,266.5947265625
2025-09-16,-94.25,o2,267.5291442871094
2025-09-16,-94.0,o2,267.7406311035156
2025-09-16,-93.75,o2,267.82000732421875
2025-09-16,-93.5,o2,269.063720703125
2025-09-16,-93.25,o2,269.5875244140625
2025-09-16,-93.0,o2,270.1716003417969
2025-09-16,-92.75,o2,271.27301025390625
2025-09-16,-92.5,o2,270.9709167480469
2025-09-16,-92.25,o2,271.8020324707031
2025-09-16,-92.0,o2,271.6973571777344
2025-09-16,-91.75,o2,272.2581481933594
2025-09-16,-91.5,o2,272.25091552734375
2025-09-16,-91.25,o2,273.3424377441406
2025-09-16,-91.0,o2,273.2373352050781
2025-09-16,-90.75,o2,273.14764404296875
2025-09-16,-90.5,o2,274.1759033203125
2025-09-16,-90.25,o2,276.09259033203125
2025-09-16,-90.0,o2,276.00537109375
2025-09-16,-89.75,o2,275.4344482421875
2025-09-16,-89.5,o2,274.8927917480469
2025-09-16,-89.25,o2,274.07916259765625
2025-09-16,-89.0,o2,274.5898742675781
2025-09-16,-88.75,o2,273.6153259277344
2025-09-16,-88.5,o2,273.073486328125
2025-09-16,-88.25,o2,272.6518249511719
2025-09-16,-88.0,o2,272.3509216308594
2025-09-16,-87.75,o2,273.5105285644531
2025-09-16,-87.5,o2,273.4993591308594
2025-09-16,-87.25,o2,273.4757995605469
2025-09-16,-87.0,o2,273.0015869140625
2025-09-16,-86.75,o2,272.4276428222656
2025-09-16,-86.5,o2,273.0958557128906
2025-09-16,-86.25,o2,273.9062805175781
2025-09-16,-86.0,o2,273.9118957519531
2025-09-16,-85.75,o2,274.09539794921875
2025-09-16,-85.5,o2,274.0872802734375
2025-09-16,-85.25,o2,273.55499267578125
2025-09-16,-85.0,o2,273.18780517578125
2025-09-16,-84.75,o2,272.9438171386719
2025-09-16,-84.5,o2,273.2106628417969
2025-09-16,-84.25,o2,273.31256103515625
2025-09-16,-84.0,o2,273.444580078125
2025-09-16,-83.75,o2,272.903076171875
2025-09-16,-83.5,o2,271.7406005859375
2025-09-16,-83.25,o2,271.26434326171875
2025-09-16,-83.0,o2,270.903564453125
2025-09-16,-82.75,o2,271.13568115234375
2025-09-16,-82.5,o2,271.36737060546875
2025-09-16,-82.25,o2,272.41070556640625
2025-09-16,-82.0,o2,272.5289001464844
2025-09-16,-81.75,o2,274.07464599609375
2025-09-16,-81.5,o2,274.93072509765625
2025-09-16,-81.25,o2,275.01934814453125
2025-09-16,-81.0,o2,274.87750244140625
2025-09-16,-80.75,o2,276.8074645996094
2025-09-16,-80.5,o2,276.800048828125
2025-09-16,-80.25,o2,276.3202819824219
2025-09-16,-80.0,o2,275.2568054199219
2025-09-16,-79.75,o2,274.9015197753906
2025-09-16,-79.5,o2,275.2834777832031
2025-09-16,-79.25,o2,275.289306640625
2025-09-16,-79.0,o2,275.0332336425781
2025-09-16,-78.75,o2,274.92974853515625
2025-09-16,-78.5,o2,275.5673828125
2025-09-16,-78.25,o2,276.9975280761719
2025-09-16,-78.0,o2,277.2220153808594
2025-09-16,-77.75,o2,277.099365234375
2025-09-16,-77.5,o2,277.0428466796875
2025-09-16,-77.25,o2,278.64141845703125
2025-09-16,-77.0,o2,278.11358642578125
2025-09-16,-76.75,o2,277.6322937011719
2025-09-16,-76.5,o2,276.88189697265625
2025-09-16,-76.25,o2,276.7867126464844
2025-09-16,-76.0,o2,277.044677734375
2025-09-16,-75.75,o2,277.8758544921875
2025-09-16,-75.5,o2,278.5513610839844
2025-09-16,-75.25,o2,278.5409240722656
2025-09-16,-75.0,o2,279.76092529296875
2025-09-16,-74.75,o2,279.4864501953125
2025-09-16,-74.5,o2,278.0552978515625
2025-09-16,-74.25,o2,277.7027587890625
2025-09-16,-74.0,o2,277.33074951171875
2025-09-16,-73.75,o2,277.2097473144531
2025-09-16,-73.5,o2,276.9569396972656
2025-09-16,-73.25,o2,277.3048095703125
2025-09-16,-73.0,o2,277.2178649902344
2025-09-16,-72.75,o2,275.64892578125
2025-09-16,-72.5,o2,275.2146911621094
2025-09-16,-72.25,o2,273.756103515625
2025-09-16,-72.0,o2,272.46942138671875
2025-09-16,-71.75,o2,270.9727783203125
2025-09-16,-71.5,o2,274.5185241699219
2025-09-16,-71.25,o2,275.66571044921875
2025-09-16,-71.0,o2,274.0904541015625
2025-09-16,-70.75,o2,272.4313659667969
2025-09-16,-70.5,o2,275.1073913574219
2025-09-16,-70.25,o2,276.16778564453125
2025-09-16,-70.0,o2,279.9127197265625
2025-09-16,-69.75,o2,278.66217041015625
2025-09-16,-69.5,o2,280.54345703125
2025-09-16,-69.25,o2,281.0892639160156
2025-09-16,-69.0,o2,281.84783935546875
2025-09-16,-68.75,o2,281.6820068359375
2025-09-16,-68.5,o2,280.40484619140625
2025-09-16,-68.25,o2,280.0730285644531
2025-09-16,-68.0,o2,280.3444519042969
2025-09-16,-67.75,o2,279.97052001953125
2025-09-16,-67.5,o2,280.7672424316406
2025-09-16,-67.25,o2,281.7360534667969
2025-09-16,-67.0,o2,282.3017272949219
2025-09-16,-66.75,o2,282.80633544921875
2025-09-16,-66.5,o2,282.87945556640625
2025-09-16,-66.25,o2,283.0193786621094
2025-09-16,-66.0,o2,282.7425231933594
2025-09-16,-65.75,o2,282.9847106933594
2025-09-16,-65.5,o2,283.1348571777344
2025-09-16,-65.25,o2,282.75238037109375
2025-09-16,-65.0,o2,281.520263671875
2025-09-16,-64.75,o2,282.1407165527344
2025-09-16,-64.5,o2,282.4671936035156
2025-09-16,-64.25,o2,282.7936706542969
2025-09-16,-64.0,o2,281.5752868652344
2025-09-16,-63.75,o2,281.44354248046875
2025-09-16,-63.5,o2,281.4172058105469
2025-09-16,-63.25,o2,281.9715270996094
2025-09-16,-63.0,o2,282.8991394042969
2025-09-16,-62.75,o2,283.0852355957031
2025-09-16,-62.5,o2,282.6600036621094
2025-09-16,-62.25,o2,282.9367370605469
2025-09-16,-62.0,o2,282.4966735839844
2025-09-16,-61.75,o2,283.9538269042969
2025-09-16,-61.5,o2,283.6180725097656
2025-09-16,-61.25,o2,285.6177978515625
2025-09-16,-61.0,o2,286.30230712890625
2025-09-16,-60.75,o2,285.4596252441406
2025-09-16,-60.5,o2,285.8118896484375
2025-09-16,-60.25,o2,285.84765625
2025-09-16,-60.0,o2,286.2207946777344
2025-09-16,-59.75,o2,287.0012512207031
2025-09-16,-59.5,o2,287.6130676269531
2025-09-16,-59.25,o2,287.3531799316406
2025-09-16,-59.0,o2,287.0585021972656
2025-09-16,-58.75,o2,286.658935546875
2025-09-16,-58.5,o2,286.4176025390625
2025-09-16,-58.25,o2,285.47491455078125
2025-09-16,-58.0,o2,285.4396667480469
2025-09-16,-57.75,o2,285.04937744140625
2025-09-16,-57.5,o2,284.3137512207031
2025-09-16,-57.25,o2,284.1352233886719
2025-09-16,-57.0,o2,283.9347229003906
2025-09-16,-56.75,o2,284.09625244140625
2025-09-16,-56.5,o2,283.9759521484375
2025-09-16,-56.25,o2,283.60968017578125
2025-09-16,-56.0,o2,283.7127685546875
2025-09-16,-55.75,o2,284.1333312988281
2025-09-16,-55.5,o2,284.33074951171875
2025-09-16,-55.25,o2,284.5731506347656
2025-09-16,-55.0,o2,284.2804260253906
2025-09-16,-54.75,o2,283.9744873046875
2025-09-16,-54.5,o2,283.72198486328125
2025-09-16,-54.25,o2,283.6292724609375
2025-09-16,-54.0,o2,283.5054626464844
2025-09-16,-53.75,o2,283.01837158203125
2025-09-16,-53.5,o2,282.5448913574219
2025-09-16,-53.25,o2,282.0351257324219
2025-09-16,-53.0,o2,281.9466247558594
2025-09-16,-52.75,o2,281.7120361328125
2025-09-16,-52.5,o2,281.5322265625
2025-09-16,-52.25,o2,281.3026428222656
2025-09-16,-52.0,o2,280.5865478515625
2025-09-16,-51.75,o2,279.5792541503906
2025-09-16,-51.5,o2,278.8455810546875
2025-09-16,-51.25,o2,277.81353759765625
2025-09-16,-51.0,o2,276.2839050292969
2025-09-16,-50.75,o2,275.4116516113281
2025-09-16,-50.5,o2,274.8909912109375
2025-09-16,-50.25,o2,274.0425109863281
2025-09-16,-50.0,o2,273.4282531738281
2025-09-16,-49.75,o2,272.80242919921875
2025-09-16,-49.5,o2,272.1508483886719
2025-09-16,-49.25,o2,271.7468566894531
2025-09-16,-49.0,o2,271.58209228515625
2025-09-16,-48.75,o2,271.715087890625
2025-09-16,-48.5,o2,270.40386962890625
2025-09-16,-48.25,o2,270.0586853027344
2025-09-16,-48.0,o2,270.0939636230469
2025-09-16,-47.75,o2,269.8422546386719
2025-09-16,-47.5,o2,269.8128662109375
2025-09-16,-47.25,o2,269.6417541503906
2025-09-16,-47.0,o2,269.4990539550781
2025-09-16,-46.75,o2,269.1398620605469
2025-09-16,-46.5,o2,269.0787048339844
2025-09-16,-46.25,o2,269.0250549316406
2025-09-16,-46.0,o2,268.9876708984375
2025-09-16,-45.75,o2,268.9366455078125
2025-09-16,-45.5,o2,268.6844787597656
2025-09-16,-45.25,o2,268.4228210449219
2025-09-16,-45.0,o2,267.8831481933594
2025-09-16,-44.75,o2,267.3101806640625
2025-09-16,-44.5,o2,266.7326965332031
2025-09-16,-44.25,o2,266.6357421875
2025-09-16,-44.0,o2,266.8152770996094
2025-09-16,-43.75,o2,266.9707946777344
2025-09-16,-43.5,o2,266.9779357910156
2025-09-16,-43.25,o2,267.0206604003906
2025-09-16,-43.0,o2,267.1233215332031
2025-09-16,-42.75,o2,267.1485900878906
2025-09-16,-42.5,o2,267.2421569824219
2025-09-16,-42.25,o2,267.6217956542969
2025-09-16,-42.0,o2,267.53021240234375
2025-09-16,-41.75,o2,267.33251953125
2025-09-16,-41.5,o2,267.3547668457031
2025-09-16,-41.25,o2,267.2991638183594
2025-09-16,-41.0,o2,267.0437927246094
2025-09-16,-40.75,o2,267.0881652832031
2025-09-16,-40.5,o2,267.12713623046875
2025-09-16,-40.25,o2,266.6109619140625
2025-09-16,-40.0,o2,266.2071228027344
2025-09-16,-39.75,o2,265.8756408691406
2025-09-16,-39.5,o2,265.3874816894531
2025-09-16,-39.25,o2,265.2305908203125
2025-09-16,-39.0,o2,264.05413818359375
2025-09-16,-38.75,o2,263.1382141113281
2025-09-16,-38.5,o2,263.1512451171875
2025-09-16,-38.25,o2,262.89581298828125
2025-09-16,-38.0,o2,262.7976379394531
2025-09-16,-37.75,o2,262.5164794921875
2025-09-16,-37.5,o2,262.1744689941406
2025-09-16,-37.25,o2,261.25360107421875
2025-09-16,-37.0,o2,261.1970520019531
2025-09-16,-36.75,o2,261.3022155761719
2025-09-16,-36.5,o2,261.2163391113281
2025-09-16,-36.25,o2,261.0747985839844
2025-09-16,-36.0,o2,261.3557434082031
2025-09-16,-35.75,o2,261.5608215332031
2025-09-16,-35.5,o2,261.73126220703125
2025-09-16,-35.25,o2,261.3846435546875
2025-09-16,-35.0,o2,260.9268493652344
2025-09-16,-34.75,o2,260.0815124511719
2025-09-16,-34.5,o2,260.3672180175781
2025-09-16,-34.25,o2,260.3145446777344
2025-09-16,-34.0,o2,260.43438720703125
2025-09-16,-33.75,o2,260.3792724609375
2025-09-16,-33.5,o2,260.3603210449219
2025-09-16,-33.25,o2,260.4537353515625
2025-09-16,-33.0,o2,260.53045654296875
2025-09-16,-32.75,o2,260.3848571777344
2025-09-16,-32.5,o2,260.349609375
2025-09-16,-32.25,o2,260.26611328125
2025-09-16,-32.0,o2,260.1676025390625
2025-09-16,-31.75,o2,260.2052307128906
2025-09-16,-31.5,o2,260.1771240234375
2025-09-16,-31.25,o2,260.20355224609375
2025-09-16,-31.0,o2,260.2669982910156
2025-09-16,-30.75,o2,260.31463623046875
2025-09-16,-30.5,o2,260.5565185546875
2025-09-16,-30.25,o2,260.5323181152344
2025-09-16,-30.0,o2,260.5047302246094
2025-09-16,-29.75,o2,260.5774841308594
2025-09-16,-29.5,o2,260.5479431152344
2025-09-16,-29.25,o2,260.5243225097656
2025-09-16,-29.0,o2,260.56280517578125
2025-09-16,-28.75,o2,260.7251281738281
2025-09-16,-28.5,o2,260.92138671875
2025-09-16,-28.25,o2,260.8727722167969
2025-09-16,-28.0,o2,260.7461853027344
2025-09-16,-27.75,o2,260.70843505859375
2025-09-16,-27.5,o2,260.845947265625
2025-09-16,-27.25,o2,260.7658386230469
2025-09-16,-27.0,o2,260.84307861328125
2025-09-16,-26.75,o2,260.8708190917969
2025-09-16,-26.5,o2,261.0604248046875
2025-09-16,-26.25,o2,260.87518310546875
2025-09-16,-26.0,o2,260.6601867675781
2025-09-16,-25.75,o2,260.8475341796875
2025-09-16,-25.5,o2,261.2490234375
2025-09-16,-25.25,o2,261.5413818359375
2025-09-16,-25.0,o2,261.67498779296875
2025-09-16,-24.75,o2,261.68817138671875
2025-09-16,-24.5,o2,262.0025634765625
2025-09-16,-24.25,o2,261.70269775390625
2025-09-16,-24.0,o2,261.48583984375
2025-09-16,-23.75,o2,261.3539733886719
2025-09-16,-23.5,o2,261.5347595214844
2025-09-16,-23.25,o2,261.94500732421875
2025-09-16,-23.0,o2,262.306884765625
2025-09-16,-22.75,o2,262.804931640625
2025-09-16,-22.5,o2,262.9460144042969
2025-09-16,-22.25,o2,263.5518798828125
2025-09-16,-22.0,o2,264.3639221191406
2025-09-16,-21.75,o2,264.8284912109375
2025-09-16,-21.5,o2,265.03741455078125
2025-09-16,-21.25,o2,265.44512939453125
2025-09-16,-21.0,o2,265.9560241699219
2025-09-16,-20.75,o2,266.2275695800781
2025-09-16,-20.5,o2,266.37255859375
2025-09-16,-20.25,o2,266.2170104980469
2025-09-16,-20.0,o2,267.11346435546875
2025-09-16,-19.75,o2,266.9637756347656
2025-09-16,-19.5,o2,267.04864501953125
2025-09-16,-19.25,o2,267.1714172363281
2025-09-16,-19.0,o2,267.28106689453125
2025-09-16,-18.75,o2,267.1854248046875
2025-09-16,-18.5,o2,267.6287536621094
2025-09-16,-18.25,o2,267.8925476074219
2025-09-16,-18.0,o2,268.370849609375
2025-09-16,-17.75,o2,268.2698974609375
2025-09-16,-17.5,o2,268.0059814453125
2025-09-16,-17.25,o2,268.1114807128906
2025-09-16,-17.0,o2,268.4497375488281
2025-09-16,-16.75,o2,269.0386047363281
2025-09-16,-16.5,o2,269.94873046875
2025-09-16,-16.25,o2,270.8804016113281
2025-09-16,-16.0,o2,272.3778991699219
2025-09-16,-15.75,o2,272.82257080078125
2025-09-16,-15.5,o2,272.9960021972656
2025-09-16,-15.25,o2,273.0302734375
2025-09-16,-15.0,o2,273.0483093261719
2025-09-16,-14.75,o2,273.2542724609375
2025-09-16,-14.5,o2,273.2995910644531
2025-09-16,-14.25,o2,273.38677978515625
2025-09-16,-14.0,o2,273.5381774902344
2025-09-16,-13.75,o2,273.57159423828125
2025-09-16,-13.5,o2,273.9383239746094
2025-09-16,-13.25,o2,274.1014099121094
2025-09-16,-13.0,o2,274.7283935546875
2025-09-16,-12.75,o2,274.9695739746094
2025-09-16,-12.5,o2,275.2550354003906
2025-09-16,-12.25,o2,275.2566223144531
2025-09-16,-12.0,o2,275.5734558105469
2025-09-16,-11.75,o2,275.41888427734375
2025-09-16,-11.5,o2,275.5812683105469
2025-09-16,-11.25,o2,275.64630126953125
2025-09-16,-11.0,o2,275.8236083984375
2025-09-16,-10.75,o2,276.0690612792969
2025-09-16,-10.5,o2,276.54461669921875
2025-09-16,-10.25,o2,276.91412353515625
2025-09-16,-10.0,o2,277.4059753417969
2025-09-16,-9.75,o2,278.2514343261719
2025-09-16,-9.5,o2,278.962158203125
2025-09-16,-9.25,o2,279.6184997558594
2025-09-16,-9.0,o2,280.2334899902344
2025-09-16,-8.75,o2,281.24407958984375
2025-09-16,-8.5,o2,282.02276611328125
2025-09-16,-8.25,o2,282.49420166015625
2025-09-16,-8.0,o2,282.74407958984375
2025-09-16,-7.75,o2,282.90338134765625
2025-09-16,-7.5,o2,282.9155578613281
2025-09-16,-7.25,o2,282.6943054199219
2025-09-16,-7.0,o2,282.6744384765625
2025-09-16,-6.75,o2,282.81201171875
2025-09-16,-6.5,o2,283.0302734375
2025-09-16,-6.25,o2,283.4220886230469
2025-09-16,-6.0,o2,283.5259094238281
2025-09-16,-5.75,o2,283.4784851074219
2025-09-16,-5.5,o2,283.2298889160156
2025-09-16,-5.25,o2,282.9656982421875
2025-09-16,-5.0,o2,282.85723876953125
2025-09-16,-4.75,o2,282.40496826171875
2025-09-16,-4.5,o2,282.4020080566406
2025-09-16,-4.25,o2,282.4551086425781
2025-09-16,-4.0,o2,282.5245361328125
2025-09-16,-3.75,o2,282.5029602050781
2025-09-16,-3.5,o2,282.4400634765625
2025-09-16,-3.25,o2,282.4569091796875
2025-09-16,-3.0,o2,282.3642883300781
2025-09-16,-2.75,o2,282.2143859863281
2025-09-16,-2.5,o2,281.99041748046875
2025-09-16,-2.25,o2,281.89129638671875
2025-09-16,-2.0,o2,282.1269836425781
2025-09-16,-1.75,o2,281.6829833984375
2025-09-16,-1.5,o2,281.76513671875
2025-09-16,-1.25,o2,282.17010498046875
2025-09-16,-1.0,o2,282.68212890625
2025-09-16,-0.75,o2,282.2430725097656
2025-09-16,-0.5,o2,281.7808837890625
2025-09-16,-0.25,o2,281.1687927246094
2025-09-16,0.0,o2,280.1515197753906
2025-09-16,0.25,o2,279.74566650390625
2025-09-16,0.5,o2,279.0602111816406
2025-09-16,0.75,o2,278.9585876464844
2025-09-16,1.0,o2,278.5050048828125
2025-09-16,1.25,o2,278.09625244140625
2025-09-16,1.5,o2,278.0070495605469
2025-09-16,1.75,o2,277.90093994140625
2025-09-16,2.0,o2,277.4076843261719
2025-09-16,2.25,o2,277.3802185058594
2025-09-16,2.5,o2,277.358154296875
2025-09-16,2.75,o2,277.40985107421875
2025-09-16,3.0,o2,277.30340576171875
2025-09-16,3.25,o2,276.9069519042969
2025-09-16,3.5,o2,276.6162109375
2025-09-16,3.75,o2,276.6013488769531
2025-09-16,4.0,o2,276.63909912109375
2025-09-16,4.25,o2,276.42340087890625
2025-09-16,4.5,o2,276.2358093261719
2025-09-16,4.75,o2,276.36187744140625
2025-09-16,5.0,o2,276.4167175292969
2025-09-16,5.25,o2,276.973876953125
2025-09-16,5.5,o2,277.3291015625
2025-09-16,5.75,o2,278.0127868652344
2025-09-16,6.0,o2,278.27490234375
2025-09-16,6.25,o2,278.5506286621094
2025-09-16,6.5,o2,278.37017822265625
2025-09-16,6.75,o2,278.1320495605469
2025-09-16,7.0,o2,277.9450988769531
2025-09-16,7.25,o2,278.2587585449219
2025-09-16,7.5,o2,278.4684753417969
2025-09-16,7.75,o2,278.3031311035156
2025-09-16,8.0,o2,277.9746398925781
2025-09-16,8.25,o2,278.3871765136719
2025-09-16,8.5,o2,279.3038635253906
2025-09-16,8.75,o2,280.05206298828125
2025-09-16,9.0,o2,281.3121032714844
2025-09-16,9.25,o2,281.7274169921875
2025-09-16,9.5,o2,282.22991943359375
2025-09-16,9.75,o2,281.9991760253906
2025-09-16,10.0,o2,282.7355651855469
2025-09-16,10.25,o2,282.8187561035156
2025-09-16,10.5,o2,282.40582275390625
2025-09-16,10.75,o2,282.3453063964844
2025-09-16,11.0,o2,281.9760437011719
2025-09-16,11.25,o2,281.3028259277344
2025-09-16,11.5,o2,281.14080810546875
2025-09-16,11.75,o2,282.2900695800781
2025-09-16,12.0,o2,284.41949462890625
2025-09-16,12.25,o2,285.6338195800781
2025-09-16,12.5,o2,286.4516296386719
2025-09-16,12.75,o2,287.14813232421875
2025-09-16,13.0,o2,287.952880859375
2025-09-16,13.25,o2,289.4977111816406
2025-09-16,13.5,o2,291.0772399902344
2025-09-16,13.75,o2,292.42974853515625
2025-09-16,14.0,o2,293.0294494628906
2025-09-16,14.25,o2,292.2547607421875
2025-09-16,14.5,o2,293.7555847167969
2025-09-16,14.75,o2,294.48260498046875
2025-09-16,15.0,o2,297.2945556640625
2025-09-16,15.25,o2,298.3675231933594
2025-09-16,15.5,o2,296.83721923828125
2025-09-16,15.75,o2,298.0908508300781
2025-09-16,16.0,o2,299.02960205078125
2025-09-16,16.25,o2,299.11358642578125
2025-09-16,16.5,o2,298.4401550292969
2025-09-16,16.75,o2,297.31927490234375
2025-09-16,17.0,o2,298.1255798339844
2025-09-16,17.25,o2,297.89093017578125
2025-09-16,17.5,o2,298.9776916503906
2025-09-16,17.75,o2,299.1706237792969
2025-09-16,18.0,o2,300.3260192871094
2025-09-16,18.25,o2,300.8462219238281
2025-09-16,18.5,o2,301.07708740234375
2025-09-16,18.75,o2,301.2831115722656
2025-09-16,19.0,o2,301.61041259765625
2025-09-16,19.25,o2,302.1358337402344
2025-09-16,19.5,o2,302.75762939453125
2025-09-16,19.75,o2,303.866455078125
2025-09-16,20.0,o2,305.6540832519531
2025-09-16,20.25,o2,306.53717041015625
2025-09-16,20.5,o2,307.0131530761719
2025-09-16,20.75,o2,307.49407958984375
2025-09-16,21.0,o2,307.7193298339844
2025-09-16,21.25,o2,308.5510559082031
2025-09-16,21.5,o2,309.6961669921875
2025-09-16,21.75,o2,311.03424072265625
2025-09-16,22.0,o2,310.6181335449219
2025-09-16,22.25,o2,310.4300537109375
2025-09-16,22.5,o2,309.8670654296875
2025-09-16,22.75,o2,309.8658752441406
2025-09-16,23.0,o2,307.8011474609375
2025-09-16,23.25,o2,305.37506103515625
2025-09-16,23.5,o2,305.146728515625
2025-09-16,23.75,o2,305.37286376953125
2025-09-16,24.0,o2,304.35357666015625
2025-09-16,24.25,o2,304.1914978027344
2025-09-16,24.5,o2,303.9707946777344
2025-09-16,24.75,o2,304.96636962890625
2025-09-16,25.0,o2,305.0672912597656
2025-09-16,25.25,o2,304.2442321777344
2025-09-16,25.5,o2,304.5722351074219
2025-09-16,25.75,o2,304.1221618652344
2025-09-16,26.0,o2,305.210693359375
2025-09-16,26.25,o2,306.92681884765625
2025-09-16,26.5,o2,306.9444580078125
2025-09-16,26.75,o2,307.5745849609375
2025-09-16,27.0,o2,308.29736328125
2025-09-16,27.25,o2,308.6593322753906
2025-09-16,27.5,o2,309.3760986328125
2025-09-16,27.75,o2,307.8124084472656
2025-09-16,28.0,o2,306.7588195800781
2025-09-16,28.25,o2,305.16058349609375
2025-09-16,28.5,o2,304.3948059082031
2025-09-16,28.75,o2,302.453369140625
2025-09-16,29.0,o2,301.8992919921875
2025-09-16,29.25,o2,302.2061462402344
2025-09-16,29.5,o2,302.1053771972656
2025-09-16,29.75,o2,301.024169921875
2025-09-16,30.0,o2,300.270263671875
2025-09-16,30.25,o2,299.4222717285156
2025-09-16,30.5,o2,299.18463134765625
2025-09-16,30.75,o2,297.4432678222656
2025-09-16,31.0,o2,296.7842102050781
2025-09-16,31.25,o2,296.61212158203125
2025-09-16,31.5,o2,297.5872497558594
2025-09-16,31.75,o2,298.1406555175781
2025-09-16,32.0,o2,298.17694091796875
2025-09-16,32.25,o2,298.5255126953125
2025-09-16,32.5,o2,300.0067138671875
2025-09-16,32.75,o2,298.2950744628906
2025-09-16,33.0,o2,296.9423828125
2025-09-16,33.25,o2,298.1246337890625
2025-09-16,33.5,o2,298.14227294921875
2025-09-16,33.75,o2,297.3218994140625
2025-09-16,34.0,o2,296.4695129394531
2025-09-16,34.25,o2,295.79876708984375
2025-09-16,34.5,o2,294.4956970214844
2025-09-16,34.75,o2,293.5547790527344
2025-09-16,35.0,o2,293.6802062988281
2025-09-16,35.25,o2,293.5816955566406
2025-09-16,35.5,o2,292.0537109375
2025-09-16,35.75,o2,290.4358825683594
2025-09-16,36.0,o2,291.9664611816406
2025-09-16,36.25,o2,292.3453674316406
2025-09-16,36.5,o2,293.0114440917969
2025-09-16,36.75,o2,293.49237060546875
2025-09-16,37.0,o2,292.9117431640625
2025-09-16,37.25,o2,291.0235900878906
2025-09-16,37.5,o2,290.56109619140625
2025-09-16,37.75,o2,290.77392578125
2025-09-16,38.0,o2,291.72442626953125
2025-09-16,38.25,o2,291.5453186035156
2025-09-16,38.5,o2,291.6449890136719
2025-09-16,38.75,o2,291.2867431640625
2025-09-16,39.0,o2,291.3983459472656
2025-09-16,39.25,o2,290.4166259765625
2025-09-16,39.5,o2,287.26727294921875
2025-09-16,39.75,o2,285.977783203125
2025-09-16,40.0,o2,285.00921630859375
2025-09-16,40.25,o2,283.1093444824219
2025-09-16,40.5,o2,282.24676513671875
2025-09-16,40.75,o2,279.34478759765625
2025-09-16,41.0,o2,278.7608337402344
2025-09-16,41.25,o2,279.1095275878906
2025-09-16,41.5,o2,279.45477294921875
2025-09-16,41.75,o2,280.4048767089844
2025-09-16,42.0,o2,280.31793212890625
2025-09-16,42.25,o2,279.9906921386719
2025-09-16,42.5,o2,280.5375671386719
2025-09-16,42.75,o2,281.2973327636719
2025-09-16,43.0,o2,282.3879089355469
2025-09-16,43.25,o2,281.9537048339844
2025-09-16,43.5,o2,282.37451171875
2025-09-16,43.75,o2,282.7478332519531
2025-09-16,44.0,o2,283.5724182128906
2025-09-16,44.25,o2,285.0531311035156
2025-09-16,44.5,o2,287.3599548339844
2025-09-16,44.75,o2,286.7364807128906
2025-09-16,45.0,o2,286.2203369140625
2025-09-16,45.25,o2,286.4368896484375
2025-09-16,45.5,o2,286.11480712890625
2025-09-16,45.75,o2,285.8319396972656
2025-09-16,46.0,o2,285.7289123535156
2025-09-16,46.25,o2,285.7998352050781
2025-09-16,46.5,o2,285.6152648925781
2025-09-16,46.75,o2,285.26141357421875
2025-09-16,47.0,o2,285.5596923828125
2025-09-16,47.25,o2,285.3775634765625
2025-09-16,47.5,o2,284.85369873046875
2025-09-16,47.75,o2,284.4998779296875
2025-09-16,48.0,o2,284.1526184082031
2025-09-16,48.25,o2,282.89361572265625
2025-09-16,48.5,o2,281.3648681640625
2025-09-16,48.75,o2,279.6839599609375
2025-09-16,49.0,o2,278.3542785644531
2025-09-16,49.25,o2,277.1457824707031
2025-09-16,49.5,o2,275.785888671875
2025-09-16,49.75,o2,274.570556640625
2025-09-16,50.0,o2,273.2451477050781
2025-09-16,50.25,o2,271.5985412597656
2025-09-16,50.5,o2,270.43115234375
2025-09-16,50.75,o2,270.3844909667969
2025-09-16,51.0,o2,270.6618957519531
2025-09-16,51.25,o2,270.6036071777344
2025-09-16,51.5,o2,269.7420654296875
2025-09-16,51.75,o2,268.8772277832031
2025-09-16,52.0,o2,268.5930480957031
2025-09-16,52.25,o2,268.5233154296875
2025-09-16,52.5,o2,268.62982177734375
2025-09-16,52.75,o2,268.7382507324219
2025-09-16,53.0,o2,268.4612121582031
2025-09-16,53.25,o2,268.52593994140625
2025-09-16,53.5,o2,268.5110168457031
2025-09-16,53.75,o2,267.8450622558594
2025-09-16,54.0,o2,267.91162109375
2025-09-16,54.25,o2,267.75299072265625
2025-09-16,54.5,o2,267.6732177734375
2025-09-16,54.75,o2,268.09051513671875
2025-09-16,55.0,o2,268.1942138671875
2025-09-16,55.25,o2,267.9026794433594
2025-09-16,55.5,o2,268.3434753417969
2025-09-16,55.75,o2,268.9291687011719
2025-09-16,56.0,o2,269.0876770019531
2025-09-16,56.25,o2,269.59686279296875
2025-09-16,56.5,o2,268.4519348144531
2025-09-16,56.75,o2,267.663330078125
2025-09-16,57.0,o2,267.79486083984375
2025-09-16,57.25,o2,268.54443359375
2025-09-16,57.5,o2,268.9858703613281
2025-09-16,57.75,o2,268.7391357421875
2025-09-16,58.0,o2,267.9594421386719
2025-09-16,58.25,o2,267.5946350097656
2025-09-16,58.5,o2,267.3986511230469
2025-09-16,58.75,o2,266.844482421875
2025-09-16,59.0,o2,266.90020751953125
2025-09-16,59.25,o2,266.9418029785156
2025-09-16,59.5,o2,266.7931213378906
2025-09-16,59.75,o2,266.5911865234375
2025-09-16,60.0,o2,266.08123779296875
2025-09-16,60.25,o2,265.89666748046875
2025-09-16,60.5,o2,266.1913757324219
2025-09-16,60.75,o2,266.2362365722656
2025-09-16,61.0,o2,266.1221008300781
2025-09-16,61.25,o2,265.8099365234375
2025-09-16,61.5,o2,265.4234924316406
2025-09-16,61.75,o2,265.2085266113281
2025-09-16,62.0,o2,265.2484130859375
2025-09-16,62.25,o2,265.2544860839844
2025-09-16,62.5,o2,265.4340515136719
2025-09-16,62.75,o2,265.48211669921875
2025-09-16,63.0,o2,265.5461730957031
2025-09-16,63.25,o2,265.6017150878906
2025-09-16,63.5,o2,265.667236328125
2025-09-16,63.75,o2,265.72882080078125
2025-09-16,64.0,o2,265.83001708984375
2025-09-16,64.25,o2,265.9137268066406
2025-09-16,64.5,o2,266.0763244628906
2025-09-16,64.75,o2,266.2428894042969
2025-09-16,65.0,o2,266.5517272949219
2025-09-16,65.25,o2,266.5124206542969
2025-09-16,65.5,o2,266.50323486328125
2025-09-16,65.75,o2,266.3713684082031
2025-09-16,66.0,o2,266.1318359375
2025-09-16,66.25,o2,265.94384765625
2025-09-16,66.5,o2,265.8708190917969
2025-09-16,66.75,o2,265.9454345703125
2025-09-16,67.0,o2,265.73980712890625
2025-09-16,67.25,o2,265.7828674316406
2025-09-16,67.5,o2,266.145751953125
2025-09-16,67.75,o2,266.08148193359375
2025-09-16,68.0,o2,265.9909973144531
2025-09-16,68.25,o2,266.0811462402344
2025-09-16,68.5,o2,266.4294128417969
2025-09-16,68.75,o2,266.4270324707031
2025-09-16,69.0,o2,265.9963684082031
2025-09-16,69.25,o2,266.1161193847656
2025-09-16,69.5,o2,266.203125
2025-09-16,69.75,o2,266.7213134765625
2025-09-16,70.0,o2,267.2060546875
2025-09-16,70.25,o2,267.7047119140625
2025-09-16,70.5,o2,267.96307373046875
2025-09-16,70.75,o2,268.1406555175781
2025-09-16,71.0,o2,268.169921875
2025-09-16,71.25,o2,268.15240478515625
2025-09-16,71.5,o2,268.1470947265625
2025-09-16,71.75,o2,269.07086181640625
2025-09-16,72.0,o2,269.0345153808594
2025-09-16,72.25,o2,268.6499328613281
2025-09-16,72.5,o2,269.9422607421875
2025-09-16,72.75,o2,271.88092041015625
2025-09-16,73.0,o2,273.25830078125
2025-09-16,73.25,o2,274.6902160644531
2025-09-16,73.5,o2,275.7506103515625
2025-09-16,73.75,o2,275.93768310546875
2025-09-16,74.0,o2,275.27294921875
2025-09-16,74.25,o2,274.7410583496094
2025-09-16,74.5,o2,274.2106018066406
2025-09-16,74.75,o2,273.8531494140625
2025-09-16,75.0,o2,273.6015930175781
2025-09-16,75.25,o2,273.8616943359375
2025-09-16,75.5,o2,273.87725830078125
2025-09-16,75.75,o2,274.2842102050781
2025-09-16,76.0,o2,274.8873291015625
2025-09-16,76.25,o2,275.77392578125
2025-09-16,76.5,o2,276.8613586425781
2025-09-16,76.75,o2,277.8704833984375
2025-09-16,77.0,o2,278.3354187011719
2025-09-16,77.25,o2,278.9203796386719
2025-09-16,77.5,o2,279.4787292480469
2025-09-16,77.75,o2,279.33551025390625
2025-09-16,78.0,o2,278.47528076171875
2025-09-16,78.25,o2,278.1348571777344
2025-09-16,78.5,o2,278.0222473144531
2025-09-16,78.75,o2,278.10223388671875
2025-09-16,79.0,o2,277.54498291015625
2025-09-16,79.25,o2,277.583251953125
2025-09-16,79.5,o2,276.9844055175781
2025-09-16,79.75,o2,277.176025390625
2025-09-16,80.0,o2,277.8912048339844
2025-09-16,80.25,o2,276.6843566894531
2025-09-16,80.5,o2,276.0350341796875
2025-09-16,80.75,o2,275.79742431640625
2025-09-16,81.0,o2,274.89715576171875
2025-09-16,81.25,o2,274.1903076171875
2025-09-16,81.5,o2,273.0384521484375
2025-09-16,81.75,o2,271.4990539550781
2025-09-16,82.0,o2,270.34002685546875
2025-09-16,82.25,o2,269.94952392578125
2025-09-16,82.5,o2,269.22918701171875
2025-09-16,82.75,o2,268.9203796386719
2025-09-16,83.0,o2,268.8887939453125
2025-09-16,83.25,o2,268.5718078613281
2025-09-16,83.5,o2,268.4435119628906
2025-09-16,83.75,o2,268.13201904296875
2025-09-16,84.0,o2,267.98236083984375
2025-09-16,84.25,o2,267.8520202636719
2025-09-16,84.5,o2,267.74273681640625
2025-09-16,84.75,o2,267.5760192871094
2025-09-16,85.0,o2,267.3536071777344
2025-09-16,85.25,o2,267.2431335449219
2025-09-16,85.5,o2,266.98284912109375
2025-09-16,85.75,o2,266.8709411621094
2025-09-16,86.0,o2,266.7785339355469
2025-09-16,86.25,o2,266.49163818359375
2025-09-16,86.5,o2,265.9689025878906
2025-09-16,86.75,o2,265.8512878417969
2025-09-16,87.0,o2,265.23236083984375
2025-09-16,87.25,o2,265.1959533691406
2025-09-16,87.5,o2,265.3575744628906
2025-09-16,87.75,o2,265.2633972167969
2025-09-16,88.0,o2,265.3043518066406
2025-09-16,88.25,o2,265.40301513671875
2025-09-16,88.5,o2,265.33673095703125
2025-09-16,88.75,o2,265.4372863769531
2025-09-16,89.0,o2,265.42779541015625
2025-09-16,89.25,o2,265.3973083496094
2025-09-16,89.5,o2,265.4110412597656
2025-09-16,89.75,o2,265.5993957519531
2025-09-16,90.0,o2,265.83599853515625
2025-09-16,90.25,o2,266.00946044921875
2025-09-16,90.5,o2,266.4530029296875
2025-09-16,90.75,o2,267.140380859375
2025-09-16,91.0,o2,266.9642333984375
2025-09-16,91.25,o2,266.9975891113281
2025-09-16,91.5,o2,267.2604675292969
2025-09-16,91.75,o2,266.94146728515625
2025-09-16,92.0,o2,266.0013122558594
2025-09-16,92.25,o2,266.24871826171875
2025-09-16,92.5,o2,266.6059265136719
2025-09-16,92.75,o2,267.6419982910156
2025-09-16,93.0,o2,266.6407775878906
2025-09-16,93.25,o2,266.3689880371094
2025-09-16,93.5,o2,266.6111755371094
2025-09-16,93.75,o2,266.97833251953125
2025-09-16,94.0,o2,266.72943115234375
2025-09-16,94.25,o2,267.3249206542969
2025-09-16,94.5,o2,268.0869445800781
2025-09-16,94.75,o2,268.47906494140625
2025-09-16,95.0,o2,268.5801086425781
2025-09-16,95.25,o2,268.6105041503906
2025-09-16,95.5,o2,267.95257568359375
2025-09-16,95.75,o2,267.64190673828125
2025-09-16,96.0,o2,268.32861328125
2025-09-16,96.25,o2,267.91998291015625
2025-09-16,96.5,o2,267.86865234375
2025-09-16,96.75,o2,267.86968994140625
2025-09-16,97.0,o2,268.26751708984375
2025-09-16,97.25,o2,268.5514221191406
2025-09-16,97.5,o2,268.966552734375
2025-09-16,97.75,o2,269.8706970214844
2025-09-16,98.0,o2,270.2558288574219
2025-09-16,98.25,o2,270.72308349609375
2025-09-16,98.5,o2,272.3805847167969
2025-09-16,98.75,o2,275.8250732421875
2025-09-16,99.0,o2,277.0066833496094
2025-09-16,99.25,o2,276.434814453125
2025-09-16,99.5,o2,277.1366271972656
2025-09-16,99.75,o2,277.0467834472656
2025-09-16,100.0,o2,275.5931396484375
2025-09-16,100.25,o2,276.35687255859375
2025-09-16,100.5,o2,275.900390625
2025-09-16,100.75,o2,276.651123046875
2025-09-16,101.0,o2,277.47198486328125
2025-09-16,101.25,o2,277.80078125
2025-09-16,101.5,o2,278.9214172363281
2025-09-16,101.75,o2,277.6617736816406
2025-09-16,102.0,o2,278.0892028808594
2025-09-16,102.25,o2,278.6430969238281
2025-09-16,102.5,o2,278.731689453125
2025-09-16,102.75,o2,278.6676025390625
2025-09-16,103.0,o2,279.473388671875
2025-09-16,103.25,o2,279.259521484375
2025-09-16,103.5,o2,277.36175537109375
2025-09-16,103.75,o2,277.7425842285156
2025-09-16,104.0,o2,277.0880432128906
2025-09-16,104.25,o2,277.3035583496094
2025-09-16,104.5,o2,277.8072814941406
2025-09-16,104.75,o2,276.5025634765625
2025-09-16,105.0,o2,277.8785095214844
2025-09-16,105.25,o2,278.6001281738281
2025-09-16,105.5,o2,278.8831481933594
2025-09-16,105.75,o2,279.7992248535156
2025-09-16,106.0,o2,276.31048583984375
2025-09-16,106.25,o2,275.2070617675781
2025-09-16,106.5,o2,274.8436584472656
2025-09-16,106.75,o2,273.04608154296875
2025-09-16,107.0,o2,272.9214782714844
2025-09-16,107.25,o2,272.7945556640625
2025-09-16,107.5,o2,272.1100158691406
2025-09-16,107.75,o2,271.2953186035156
2025-09-16,108.0,o2,271.15216064453125
2025-09-16,108.25,o2,271.4721984863281
2025-09-16,108.5,o2,270.6782531738281
2025-09-16,108.75,o2,270.7433166503906
2025-09-16,109.0,o2,271.09014892578125
2025-09-16,109.25,o2,270.5172424316406
2025-09-16,109.5,o2,270.58905029296875
2025-09-16,109.75,o2,270.7289733886719
2025-09-16,110.0,o2,271.57427978515625
2025-09-16,110.25,o2,272.59002685546875
2025-09-16,110.5,o2,271.3669738769531
2025-09-16,110.75,o2,271.06329345703125
2025-09-16,111.0,o2,270.48870849609375
2025-09-16,111.25,o2,270.3603820800781
2025-09-16,111.5,o2,270.2133483886719
2025-09-16,111.75,o2,270.0923156738281
2025-09-16,112.0,o2,269.8831787109375
2025-09-16,112.25,o2,269.8009948730469
2025-09-16,112.5,o2,270.1678161621094
2025-09-16,112.75,o2,270.5341491699219
2025-09-16,113.0,o2,270.5134582519531
2025-09-16,113.25,o2,270.75433349609375
2025-09-16,113.5,o2,272.12188720703125
2025-09-16,113.75,o2,273.5690612792969
2025-09-16,114.0,o2,275.3251037597656
2025-09-16,114.25,o2,275.41510009765625
2025-09-16,114.5,o2,274.967041015625
2025-09-16,114.75,o2,276.2531433105469
2025-09-16,115.0,o2,277.3548889160156
2025-09-16,115.25,o2,277.6634826660156
2025-09-16,115.5,o2,278.80340576171875
2025-09-16,115.75,o2,279.3369445800781
2025-09-16,116.0,o2,279.4720458984375
2025-09-16,116.25,o2,280.329833984375
2025-09-16,116.5,o2,279.2795715332031
2025-09-16,116.75,o2,278.5975646972656
2025-09-16,117.0,o2,278.5496520996094
2025-09-16,117.25,o2,279.09808349609375
2025-09-16,117.5,o2,278.2267761230469
2025-09-16,117.75,o2,275.57574462890625
2025-09-16,118.0,o2,274.58270263671875
2025-09-16,118.25,o2,273.4508056640625
2025-09-16,118.5,o2,272.9540710449219
2025-09-16,118.75,o2,272.43878173828125
2025-09-16,119.0,o2,272.0250549316406
2025-09-16,119.25,o2,272.42822265625
2025-09-16,119.5,o2,273.4333190917969
2025-09-16,119.75,o2,271.7352600097656
2025-09-16,120.0,o2,274.18231201171875
2025-09-16,120.25,o2,274.8395690917969
2025-09-16,120.5,o2,274.1906433105469
2025-09-16,120.75,o2,273.8308410644531
2025-09-16,121.0,o2,273.96478271484375
2025-09-16,121.25,o2,274.2770080566406
2025-09-16,121.5,o2,272.2955017089844
2025-09-16,121.75,o2,269.9891052246094
2025-09-16,122.0,o2,270.0885314941406
2025-09-16,122.25,o2,269.5539245605469
2025-09-16,122.5,o2,267.9993896484375
2025-09-16,122.75,o2,267.38037109375
2025-09-16,123.0,o2,267.7685852050781
2025-09-16,123.25,o2,266.95269775390625
2025-09-16,123.5,o2,265.34033203125
2025-09-16,123.75,o2,265.30078125
2025-09-16,124.0,o2,265.1351318359375
2025-09-16,124.25,o2,265.8756103515625
2025-09-16,124.5,o2,266.5501708984375
2025-09-16,124.75,o2,267.39031982421875
2025-09-16,125.0,o2,268.4292907714844
2025-09-16,125.25,o2,268.6795959472656
2025-09-16,125.5,o2,268.8520812988281
2025-09-16,125.75,o2,267.93701171875
2025-09-16,126.0,o2,267.1055908203125
2025-09-16,126.25,o2,268.2182312011719
2025-09-16,126.5,o2,267.71929931640625
2025-09-16,126.75,o2,268.4044189453125
2025-09-16,127.0,o2,267.4595031738281
2025-09-16,127.25,o2,266.4454040527344
2025-09-16,127.5,o2,267.227294921875
2025-09-16,127.75,o2,268.3434143066406
2025-09-16,128.0,o2,267.4958190917969
2025-09-16,128.25,o2,266.76080322265625
2025-09-16,128.5,o2,266.7082824707031
2025-09-16,128.75,o2,265.51019287109375
2025-09-16,129.0,o2,265.55853271484375
2025-09-16,129.25,o2,266.1855773925781
2025-09-16,129.5,o2,265.726318359375
2025-09-16,129.75,o2,265.68280029296875
2025-09-16,130.0,o2,266.1148986816406
2025-09-16,130.25,o2,267.05145263671875
2025-09-16,130.5,o2,267.6014099121094
2025-09-16,130.75,o2,267.8680725097656
2025-09-16,131.0,o2,268.4128723144531
2025-09-16,131.25,o2,268.23345947265625
2025-09-16,131.5,o2,267.8825988769531
2025-09-16,131.75,o2,266.8907775878906
2025-09-16,132.0,o2,267.1561279296875
2025-09-16,132.25,o2,267.4158935546875
2025-09-16,132.5,o2,267.7194519042969
2025-09-16,132.75,o2,268.6373291015625
2025-09-16,133.0,o2,269.0030517578125
2025-09-16,133.25,o2,268.9164733886719
2025-09-16,133.5,o2,268.2158203125
2025-09-16,133.75,o2,268.01177978515625
2025-09-16,134.0,o2,268.2029724121094
2025-09-16,134.25,o2,267.40594482421875
2025-09-16,134.5,o2,267.7698669433594
2025-09-16,134.75,o2,265.8565979003906
2025-09-16,135.0,o2,265.6177673339844
2025-09-16,135.25,o2,266.7689514160156
2025-09-16,135.5,o2,267.130615234375
2025-09-16,135.75,o2,266.8103942871094
2025-09-16,136.0,o2,266.48626708984375
2025-09-16,136.25,o2,266.78277587890625
2025-09-16,136.5,o2,267.408447265625
2025-09-16,136.75,o2,266.69427490234375
2025-09-16,137.0,o2,266.4485778808594
2025-09-16,137.25,o2,266.33282470703125
2025-09-16,137.5,o2,266.3149108886719
2025-09-16,137.75,o2,266.1180725097656
2025-09-16,138.0,o2,265.8778991699219
2025-09-16,138.25,o2,266.3517150878906
2025-09-16,138.5,o2,266.4164123535156
2025-09-16,138.75,o2,266.9273681640625
2025-09-16,139.0,o2,266.50933837890625
2025-09-16,139.25,o2,266.1515808105469
2025-09-16,139.5,o2,266.2231140136719
2025-09-16,139.75,o2,266.3432312011719
2025-09-16,140.0,o2,266.7204284667969
2025-09-16,140.25,o2,267.4460754394531
2025-09-16,140.5,o2,267.69537353515625
2025-09-16,140.75,o2,267.3140869140625
2025-09-16,141.0,o2,266.61505126953125
2025-09-16,141.25,o2,266.10467529296875
2025-09-16,141.5,o2,266.6027526855469
2025-09-16,141.75,o2,268.4176025390625
2025-09-16,142.0,o2,268.5788879394531
2025-09-16,142.25,o2,269.5148010253906
2025-09-16,142.5,o2,268.81719970703125
2025-09-16,142.75,o2,268.54498291015625
2025-09-16,143.0,o2,268.3603515625
2025-09-16,143.25,o2,268.81243896484375
2025-09-16,143.5,o2,268.2159423828125
2025-09-16,143.75,o2,267.48712158203125
2025-09-16,144.0,o2,267.4700927734375
2025-09-16,144.25,o2,267.7264709472656
2025-09-16,144.5,o2,267.57684326171875
2025-09-16,144.75,o2,267.6527404785156
2025-09-16,145.0,o2,267.5554504394531
2025-09-16,145.25,o2,267.3074951171875
2025-09-16,145.5,o2,266.28985595703125
2025-09-16,145.75,o2,266.1827392578125
2025-09-16,146.0,o2,265.0904235839844
2025-09-16,146.25,o2,264.5643615722656
2025-09-16,146.5,o2,264.5620422363281
2025-09-16,146.75,o2,264.4209899902344
2025-09-16,147.0,o2,264.3453674316406
2025-09-16,147.25,o2,264.1644592285156
2025-09-16,147.5,o2,263.8713073730469
2025-09-16,147.75,o2,263.868896484375
2025-09-16,148.0,o2,263.649169921875
2025-09-16,148.25,o2,263.16754150390625
2025-09-16,148.5,o2,263.3448791503906
2025-09-16,148.75,o2,263.1791687011719
2025-09-16,149.0,o2,263.04302978515625
2025-09-16,149.25,o2,263.109375
2025-09-16,149.5,o2,262.71014404296875
2025-09-16,149.75,o2,262.91943359375
2025-09-16,150.0,o2,263.2530517578125
2025-09-16,150.25,o2,263.8922119140625
2025-09-16,150.5,o2,263.8127746582031
2025-09-16,150.75,o2,263.4856262207031
2025-09-16,151.0,o2,263.2456970214844
2025-09-16,151.25,o2,263.48577880859375
2025-09-16,151.5,o2,263.6588134765625
2025-09-16,151.75,o2,264.1481628417969
2025-09-16,152.0,o2,263.76129150390625
2025-09-16,152.25,o2,263.5345764160156
2025-09-16,152.5,o2,263.0057373046875
2025-09-16,152.75,o2,262.54974365234375
2025-09-16,153.0,o2,261.72296142578125
2025-09-16,153.25,o2,260.5072937011719
2025-09-16,153.5,o2,259.5682373046875
2025-09-16,153.75,o2,258.9101257324219
2025-09-16,154.0,o2,258.9128723144531
2025-09-16,154.25,o2,259.172607421875
2025-09-16,154.5,o2,259.559326171875
2025-09-16,154.75,o2,260.1166687011719
2025-09-16,155.0,o2,260.4720153808594
2025-09-16,155.25,o2,261.0549011230469
2025-09-16,155.5,o2,261.0963134765625
2025-09-16,155.75,o2,260.92047119140625
2025-09-16,156.0,o2,260.6413269042969
2025-09-16,156.25,o2,260.7222900390625
2025-09-16,156.5,o2,261.0234680175781
2025-09-16,156.75,o2,260.82080078125
2025-09-16,157.0,o2,260.7776794433594
2025-09-16,157.25,o2,260.4974365234375
2025-09-16,157.5,o2,260.4481506347656
2025-09-16,157.75,o2,260.729736328125
2025-09-16,158.0,o2,260.562255859375
2025-09-16,158.25,o2,260.26361083984375
2025-09-16,158.5,o2,260.1809997558594
2025-09-16,158.75,o2,260.19390869140625
2025-09-16,159.0,o2,260.1227111816406
2025-09-16,159.25,o2,260.08026123046875
2025-09-16,159.5,o2,259.91583251953125
2025-09-16,159.75,o2,260.18524169921875
2025-09-16,160.0,o2,259.8995056152344
2025-09-16,160.25,o2,260.2204895019531
2025-09-16,160.5,o2,259.9127502441406
2025-09-16,160.75,o2,260.0315246582031
2025-09-16,161.0,o2,259.95916748046875
2025-09-16,161.25,o2,259.90869140625
2025-09-16,161.5,o2,259.772216796875
2025-09-16,161.75,o2,260.0640563964844
2025-09-16,162.0,o2,260.29888916015625
2025-09-16,162.25,o2,260.5940246582031
2025-09-16,162.5,o2,260.0832824707031
2025-09-16,162.75,o2,259.820068359375
2025-09-16,163.0,o2,260.25531005859375
2025-09-16,163.25,o2,260.56671142578125
2025-09-16,163.5,o2,260.37445068359375
2025-09-16,163.75,o2,260.2755126953125
2025-09-16,164.0,o2,260.2527770996094
2025-09-16,164.25,o2,260.5287170410156
2025-09-16,164.5,o2,260.79669189453125
2025-09-16,164.75,o2,260.8459167480469
2025-09-16,165.0,o2,261.2657165527344
2025-09-16,165.25,o2,261.57342529296875
2025-09-16,165.5,o2,261.613037109375
2025-09-16,165.75,o2,261.46435546875
2025-09-16,166.0,o2,261.3792419433594
2025-09-16,166.25,o2,261.0461120605469
2025-09-16,166.5,o2,261.3169860839844
2025-09-16,166.75,o2,261.7889404296875
2025-09-16,167.0,o2,261.415771484375
2025-09-16,167.25,o2,261.12158203125
2025-09-16,167.5,o2,261.56201171875
2025-09-16,167.75,o2,261.435791015625
2025-09-16,168.0,o2,261.4020690917969
2025-09-16,168.25,o2,261.5389099121094
2025-09-16,168.5,o2,261.4696960449219
2025-09-16,168.75,o2,261.6273193359375
2025-09-16,169.0,o2,262.0351257324219
2025-09-16,169.25,o2,262.2533874511719
2025-09-16,169.5,o2,262.5315246582031
2025-09-16,169.75,o2,262.30950927734375
2025-09-16,170.0,o2,262.773681640625
2025-09-16,170.25,o2,262.72821044921875
2025-09-16,170.5,o2,262.9647521972656
2025-09-16,170.75,o2,263.0096740722656
2025-09-16,171.0,o2,263.22802734375
2025-09-16,171.25,o2,263.6474304199219
2025-09-16,171.5,o2,263.5709533691406
2025-09-16,171.75,o2,263.8167724609375
2025-09-16,172.0,o2,263.8166198730469
2025-09-16,172.25,o2,263.926513671875
2025-09-16,172.5,o2,264.0501403808594
2025-09-16,172.75,o2,264.1336975097656
2025-09-16,173.0,o2,264.6275939941406
2025-09-16,173.25,o2,264.4418640136719
2025-09-16,173.5,o2,264.4770812988281
2025-09-16,173.75,o2,264.5245056152344
2025-09-16,174.0,o2,264.7215270996094
2025-09-16,174.25,o2,265.01690673828125
2025-09-16,174.5,o2,265.06390380859375
2025-09-16,174.75,o2,265.0910949707031
2025-09-16,175.0,o2,265.0483093261719
2025-09-16,175.25,o2,265.1393127441406
2025-09-16,175.5,o2,265.4246520996094
2025-09-16,175.75,o2,265.4543151855469
2025-09-16,176.0,o2,265.4512023925781
2025-09-16,176.25,o2,265.7209167480469
2025-09-16,176.5,o2,265.73651123046875
2025-09-16,176.75,o2,265.57257080078125
2025-09-16,177.0,o2,265.4722900390625
2025-09-16,177.25,o2,265.44110107421875
2025-09-16,177.5,o2,265.7123718261719
2025-09-16,177.75,o2,265.7921447753906
2025-09-16,178.0,o2,265.9646301269531
2025-09-16,178.25,o2,266.0968322753906
2025-09-16,178.5,o2,265.8226318359375
2025-09-16,178.75,o2,265.77545166015625
2025-09-16,179.0,o2,266.0374450683594
2025-09-16,179.25,o2,266.3677062988281
2025-09-16,179.5,o2,266.7582092285156
2025-09-16,179.75,o2,267.07733154296875
2025-09-16,-180.0,ph,8.019943237304688
2025-09-16,-179.75,ph,8.019875526428223
2025-09-16,-179.5,ph,8.019927978515625
2025-09-16,-179.25,ph,8.019868850708008
2025-09-16,-179.0,ph,8.019718170166016
2025-09-16,-178.75,ph,8.019522666931152
2025-09-16,-178.5,ph,8.019365310668945
2025-09-16,-178.25,ph,8.019351959228516
2025-09-16,-178.0,ph,8.019295692443848
2025-09-16,-177.75,ph,8.019246101379395
2025-09-16,-177.5,ph,8.019392013549805
2025-09-16,-177.25,ph,8.019449234008789
2025-09-16,-177.0,ph,8.019462585449219
2025-09-16,-176.75,ph,8.019386291503906
2025-09-16,-176.5,ph,8.019103050231934
2025-09-16,-176.25,ph,8.019181251525879
2025-09-16,-176.0,ph,8.019023895263672
2025-09-16,-175.75,ph,8.018960952758789
2025-09-16,-175.5,ph,8.01885986328125
2025-09-16,-175.25,ph,8.018837928771973
2025-09-16,-175.0,ph,8.018718719482422
2025-09-16,-174.75,ph,8.018134117126465
2025-09-16,-174.5,ph,8.017862319946289
2025-09-16,-174.25,ph,8.017720222473145
2025-09-16,-174.0,ph,8.017767906188965
2025-09-16,-173.75,ph,8.018064498901367
2025-09-16,-173.5,ph,8.018033027648926
2025-09-16,-173.25,ph,8.017953872680664
2025-09-16,-173.0,ph,8.017871856689453
2025-09-16,-172.75,ph,8.017767906188965
2025-09-16,-172.5,ph,8.0176362991333
2025-09-16,-172.25,ph,8.017407417297363
2025-09-16,-172.0,ph,8.017121315002441
2025-09-16,-171.75,ph,8.017078399658203
2025-09-16,-171.5,ph,8.017013549804688
2025-09-16,-171.25,ph,8.016985893249512
2025-09-16,-171.0,ph,8.01696491241455
2025-09-16,-170.75,ph,8.017077445983887
2025-09-16,-170.5,ph,8.017200469970703
2025-09-16,-170.25,ph,8.01733112335205
2025-09-16,-170.0,ph,8.017228126525879
2025-09-16,-169.75,ph,8.017027854919434
2025-09-16,-169.5,ph,8.016789436340332
2025-09-16,-169.25,ph,8.016468048095703
2025-09-16,-169.0,ph,8.01620864868164
2025-09-16,-168.75,ph,8.015922546386719
2025-09-16,-168.5,ph,8.015753746032715
2025-09-16,-168.25,ph,8.015538215637207
2025-09-16,-168.0,ph,8.015381813049316
2025-09-16,-167.75,ph,8.015238761901855
2025-09-16,-167.5,ph,8.015042304992676
2025-09-16,-167.25,ph,8.014812469482422
2025-09-16,-167.0,ph,8.014455795288086
2025-09-16,-166.75,ph,8.014039993286133
2025-09-16,-166.5,ph,8.013887405395508
2025-09-16,-166.25,ph,8.013835906982422
2025-09-16,-166.0,ph,8.013731002807617
2025-09-16,-165.75,ph,8.013941764831543
2025-09-16,-165.5,ph,8.014020919799805
2025-09-16,-165.25,ph,8.013853073120117
2025-09-16,-165.0,ph,8.014212608337402
2025-09-16,-164.75,ph,8.014595031738281
2025-09-16,-164.5,ph,8.014772415161133
2025-09-16,-164.25,ph,8.014949798583984
2025-09-16,-164.0,ph,8.014777183532715
2025-09-16,-163.75,ph,8.014657020568848
2025-09-16,-163.5,ph,8.014432907104492
2025-09-16,-163.25,ph,8.014177322387695
2025-09-16,-163.0,ph,8.014128684997559
2025-09-16,-162.75,ph,8.013890266418457
2025-09-16,-162.5,ph,8.013319969177246
2025-09-16,-162.25,ph,8.013164520263672
2025-09-16,-162.0,ph,8.013764381408691
2025-09-16,-161.75,ph,8.014979362487793
2025-09-16,-161.5,ph,8.014938354492188
2025-09-16,-161.25,ph,8.015151023864746
2025-09-16,-161.0,ph,8.014969825744629
2025-09-16,-160.75,ph,8.015052795410156
2025-09-16,-160.5,ph,8.015128135681152
2025-09-16,-160.25,ph,8.015095710754395
2025-09-16,-160.0,ph,8.014914512634277
2025-09-16,-159.75,ph,8.01468563079834
2025-09-16,-159.5,ph,8.01469612121582
2025-09-16,-159.25,ph,8.014564514160156
2025-09-16,-159.0,ph,8.01464557647705
2025-09-16,-158.75,ph,8.014314651489258
2025-09-16,-158.5,ph,8.014460563659668
2025-09-16,-158.25,ph,8.014691352844238
2025-09-16,-158.0,ph,8.014508247375488
2025-09-16,-157.75,ph,8.014382362365723
2025-09-16,-157.5,ph,8.014002799987793
2025-09-16,-157.25,ph,8.014122009277344
2025-09-16,-157.0,ph,8.014520645141602
2025-09-16,-156.75,ph,8.014422416687012
2025-09-16,-156.5,ph,8.01441478729248
2025-09-16,-156.25,ph,8.014432907104492
2025-09-16,-156.0,ph,8.014490127563477
2025-09-16,-155.75,ph,8.014599800109863
2025-09-16,-155.5,ph,8.01461410522461
2025-09-16,-155.25,ph,8.014646530151367
2025-09-16,-155.0,ph,8.014545440673828
2025-09-16,-154.75,ph,8.014507293701172
2025-09-16,-154.5,ph,8.014389991760254
2025-09-16,-154.25,ph,8.014283180236816
2025-09-16,-154.0,ph,8.014164924621582
2025-09-16,-153.75,ph,8.014134407043457
2025-09-16,-153.5,ph,8.0139741897583
2025-09-16,-153.25,ph,8.01374340057373
2025-09-16,-153.0,ph,8.01357650756836
2025-09-16,-152.75,ph,8.013375282287598
2025-09-16,-152.5,ph,8.013218879699707
2025-09-16,-152.25,ph,8.013264656066895
2025-09-16,-152.0,ph,8.013090133666992
2025-09-16,-151.75,ph,8.012781143188477
2025-09-16,-151.5,ph,8.01233196258545
2025-09-16,-151.25,ph,8.012557029724121
2025-09-16,-151.0,ph,8.012495040893555
2025-09-16,-150.75,ph,8.012787818908691
2025-09-16,-150.5,ph,8.012665748596191
2025-09-16,-150.25,ph,8.012641906738281
2025-09-16,-150.0,ph,8.01263427734375
2025-09-16,-149.75,ph,8.013252258300781
2025-09-16,-149.5,ph,8.013275146484375
2025-09-16,-149.25,ph,8.013339042663574
2025-09-16,-149.0,ph,8.013484954833984
2025-09-16,-148.75,ph,8.013520240783691
2025-09-16,-148.5,ph,8.013510704040527
2025-09-16,-148.25,ph,8.013411521911621
2025-09-16,-148.0,ph,8.013404846191406
2025-09-16,-147.75,ph,8.013252258300781
2025-09-16,-147.5,ph,8.013067245483398
2025-09-16,-147.25,ph,8.013005256652832
2025-09-16,-147.0,ph,8.0128755569458
2025-09-16,-146.75,ph,8.012674331665039
2025-09-16,-146.5,ph,8.012685775756836
2025-09-16,-146.25,ph,8.012581825256348
2025-09-16,-146.0,ph,8.012471199035645
2025-09-16,-145.75,ph,8.012441635131836
2025-09-16,-145.5,ph,8.012439727783203
2025-09-16,-145.25,ph,8.012426376342773
2025-09-16,-145.0,ph,8.012207984924316
2025-09-16,-144.75,ph,8.012053489685059
2025-09-16,-144.5,ph,8.012205123901367
2025-09-16,-144.25,ph,8.012210845947266
2025-09-16,-144.0,ph,8.01213550567627
2025-09-16,-143.75,ph,8.01208209991455
2025-09-16,-143.5,ph,8.012024879455566
2025-09-16,-143.25,ph,8.011800765991211
2025-09-16,-143.0,ph,8.011679649353027
2025-09-16,-142.75,ph,8.011587142944336
2025-09-16,-142.5,ph,8.011407852172852
2025-09-16,-142.25,ph,8.011343002319336
2025-09-16,-142.0,ph,8.01140308380127
2025-09-16,-141.75,ph,8.011557579040527
2025-09-16,-141.5,ph,8.011655807495117
2025-09-16,-141.25,ph,8.011764526367188
2025-09-16,-141.0,ph,8.011760711669922
2025-09-16,-140.75,ph,8.011760711669922
2025-09-16,-140.5,ph,8.011758804321289
2025-09-16,-140.25,ph,8.01174545288086
2025-09-16,-140.0,ph,8.011534690856934
2025-09-16,-139.75,ph,8.011563301086426
2025-09-16,-139.5,ph,8.011585235595703
2025-09-16,-139.25,ph,8.011632919311523
2025-09-16,-139.0,ph,8.011702537536621
2025-09-16,-138.75,ph,8.01172161102295
2025-09-16,-138.5,ph,8.011794090270996
2025-09-16,-138.25,ph,8.01163387298584
2025-09-16,-138.0,ph,8.01146411895752
2025-09-16,-137.75,ph,8.011176109313965
2025-09-16,-137.5,ph,8.010879516601562
2025-09-16,-137.25,ph,8.010652542114258
2025-09-16,-137.0,ph,8.01042652130127
2025-09-16,-136.75,ph,8.010271072387695
2025-09-16,-136.5,ph,8.010088920593262
2025-09-16,-136.25,ph,8.009963035583496
2025-09-16,-136.0,ph,8.009933471679688
2025-09-16,-135.75,ph,8.01013469696045
2025-09-16,-135.5,ph,8.010119438171387
2025-09-16,-135.25,ph,8.009963989257812
2025-09-16,-135.0,ph,8.009634971618652
2025-09-16,-134.75,ph,8.009090423583984
2025-09-16,-134.5,ph,8.008796691894531
2025-09-16,-134.25,ph,8.009483337402344
2025-09-16,-134.0,ph,8.008570671081543
2025-09-16,-133.75,ph,8.008498191833496
2025-09-16,-133.5,ph,8.008602142333984
2025-09-16,-133.25,ph,8.009031295776367
2025-09-16,-133.0,ph,8.009047508239746
2025-09-16,-132.75,ph,8.010021209716797
2025-09-16,-132.5,ph,8.0101318359375
2025-09-16,-132.25,ph,8.010172843933105
2025-09-16,-132.0,ph,8.010197639465332
2025-09-16,-131.75,ph,8.010222434997559
2025-09-16,-131.5,ph,8.010079383850098
2025-09-16,-131.25,ph,8.010100364685059
2025-09-16,-131.0,ph,8.010089874267578
2025-09-16,-130.75,ph,8.009992599487305
2025-09-16,-130.5,ph,8.010040283203125
2025-09-16,-130.25,ph,8.010659217834473
2025-09-16,-130.0,ph,8.010720252990723
2025-09-16,-129.75,ph,8.010860443115234
2025-09-16,-129.5,ph,8.010894775390625
2025-09-16,-129.25,ph,8.011292457580566
2025-09-16,-129.0,ph,8.011857986450195
2025-09-16,-128.75,ph,8.012187957763672
2025-09-16,-128.5,ph,8.012212753295898
2025-09-16,-128.25,ph,8.01262092590332
2025-09-16,-128.0,ph,8.012423515319824
2025-09-16,-127.75,ph,8.012580871582031
2025-09-16,-127.5,ph,8.012853622436523
2025-09-16,-127.25,ph,8.012834548950195
2025-09-16,-127.0,ph,8.012579917907715
2025-09-16,-126.75,ph,8.012398719787598
2025-09-16,-126.5,ph,8.013212203979492
2025-09-16,-126.25,ph,8.013469696044922
2025-09-16,-126.0,ph,8.013839721679688
2025-09-16,-125.75,ph,8.014013290405273
2025-09-16,-125.5,ph,8.014073371887207
2025-09-16,-125.25,ph,8.01301383972168
2025-09-16,-125.0,ph,8.012006759643555
2025-09-16,-124.75,ph,8.011962890625
2025-09-16,-124.5,ph,8.01165771484375
2025-09-16,-124.25,ph,8.011642456054688
2025-09-16,-124.0,ph,8.011384010314941
2025-09-16,-123.75,ph,8.012361526489258
2025-09-16,-123.5,ph,8.011675834655762
2025-09-16,-123.25,ph,8.010600090026855
2025-09-16,-123.0,ph,8.011129379272461
2025-09-16,-122.75,ph,8.012259483337402
2025-09-16,-122.5,ph,8.01262378692627
2025-09-16,-122.25,ph,8.013331413269043
2025-09-16,-122.0,ph,8.013300895690918
2025-09-16,-121.75,ph,8.013365745544434
2025-09-16,-121.5,ph,8.01345157623291
2025-09-16,-121.25,ph,8.013472557067871
2025-09-16,-121.0,ph,8.013419151306152
2025-09-16,-120.75,ph,8.013496398925781
2025-09-16,-120.5,ph,8.013439178466797
2025-09-16,-120.25,ph,8.013299942016602
2025-09-16,-120.0,ph,8.013154029846191
2025-09-16,-119.75,ph,8.013189315795898
2025-09-16,-119.5,ph,8.013053894042969
2025-09-16,-119.25,ph,8.013082504272461
2025-09-16,-119.0,ph,8.012929916381836
2025-09-16,-118.75,ph,8.013224601745605
2025-09-16,-118.5,ph,8.01278018951416
2025-09-16,-118.25,ph,8.012664794921875
2025-09-16,-118.0,ph,8.012641906738281
2025-09-16,-117.75,ph,8.01280403137207
2025-09-16,-117.5,ph,8.012760162353516
2025-09-16,-117.25,ph,8.012850761413574
2025-09-16,-117.0,ph,8.012866973876953
2025-09-16,-116.75,ph,8.012152671813965
2025-09-16,-116.5,ph,8.011861801147461
2025-09-16,-116.25,ph,8.011630058288574
2025-09-16,-116.0,ph,8.011582374572754
2025-09-16,-115.75,ph,8.011219024658203
2025-09-16,-115.5,ph,8.011077880859375
2025-09-16,-115.25,ph,8.010686874389648
2025-09-16,-115.0,ph,8.010324478149414
2025-09-16,-114.75,ph,8.009908676147461
2025-09-16,-114.5,ph,8.008737564086914
2025-09-16,-114.25,ph,8.00881576538086
2025-09-16,-114.0,ph,8.009429931640625
2025-09-16,-113.75,ph,8.00941276550293
2025-09-16,-113.5,ph,8.008711814880371
2025-09-16,-113.25,ph,8.008247375488281
2025-09-16,-113.0,ph,8.008848190307617
2025-09-16,-112.75,ph,8.008561134338379
2025-09-16,-112.5,ph,8.008978843688965
2025-09-16,-112.25,ph,8.009835243225098
2025-09-16,-112.0,ph,8.011390686035156
2025-09-16,-111.75,ph,8.01181697845459
2025-09-16,-111.5,ph,8.012117385864258
2025-09-16,-111.25,ph,8.011581420898438
2025-09-16,-111.0,ph,8.011767387390137
2025-09-16,-110.75,ph,8.012128829956055
2025-09-16,-110.5,ph,8.012643814086914
2025-09-16,-110.25,ph,8.012907028198242
2025-09-16,-110.0,ph,8.012736320495605
2025-09-16,-109.75,ph,8.01240062713623
2025-09-16,-109.5,ph,8.011500358581543
2025-09-16,-109.25,ph,8.012298583984375
2025-09-16,-109.0,ph,8.012097358703613
2025-09-16,-108.75,ph,8.012214660644531
2025-09-16,-108.5,ph,8.013019561767578
2025-09-16,-108.25,ph,8.013347625732422
2025-09-16,-108.0,ph,8.013367652893066
2025-09-16,-107.75,ph,8.013237953186035
2025-09-16,-107.5,ph,8.014163970947266
2025-09-16,-107.25,ph,8.01494026184082
2025-09-16,-107.0,ph,8.015399932861328
2025-09-16,-106.75,ph,8.0158109664917
2025-09-16,-106.5,ph,8.01547908782959
2025-09-16,-106.25,ph,8.016463279724121
2025-09-16,-106.0,ph,8.016974449157715
2025-09-16,-105.75,ph,8.018146514892578
2025-09-16,-105.5,ph,8.019796371459961
2025-09-16,-105.25,ph,8.0203218460083
2025-09-16,-105.0,ph,8.02086067199707
2025-09-16,-104.75,ph,8.020720481872559
2025-09-16,-104.5,ph,8.021257400512695
2025-09-16,-104.25,ph,8.021307945251465
2025-09-16,-104.0,ph,8.021686553955078
2025-09-16,-103.75,ph,8.021966934204102
2025-09-16,-103.5,ph,8.022430419921875
2025-09-16,-103.25,ph,8.022759437561035
2025-09-16,-103.0,ph,8.022665023803711
2025-09-16,-102.75,ph,8.022920608520508
2025-09-16,-102.5,ph,8.022896766662598
2025-09-16,-102.25,ph,8.022427558898926
2025-09-16,-102.0,ph,8.022222518920898
2025-09-16,-101.75,ph,8.021810531616211
2025-09-16,-101.5,ph,8.021960258483887
2025-09-16,-101.25,ph,8.022416114807129
2025-09-16,-101.0,ph,8.022637367248535
2025-09-16,-100.75,ph,8.023005485534668
2025-09-16,-100.5,ph,8.023006439208984
2025-09-16,-100.25,ph,8.02309513092041
2025-09-16,-100.0,ph,8.022961616516113
2025-09-16,-99.75,ph,8.023021697998047
2025-09-16,-99.5,ph,8.022845268249512
2025-09-16,-99.25,ph,8.023058891296387
2025-09-16,-99.0,ph,8.022568702697754
2025-09-16,-98.75,ph,8.023005485534668
2025-09-16,-98.5,ph,8.023422241210938
2025-09-16,-98.25,ph,8.024123191833496
2025-09-16,-98.0,ph,8.024149894714355
2025-09-16,-97.75,ph,8.024744987487793
2025-09-16,-97.5,ph,8.02377700805664
2025-09-16,-97.25,ph,8.023174285888672
2025-09-16,-97.0,ph,8.022570610046387
2025-09-16,-96.75,ph,8.022077560424805
2025-09-16,-96.5,ph,8.0220308303833
2025-09-16,-96.25,ph,8.020729064941406
2025-09-16,-96.0,ph,8.019556045532227
2025-09-16,-95.75,ph,8.017610549926758
2025-09-16,-95.5,ph,8.01767635345459
2025-09-16,-95.25,ph,8.01910400390625
2025-09-16,-95.0,ph,8.018619537353516
2025-09-16,-94.75,ph,8.016918182373047
2025-09-16,-94.5,ph,8.01539134979248
2025-09-16,-94.25,ph,8.01539421081543
2025-09-16,-94.0,ph,8.0164213180542
2025-09-16,-93.75,ph,8.016316413879395
2025-09-16,-93.5,ph,8.018056869506836
2025-09-16,-93.25,ph,8.017982482910156
2025-09-16,-93.0,ph,8.017993927001953
2025-09-16,-92.75,ph,8.018119812011719
2025-09-16,-92.5,ph,8.017783164978027
2025-09-16,-92.25,ph,8.015844345092773
2025-09-16,-92.0,ph,8.015892028808594
2025-09-16,-91.75,ph,8.016185760498047
2025-09-16,-91.5,ph,8.015819549560547
2025-09-16,-91.25,ph,8.016125679016113
2025-09-16,-91.0,ph,8.016233444213867
2025-09-16,-90.75,ph,8.015968322753906
2025-09-16,-90.5,ph,8.015740394592285
2025-09-16,-90.25,ph,8.016741752624512
2025-09-16,-90.0,ph,8.016596794128418
2025-09-16,-89.75,ph,8.01612377166748
2025-09-16,-89.5,ph,8.015816688537598
2025-09-16,-89.25,ph,8.015137672424316
2025-09-16,-89.0,ph,8.015266418457031
2025-09-16,-88.75,ph,8.014461517333984
2025-09-16,-88.5,ph,8.013686180114746
2025-09-16,-88.25,ph,8.012985229492188
2025-09-16,-88.0,ph,8.01234245300293
2025-09-16,-87.75,ph,8.01274585723877
2025-09-16,-87.5,ph,8.01198673248291
2025-09-16,-87.25,ph,8.01213264465332
2025-09-16,-87.0,ph,8.012110710144043
2025-09-16,-86.75,ph,8.012927055358887
2025-09-16,-86.5,ph,8.013915061950684
2025-09-16,-86.25,ph,8.014660835266113
2025-09-16,-86.0,ph,8.015864372253418
2025-09-16,-85.75,ph,8.015902519226074
2025-09-16,-85.5,ph,8.01626205444336
2025-09-16,-85.25,ph,8.016021728515625
2025-09-16,-85.0,ph,8.01595401763916
2025-09-16,-84.75,ph,8.015681266784668
2025-09-16,-84.5,ph,8.015229225158691
2025-09-16,-84.25,ph,8.014586448669434
2025-09-16,-84.0,ph,8.014363288879395
2025-09-16,-83.75,ph,8.013861656188965
2025-09-16,-83.5,ph,8.013365745544434
2025-09-16,-83.25,ph,8.012989044189453
2025-09-16,-83.0,ph,8.013030052185059
2025-09-16,-82.75,ph,8.012792587280273
2025-09-16,-82.5,ph,8.013057708740234
2025-09-16,-82.25,ph,8.011636734008789
2025-09-16,-82.0,ph,8.010919570922852
2025-09-16,-81.75,ph,8.010733604431152
2025-09-16,-81.5,ph,8.010675430297852
2025-09-16,-81.25,ph,8.010921478271484
2025-09-16,-81.0,ph,8.01132869720459
2025-09-16,-80.75,ph,8.010781288146973
2025-09-16,-80.5,ph,8.009696006774902
2025-09-16,-80.25,ph,8.008829116821289
2025-09-16,-80.0,ph,8.007546424865723
2025-09-16,-79.75,ph,8.007489204406738
2025-09-16,-79.5,ph,8.008686065673828
2025-09-16,-79.25,ph,8.009007453918457
2025-09-16,-79.0,ph,8.008158683776855
2025-09-16,-78.75,ph,8.009448051452637
2025-09-16,-78.5,ph,8.010068893432617
2025-09-16,-78.25,ph,8.01099681854248
2025-09-16,-78.0,ph,8.012184143066406
2025-09-16,-77.75,ph,8.012624740600586
2025-09-16,-77.5,ph,8.013548851013184
2025-09-16,-77.25,ph,8.012666702270508
2025-09-16,-77.0,ph,8.01428508758545
2025-09-16,-76.75,ph,8.014842987060547
2025-09-16,-76.5,ph,8.016013145446777
2025-09-16,-76.25,ph,8.019631385803223
2025-09-16,-76.0,ph,8.020697593688965
2025-09-16,-75.75,ph,8.022019386291504
2025-09-16,-75.5,ph,8.022773742675781
2025-09-16,-75.25,ph,8.02340030670166
2025-09-16,-75.0,ph,8.024292945861816
2025-09-16,-74.75,ph,8.023161888122559
2025-09-16,-74.5,ph,8.021537780761719
2025-09-16,-74.25,ph,8.020406723022461
2025-09-16,-74.0,ph,8.019808769226074
2025-09-16,-73.75,ph,8.018381118774414
2025-09-16,-73.5,ph,8.017965316772461
2025-09-16,-73.25,ph,8.017864227294922
2025-09-16,-73.0,ph,8.015178680419922
2025-09-16,-72.75,ph,8.014237403869629
2025-09-16,-72.5,ph,8.013118743896484
2025-09-16,-72.25,ph,8.011387825012207
2025-09-16,-72.0,ph,8.009942054748535
2025-09-16,-71.75,ph,8.009037017822266
2025-09-16,-71.5,ph,8.014487266540527
2025-09-16,-71.25,ph,8.01745319366455
2025-09-16,-71.0,ph,8.014301300048828
2025-09-16,-70.75,ph,8.010817527770996
2025-09-16,-70.5,ph,8.015053749084473
2025-09-16,-70.25,ph,8.017980575561523
2025-09-16,-70.0,ph,8.021346092224121
2025-09-16,-69.75,ph,8.020332336425781
2025-09-16,-69.5,ph,8.01924991607666
2025-09-16,-69.25,ph,8.018915176391602
2025-09-16,-69.0,ph,8.019721984863281
2025-09-16,-68.75,ph,8.02039909362793
2025-09-16,-68.5,ph,8.021210670471191
2025-09-16,-68.25,ph,8.018609046936035
2025-09-16,-68.0,ph,8.019518852233887
2025-09-16,-67.75,ph,8.017990112304688
2025-09-16,-67.5,ph,8.019172668457031
2025-09-16,-67.25,ph,8.019107818603516
2025-09-16,-67.0,ph,8.018301963806152
2025-09-16,-66.75,ph,8.018329620361328
2025-09-16,-66.5,ph,8.018899917602539
2025-09-16,-66.25,ph,8.018899917602539
2025-09-16,-66.0,ph,8.018548011779785
2025-09-16,-65.75,ph,8.019638061523438
2025-09-16,-65.5,ph,8.019644737243652
2025-09-16,-65.25,ph,8.019878387451172
2025-09-16,-65.0,ph,8.020607948303223
2025-09-16,-64.75,ph,8.019694328308105
2025-09-16,-64.5,ph,8.019429206848145
2025-09-16,-64.25,ph,8.018372535705566
2025-09-16,-64.0,ph,8.018377304077148
2025-09-16,-63.75,ph,8.01815128326416
2025-09-16,-63.5,ph,8.018427848815918
2025-09-16,-63.25,ph,8.018294334411621
2025-09-16,-63.0,ph,8.018567085266113
2025-09-16,-62.75,ph,8.018195152282715
2025-09-16,-62.5,ph,8.01379680633545
2025-09-16,-62.25,ph,8.013833999633789
2025-09-16,-62.0,ph,8.015695571899414
2025-09-16,-61.75,ph,8.016002655029297
2025-09-16,-61.5,ph,8.016377449035645
2025-09-16,-61.25,ph,8.019268035888672
2025-09-16,-61.0,ph,8.020514488220215
2025-09-16,-60.75,ph,8.020074844360352
2025-09-16,-60.5,ph,8.022334098815918
2025-09-16,-60.25,ph,8.023531913757324
2025-09-16,-60.0,ph,8.023895263671875
2025-09-16,-59.75,ph,8.024118423461914
2025-09-16,-59.5,ph,8.02381420135498
2025-09-16,-59.25,ph,8.024075508117676
2025-09-16,-59.0,ph,8.023731231689453
2025-09-16,-58.75,ph,8.023171424865723
2025-09-16,-58.5,ph,8.023486137390137
2025-09-16,-58.25,ph,8.01582145690918
2025-09-16,-58.0,ph,8.012035369873047
2025-09-16,-57.75,ph,8.016866683959961
2025-09-16,-57.5,ph,8.020090103149414
2025-09-16,-57.25,ph,8.016749382019043
2025-09-16,-57.0,ph,8.014566421508789
2025-09-16,-56.75,ph,8.01818561553955
2025-09-16,-56.5,ph,8.01887321472168
2025-09-16,-56.25,ph,8.020757675170898
2025-09-16,-56.0,ph,8.02252197265625
2025-09-16,-55.75,ph,8.022292137145996
2025-09-16,-55.5,ph,8.023567199707031
2025-09-16,-55.25,ph,8.02426815032959
2025-09-16,-55.0,ph,8.024860382080078
2025-09-16,-54.75,ph,8.02479076385498
2025-09-16,-54.5,ph,8.024489402770996
2025-09-16,-54.25,ph,8.024255752563477
2025-09-16,-54.0,ph,8.024175643920898
2025-09-16,-53.75,ph,8.023487091064453
2025-09-16,-53.5,ph,8.022830963134766
2025-09-16,-53.25,ph,8.022513389587402
2025-09-16,-53.0,ph,8.022061347961426
2025-09-16,-52.75,ph,8.021209716796875
2025-09-16,-52.5,ph,8.020920753479004
2025-09-16,-52.25,ph,8.021356582641602
2025-09-16,-52.0,ph,8.021635055541992
2025-09-16,-51.75,ph,8.021860122680664
2025-09-16,-51.5,ph,8.022119522094727
2025-09-16,-51.25,ph,8.021406173706055
2025-09-16,-51.0,ph,8.019519805908203
2025-09-16,-50.75,ph,8.018348693847656
2025-09-16,-50.5,ph,8.018274307250977
2025-09-16,-50.25,ph,8.015483856201172
2025-09-16,-50.0,ph,8.016104698181152
2025-09-16,-49.75,ph,8.017468452453613
2025-09-16,-49.5,ph,8.018899917602539
2025-09-16,-49.25,ph,8.019072532653809
2025-09-16,-49.0,ph,8.019244194030762
2025-09-16,-48.75,ph,8.019709587097168
2025-09-16,-48.5,ph,8.020441055297852
2025-09-16,-48.25,ph,8.020550727844238
2025-09-16,-48.0,ph,8.020872116088867
2025-09-16,-47.75,ph,8.020604133605957
2025-09-16,-47.5,ph,8.020134925842285
2025-09-16,-47.25,ph,8.019654273986816
2025-09-16,-47.0,ph,8.019485473632812
2025-09-16,-46.75,ph,8.019158363342285
2025-09-16,-46.5,ph,8.019299507141113
2025-09-16,-46.25,ph,8.019461631774902
2025-09-16,-46.0,ph,8.019725799560547
2025-09-16,-45.75,ph,8.019613265991211
2025-09-16,-45.5,ph,8.019590377807617
2025-09-16,-45.25,ph,8.019519805908203
2025-09-16,-45.0,ph,8.01936149597168
2025-09-16,-44.75,ph,8.018892288208008
2025-09-16,-44.5,ph,8.018980979919434
2025-09-16,-44.25,ph,8.019003868103027
2025-09-16,-44.0,ph,8.01932430267334
2025-09-16,-43.75,ph,8.019431114196777
2025-09-16,-43.5,ph,8.019407272338867
2025-09-16,-43.25,ph,8.019434928894043
2025-09-16,-43.0,ph,8.019619941711426
2025-09-16,-42.75,ph,8.01964282989502
2025-09-16,-42.5,ph,8.01962947845459
2025-09-16,-42.25,ph,8.020024299621582
2025-09-16,-42.0,ph,8.019743919372559
2025-09-16,-41.75,ph,8.019637107849121
2025-09-16,-41.5,ph,8.019458770751953
2025-09-16,-41.25,ph,8.019224166870117
2025-09-16,-41.0,ph,8.019041061401367
2025-09-16,-40.75,ph,8.019434928894043
2025-09-16,-40.5,ph,8.019587516784668
2025-09-16,-40.25,ph,8.019630432128906
2025-09-16,-40.0,ph,8.019526481628418
2025-09-16,-39.75,ph,8.019439697265625
2025-09-16,-39.5,ph,8.01978874206543
2025-09-16,-39.25,ph,8.019942283630371
2025-09-16,-39.0,ph,8.020485877990723
2025-09-16,-38.75,ph,8.020933151245117
2025-09-16,-38.5,ph,8.020965576171875
2025-09-16,-38.25,ph,8.020990371704102
2025-09-16,-38.0,ph,8.021217346191406
2025-09-16,-37.75,ph,8.021345138549805
2025-09-16,-37.5,ph,8.02160930633545
2025-09-16,-37.25,ph,8.021574974060059
2025-09-16,-37.0,ph,8.021702766418457
2025-09-16,-36.75,ph,8.021699905395508
2025-09-16,-36.5,ph,8.021808624267578
2025-09-16,-36.25,ph,8.021733283996582
2025-09-16,-36.0,ph,8.021737098693848
2025-09-16,-35.75,ph,8.021621704101562
2025-09-16,-35.5,ph,8.021413803100586
2025-09-16,-35.25,ph,8.021211624145508
2025-09-16,-35.0,ph,8.021037101745605
2025-09-16,-34.75,ph,8.020964622497559
2025-09-16,-34.5,ph,8.02110767364502
2025-09-16,-34.25,ph,8.021132469177246
2025-09-16,-34.0,ph,8.021498680114746
2025-09-16,-33.75,ph,8.021757125854492
2025-09-16,-33.5,ph,8.02196979522705
2025-09-16,-33.25,ph,8.022162437438965
2025-09-16,-33.0,ph,8.0222806930542
2025-09-16,-32.75,ph,8.022271156311035
2025-09-16,-32.5,ph,8.022165298461914
2025-09-16,-32.25,ph,8.022122383117676
2025-09-16,-32.0,ph,8.022157669067383
2025-09-16,-31.75,ph,8.022195816040039
2025-09-16,-31.5,ph,8.02215576171875
2025-09-16,-31.25,ph,8.022138595581055
2025-09-16,-31.0,ph,8.0220947265625
2025-09-16,-30.75,ph,8.022032737731934
2025-09-16,-30.5,ph,8.02208423614502
2025-09-16,-30.25,ph,8.02202033996582
2025-09-16,-30.0,ph,8.022109985351562
2025-09-16,-29.75,ph,8.022409439086914
2025-09-16,-29.5,ph,8.022635459899902
2025-09-16,-29.25,ph,8.022784233093262
2025-09-16,-29.0,ph,8.022811889648438
2025-09-16,-28.75,ph,8.022846221923828
2025-09-16,-28.5,ph,8.02287483215332
2025-09-16,-28.25,ph,8.022937774658203
2025-09-16,-28.0,ph,8.023027420043945
2025-09-16,-27.75,ph,8.023083686828613
2025-09-16,-27.5,ph,8.023176193237305
2025-09-16,-27.25,ph,8.023149490356445
2025-09-16,-27.0,ph,8.0231351852417
2025-09-16,-26.75,ph,8.023062705993652
2025-09-16,-26.5,ph,8.023104667663574
2025-09-16,-26.25,ph,8.023048400878906
2025-09-16,-26.0,ph,8.022990226745605
2025-09-16,-25.75,ph,8.023001670837402
2025-09-16,-25.5,ph,8.023195266723633
2025-09-16,-25.25,ph,8.02324104309082
2025-09-16,-25.0,ph,8.023245811462402
2025-09-16,-24.75,ph,8.02314567565918
2025-09-16,-24.5,ph,8.023239135742188
2025-09-16,-24.25,ph,8.023061752319336
2025-09-16,-24.0,ph,8.022961616516113
2025-09-16,-23.75,ph,8.022848129272461
2025-09-16,-23.5,ph,8.023088455200195
2025-09-16,-23.25,ph,8.0231294631958
2025-09-16,-23.0,ph,8.023083686828613
2025-09-16,-22.75,ph,8.023136138916016
2025-09-16,-22.5,ph,8.023314476013184
2025-09-16,-22.25,ph,8.023722648620605
2025-09-16,-22.0,ph,8.024179458618164
2025-09-16,-21.75,ph,8.024346351623535
2025-09-16,-21.5,ph,8.024505615234375
2025-09-16,-21.25,ph,8.024506568908691
2025-09-16,-21.0,ph,8.0248441696167
2025-09-16,-20.75,ph,8.02505874633789
2025-09-16,-20.5,ph,8.025304794311523
2025-09-16,-20.25,ph,8.025104522705078
2025-09-16,-20.0,ph,8.02530288696289
2025-09-16,-19.75,ph,8.025330543518066
2025-09-16,-19.5,ph,8.025404930114746
2025-09-16,-19.25,ph,8.02574634552002
2025-09-16,-19.0,ph,8.026285171508789
2025-09-16,-18.75,ph,8.026687622070312
2025-09-16,-18.5,ph,8.027016639709473
2025-09-16,-18.25,ph,8.027198791503906
2025-09-16,-18.0,ph,8.027481079101562
2025-09-16,-17.75,ph,8.027397155761719
2025-09-16,-17.5,ph,8.02727222442627
2025-09-16,-17.25,ph,8.027327537536621
2025-09-16,-17.0,ph,8.028498649597168
2025-09-16,-16.75,ph,8.029817581176758
2025-09-16,-16.5,ph,8.0303955078125
2025-09-16,-16.25,ph,8.030553817749023
2025-09-16,-16.0,ph,8.031118392944336
2025-09-16,-15.75,ph,8.031244277954102
2025-09-16,-15.5,ph,8.031227111816406
2025-09-16,-15.25,ph,8.031363487243652
2025-09-16,-15.0,ph,8.031505584716797
2025-09-16,-14.75,ph,8.031757354736328
2025-09-16,-14.5,ph,8.032039642333984
2025-09-16,-14.25,ph,8.032079696655273
2025-09-16,-14.0,ph,8.032210350036621
2025-09-16,-13.75,ph,8.031624794006348
2025-09-16,-13.5,ph,8.031726837158203
2025-09-16,-13.25,ph,8.031609535217285
2025-09-16,-13.0,ph,8.031981468200684
2025-09-16,-12.75,ph,8.031752586364746
2025-09-16,-12.5,ph,8.03226375579834
2025-09-16,-12.25,ph,8.032158851623535
2025-09-16,-12.0,ph,8.032159805297852
2025-09-16,-11.75,ph,8.03217601776123
2025-09-16,-11.5,ph,8.032309532165527
2025-09-16,-11.25,ph,8.032374382019043
2025-09-16,-11.0,ph,8.032670021057129
2025-09-16,-10.75,ph,8.033175468444824
2025-09-16,-10.5,ph,8.033587455749512
2025-09-16,-10.25,ph,8.033903121948242
2025-09-16,-10.0,ph,8.033994674682617
2025-09-16,-9.75,ph,8.033926010131836
2025-09-16,-9.5,ph,8.034225463867188
2025-09-16,-9.25,ph,8.034414291381836
2025-09-16,-9.0,ph,8.034141540527344
2025-09-16,-8.75,ph,8.033960342407227
2025-09-16,-8.5,ph,8.033879280090332
2025-09-16,-8.25,ph,8.03377914428711
2025-09-16,-8.0,ph,8.033628463745117
2025-09-16,-7.75,ph,8.033289909362793
2025-09-16,-7.5,ph,8.033162117004395
2025-09-16,-7.25,ph,8.032831192016602
2025-09-16,-7.0,ph,8.032395362854004
2025-09-16,-6.75,ph,8.03210163116455
2025-09-16,-6.5,ph,8.032337188720703
2025-09-16,-6.25,ph,8.032546043395996
2025-09-16,-6.0,ph,8.03232192993164
2025-09-16,-5.75,ph,8.0321626663208
2025-09-16,-5.5,ph,8.031991958618164
2025-09-16,-5.25,ph,8.031783103942871
2025-09-16,-5.0,ph,8.031715393066406
2025-09-16,-4.75,ph,8.031444549560547
2025-09-16,-4.5,ph,8.03164005279541
2025-09-16,-4.25,ph,8.031682968139648
2025-09-16,-4.0,ph,8.031599044799805
2025-09-16,-3.75,ph,8.031558990478516
2025-09-16,-3.5,ph,8.031481742858887
2025-09-16,-3.25,ph,8.031517028808594
2025-09-16,-3.0,ph,8.031383514404297
2025-09-16,-2.75,ph,8.030993461608887
2025-09-16,-2.5,ph,8.031037330627441
2025-09-16,-2.25,ph,8.031091690063477
2025-09-16,-2.0,ph,8.031309127807617
2025-09-16,-1.75,ph,8.030911445617676
2025-09-16,-1.5,ph,8.030781745910645
2025-09-16,-1.25,ph,8.0310640335083
2025-09-16,-1.0,ph,8.031839370727539
2025-09-16,-0.75,ph,8.031661987304688
2025-09-16,-0.5,ph,8.031225204467773
2025-09-16,-0.25,ph,8.030535697937012
2025-09-16,0.0,ph,8.029518127441406
2025-09-16,0.25,ph,8.029420852661133
2025-09-16,0.5,ph,8.02859878540039
2025-09-16,0.75,ph,8.028318405151367
2025-09-16,1.0,ph,8.02840805053711
2025-09-16,1.25,ph,8.027517318725586
2025-09-16,1.5,ph,8.027499198913574
2025-09-16,1.75,ph,8.027229309082031
2025-09-16,2.0,ph,8.026809692382812
2025-09-16,2.25,ph,8.026419639587402
2025-09-16,2.5,ph,8.026107788085938
2025-09-16,2.75,ph,8.02597427368164
2025-09-16,3.0,ph,8.02573299407959
2025-09-16,3.25,ph,8.025547981262207
2025-09-16,3.5,ph,8.025276184082031
2025-09-16,3.75,ph,8.025411605834961
2025-09-16,4.0,ph,8.025483131408691
2025-09-16,4.25,ph,8.025038719177246
2025-09-16,4.5,ph,8.024680137634277
2025-09-16,4.75,ph,8.024415016174316
2025-09-16,5.0,ph,8.024148941040039
2025-09-16,5.25,ph,8.024206161499023
2025-09-16,5.5,ph,8.023879051208496
2025-09-16,5.75,ph,8.02385139465332
2025-09-16,6.0,ph,8.023541450500488
2025-09-16,6.25,ph,8.023871421813965
2025-09-16,6.5,ph,8.023375511169434
2025-09-16,6.75,ph,8.022927284240723
2025-09-16,7.0,ph,8.022575378417969
2025-09-16,7.25,ph,8.022708892822266
2025-09-16,7.5,ph,8.022912979125977
2025-09-16,7.75,ph,8.022953987121582
2025-09-16,8.0,ph,8.022891998291016
2025-09-16,8.25,ph,8.023006439208984
2025-09-16,8.5,ph,8.023148536682129
2025-09-16,8.75,ph,8.022744178771973
2025-09-16,9.0,ph,8.021785736083984
2025-09-16,9.25,ph,8.020123481750488
2025-09-16,9.5,ph,8.01931095123291
2025-09-16,9.75,ph,8.018082618713379
2025-09-16,10.0,ph,8.017951965332031
2025-09-16,10.25,ph,8.017532348632812
2025-09-16,10.5,ph,8.016721725463867
2025-09-16,10.75,ph,8.01603889465332
2025-09-16,11.0,ph,8.014674186706543
2025-09-16,11.25,ph,8.012314796447754
2025-09-16,11.5,ph,8.00954532623291
2025-09-16,11.75,ph,8.007473945617676
2025-09-16,12.0,ph,8.007532119750977
2025-09-16,12.25,ph,8.010011672973633
2025-09-16,12.5,ph,8.014355659484863
2025-09-16,12.75,ph,8.014015197753906
2025-09-16,13.0,ph,8.014548301696777
2025-09-16,13.25,ph,8.016490936279297
2025-09-16,13.5,ph,8.017608642578125
2025-09-16,13.75,ph,8.017738342285156
2025-09-16,14.0,ph,8.018694877624512
2025-09-16,14.25,ph,8.017044067382812
2025-09-16,14.5,ph,8.018607139587402
2025-09-16,14.75,ph,8.019246101379395
2025-09-16,15.0,ph,8.022499084472656
2025-09-16,15.25,ph,8.022571563720703
2025-09-16,15.5,ph,8.020977020263672
2025-09-16,15.75,ph,8.021578788757324
2025-09-16,16.0,ph,8.021754264831543
2025-09-16,16.25,ph,8.022153854370117
2025-09-16,16.5,ph,8.021503448486328
2025-09-16,16.75,ph,8.019298553466797
2025-09-16,17.0,ph,8.01852035522461
2025-09-16,17.25,ph,8.016761779785156
2025-09-16,17.5,ph,8.01433277130127
2025-09-16,17.75,ph,8.013985633850098
2025-09-16,18.0,ph,8.013893127441406
2025-09-16,18.25,ph,8.0127534866333
2025-09-16,18.5,ph,8.011555671691895
2025-09-16,18.75,ph,8.011258125305176
2025-09-16,19.0,ph,8.009710311889648
2025-09-16,19.25,ph,8.009855270385742
2025-09-16,19.5,ph,8.009559631347656
2025-09-16,19.75,ph,8.010135650634766
2025-09-16,20.0,ph,8.011006355285645
2025-09-16,20.25,ph,8.012393951416016
2025-09-16,20.5,ph,8.012511253356934
2025-09-16,20.75,ph,8.012938499450684
2025-09-16,21.0,ph,8.013349533081055
2025-09-16,21.25,ph,8.012904167175293
2025-09-16,21.5,ph,8.014166831970215
2025-09-16,21.75,ph,8.012921333312988
2025-09-16,22.0,ph,8.011959075927734
2025-09-16,22.25,ph,8.011967658996582
2025-09-16,22.5,ph,8.013608932495117
2025-09-16,22.75,ph,8.013117790222168
2025-09-16,23.0,ph,8.011157989501953
2025-09-16,23.25,ph,8.009368896484375
2025-09-16,23.5,ph,8.011504173278809
2025-09-16,23.75,ph,8.010473251342773
2025-09-16,24.0,ph,8.011786460876465
2025-09-16,24.25,ph,8.013021469116211
2025-09-16,24.5,ph,8.01803970336914
2025-09-16,24.75,ph,8.020235061645508
2025-09-16,25.0,ph,8.019686698913574
2025-09-16,25.25,ph,8.021587371826172
2025-09-16,25.5,ph,8.024520874023438
2025-09-16,25.75,ph,8.025168418884277
2025-09-16,26.0,ph,8.025508880615234
2025-09-16,26.25,ph,8.025012016296387
2025-09-16,26.5,ph,8.024590492248535
2025-09-16,26.75,ph,8.02437686920166
2025-09-16,27.0,ph,8.022282600402832
2025-09-16,27.25,ph,8.020556449890137
2025-09-16,27.5,ph,8.02155590057373
2025-09-16,27.75,ph,8.022393226623535
2025-09-16,28.0,ph,8.022857666015625
2025-09-16,28.25,ph,8.024466514587402
2025-09-16,28.5,ph,8.024792671203613
2025-09-16,28.75,ph,8.027743339538574
2025-09-16,29.0,ph,8.029166221618652
2025-09-16,29.25,ph,8.030181884765625
2025-09-16,29.5,ph,8.031529426574707
2025-09-16,29.75,ph,8.031380653381348
2025-09-16,30.0,ph,8.03179931640625
2025-09-16,30.25,ph,8.035065650939941
2025-09-16,30.5,ph,8.035242080688477
2025-09-16,30.75,ph,8.036140441894531
2025-09-16,31.0,ph,8.037164688110352
2025-09-16,31.25,ph,8.0374174118042
2025-09-16,31.5,ph,8.037369728088379
2025-09-16,31.75,ph,8.036657333374023
2025-09-16,32.0,ph,8.036076545715332
2025-09-16,32.25,ph,8.035598754882812
2025-09-16,32.5,ph,8.036243438720703
2025-09-16,32.75,ph,8.036571502685547
2025-09-16,33.0,ph,8.037049293518066
2025-09-16,33.25,ph,8.03634262084961
2025-09-16,33.5,ph,8.0353364944458
2025-09-16,33.75,ph,8.034524917602539
2025-09-16,34.0,ph,8.034767150878906
2025-09-16,34.25,ph,8.034650802612305
2025-09-16,34.5,ph,8.034551620483398
2025-09-16,34.75,ph,8.032975196838379
2025-09-16,35.0,ph,8.032801628112793
2025-09-16,35.25,ph,8.033910751342773
2025-09-16,35.5,ph,8.035664558410645
2025-09-16,35.75,ph,8.036550521850586
2025-09-16,36.0,ph,8.037303924560547
2025-09-16,36.25,ph,8.037735939025879
2025-09-16,36.5,ph,8.037043571472168
2025-09-16,36.75,ph,8.037203788757324
2025-09-16,37.0,ph,8.037463188171387
2025-09-16,37.25,ph,8.03683090209961
2025-09-16,37.5,ph,8.03609848022461
2025-09-16,37.75,ph,8.035772323608398
2025-09-16,38.0,ph,8.035506248474121
2025-09-16,38.25,ph,8.036195755004883
2025-09-16,38.5,ph,8.03624153137207
2025-09-16,38.75,ph,8.036328315734863
2025-09-16,39.0,ph,8.035454750061035
2025-09-16,39.25,ph,8.03475284576416
2025-09-16,39.5,ph,8.034124374389648
2025-09-16,39.75,ph,8.033994674682617
2025-09-16,40.0,ph,8.033651351928711
2025-09-16,40.25,ph,8.033270835876465
2025-09-16,40.5,ph,8.034323692321777
2025-09-16,40.75,ph,8.034072875976562
2025-09-16,41.0,ph,8.033797264099121
2025-09-16,41.25,ph,8.033802032470703
2025-09-16,41.5,ph,8.03355598449707
2025-09-16,41.75,ph,8.033588409423828
2025-09-16,42.0,ph,8.033040046691895
2025-09-16,42.25,ph,8.032761573791504
2025-09-16,42.5,ph,8.03323745727539
2025-09-16,42.75,ph,8.033646583557129
2025-09-16,43.0,ph,8.03427505493164
2025-09-16,43.25,ph,8.033793449401855
2025-09-16,43.5,ph,8.033563613891602
2025-09-16,43.75,ph,8.032267570495605
2025-09-16,44.0,ph,8.032326698303223
2025-09-16,44.25,ph,8.0333890914917
2025-09-16,44.5,ph,8.034196853637695
2025-09-16,44.75,ph,8.034226417541504
2025-09-16,45.0,ph,8.033852577209473
2025-09-16,45.25,ph,8.033782005310059
2025-09-16,45.5,ph,8.033683776855469
2025-09-16,45.75,ph,8.033088684082031
2025-09-16,46.0,ph,8.03315258026123
2025-09-16,46.25,ph,8.033312797546387
2025-09-16,46.5,ph,8.033753395080566
2025-09-16,46.75,ph,8.034067153930664
2025-09-16,47.0,ph,8.03427505493164
2025-09-16,47.25,ph,8.034403800964355
2025-09-16,47.5,ph,8.03439712524414
2025-09-16,47.75,ph,8.034337043762207
2025-09-16,48.0,ph,8.035181999206543
2025-09-16,48.25,ph,8.036097526550293
2025-09-16,48.5,ph,8.03602123260498
2025-09-16,48.75,ph,8.035975456237793
2025-09-16,49.0,ph,8.035406112670898
2025-09-16,49.25,ph,8.03529167175293
2025-09-16,49.5,ph,8.035147666931152
2025-09-16,49.75,ph,8.03542709350586
2025-09-16,50.0,ph,8.03496265411377
2025-09-16,50.25,ph,8.034195899963379
2025-09-16,50.5,ph,8.034104347229004
2025-09-16,50.75,ph,8.033798217773438
2025-09-16,51.0,ph,8.033082008361816
2025-09-16,51.25,ph,8.032630920410156
2025-09-16,51.5,ph,8.032200813293457
2025-09-16,51.75,ph,8.03226375579834
2025-09-16,52.0,ph,8.032252311706543
2025-09-16,52.25,ph,8.031892776489258
2025-09-16,52.5,ph,8.031868934631348
2025-09-16,52.75,ph,8.03222942352295
2025-09-16,53.0,ph,8.032691955566406
2025-09-16,53.25,ph,8.032977104187012
2025-09-16,53.5,ph,8.03327465057373
2025-09-16,53.75,ph,8.033538818359375
2025-09-16,54.0,ph,8.033110618591309
2025-09-16,54.25,ph,8.03304386138916
2025-09-16,54.5,ph,8.033220291137695
2025-09-16,54.75,ph,8.033602714538574
2025-09-16,55.0,ph,8.033761024475098
2025-09-16,55.25,ph,8.03335952758789
2025-09-16,55.5,ph,8.032588005065918
2025-09-16,55.75,ph,8.032596588134766
2025-09-16,56.0,ph,8.032920837402344
2025-09-16,56.25,ph,8.032766342163086
2025-09-16,56.5,ph,8.031807899475098
2025-09-16,56.75,ph,8.031033515930176
2025-09-16,57.0,ph,8.030998229980469
2025-09-16,57.25,ph,8.031306266784668
2025-09-16,57.5,ph,8.031135559082031
2025-09-16,57.75,ph,8.030620574951172
2025-09-16,58.0,ph,8.030618667602539
2025-09-16,58.25,ph,8.030525207519531
2025-09-16,58.5,ph,8.030497550964355
2025-09-16,58.75,ph,8.030317306518555
2025-09-16,59.0,ph,8.030311584472656
2025-09-16,59.25,ph,8.029938697814941
2025-09-16,59.5,ph,8.029496192932129
2025-09-16,59.75,ph,8.029335975646973
2025-09-16,60.0,ph,8.029107093811035
2025-09-16,60.25,ph,8.029111862182617
2025-09-16,60.5,ph,8.029278755187988
2025-09-16,60.75,ph,8.029378890991211
2025-09-16,61.0,ph,8.029009819030762
2025-09-16,61.25,ph,8.028757095336914
2025-09-16,61.5,ph,8.028360366821289
2025-09-16,61.75,ph,8.02823543548584
2025-09-16,62.0,ph,8.028397560119629
2025-09-16,62.25,ph,8.028589248657227
2025-09-16,62.5,ph,8.028678894042969
2025-09-16,62.75,ph,8.028594970703125
2025-09-16,63.0,ph,8.02854061126709
2025-09-16,63.25,ph,8.028521537780762
2025-09-16,63.5,ph,8.028599739074707
2025-09-16,63.75,ph,8.028703689575195
2025-09-16,64.0,ph,8.028610229492188
2025-09-16,64.25,ph,8.028643608093262
2025-09-16,64.5,ph,8.028803825378418
2025-09-16,64.75,ph,8.028929710388184
2025-09-16,65.0,ph,8.029067993164062
2025-09-16,65.25,ph,8.028948783874512
2025-09-16,65.5,ph,8.029034614562988
2025-09-16,65.75,ph,8.029033660888672
2025-09-16,66.0,ph,8.029070854187012
2025-09-16,66.25,ph,8.029059410095215
2025-09-16,66.5,ph,8.028870582580566
2025-09-16,66.75,ph,8.02900218963623
2025-09-16,67.0,ph,8.029419898986816
2025-09-16,67.25,ph,8.029406547546387
2025-09-16,67.5,ph,8.029499053955078
2025-09-16,67.75,ph,8.029050827026367
2025-09-16,68.0,ph,8.029133796691895
2025-09-16,68.25,ph,8.029439926147461
2025-09-16,68.5,ph,8.029496192932129
2025-09-16,68.75,ph,8.029630661010742
2025-09-16,69.0,ph,8.030106544494629
2025-09-16,69.25,ph,8.030594825744629
2025-09-16,69.5,ph,8.030893325805664
2025-09-16,69.75,ph,8.030863761901855
2025-09-16,70.0,ph,8.030817985534668
2025-09-16,70.25,ph,8.03091049194336
2025-09-16,70.5,ph,8.03024959564209
2025-09-16,70.75,ph,8.030399322509766
2025-09-16,71.0,ph,8.030415534973145
2025-09-16,71.25,ph,8.029932975769043
2025-09-16,71.5,ph,8.029890060424805
2025-09-16,71.75,ph,8.023619651794434
2025-09-16,72.0,ph,8.024314880371094
2025-09-16,72.25,ph,8.023961067199707
2025-09-16,72.5,ph,8.019049644470215
2025-09-16,72.75,ph,8.017175674438477
2025-09-16,73.0,ph,8.016680717468262
2025-09-16,73.25,ph,8.014998435974121
2025-09-16,73.5,ph,8.01379108428955
2025-09-16,73.75,ph,8.01423454284668
2025-09-16,74.0,ph,8.018588066101074
2025-09-16,74.25,ph,8.020602226257324
2025-09-16,74.5,ph,8.02358627319336
2025-09-16,74.75,ph,8.025164604187012
2025-09-16,75.0,ph,8.027999877929688
2025-09-16,75.25,ph,8.02161979675293
2025-09-16,75.5,ph,8.01907730102539
2025-09-16,75.75,ph,8.018540382385254
2025-09-16,76.0,ph,8.018489837646484
2025-09-16,76.25,ph,8.0188570022583
2025-09-16,76.5,ph,8.020681381225586
2025-09-16,76.75,ph,8.019752502441406
2025-09-16,77.0,ph,8.019371032714844
2025-09-16,77.25,ph,8.02100658416748
2025-09-16,77.5,ph,8.020085334777832
2025-09-16,77.75,ph,8.026020050048828
2025-09-16,78.0,ph,8.027379989624023
2025-09-16,78.25,ph,8.027140617370605
2025-09-16,78.5,ph,8.02690601348877
2025-09-16,78.75,ph,8.02692985534668
2025-09-16,79.0,ph,8.026623725891113
2025-09-16,79.25,ph,8.026163101196289
2025-09-16,79.5,ph,8.025494575500488
2025-09-16,79.75,ph,8.02366828918457
2025-09-16,80.0,ph,8.024250984191895
2025-09-16,80.25,ph,8.023879051208496
2025-09-16,80.5,ph,8.02310848236084
2025-09-16,80.75,ph,8.023313522338867
2025-09-16,81.0,ph,8.026686668395996
2025-09-16,81.25,ph,8.026408195495605
2025-09-16,81.5,ph,8.026691436767578
2025-09-16,81.75,ph,8.026863098144531
2025-09-16,82.0,ph,8.026908874511719
2025-09-16,82.25,ph,8.027037620544434
2025-09-16,82.5,ph,8.028854370117188
2025-09-16,82.75,ph,8.030485153198242
2025-09-16,83.0,ph,8.030569076538086
2025-09-16,83.25,ph,8.032240867614746
2025-09-16,83.5,ph,8.03231143951416
2025-09-16,83.75,ph,8.032393455505371
2025-09-16,84.0,ph,8.032455444335938
2025-09-16,84.25,ph,8.032530784606934
2025-09-16,84.5,ph,8.03265380859375
2025-09-16,84.75,ph,8.032796859741211
2025-09-16,85.0,ph,8.03282642364502
2025-09-16,85.25,ph,8.032510757446289
2025-09-16,85.5,ph,8.032120704650879
2025-09-16,85.75,ph,8.031465530395508
2025-09-16,86.0,ph,8.031023025512695
2025-09-16,86.25,ph,8.03121566772461
2025-09-16,86.5,ph,8.031888961791992
2025-09-16,86.75,ph,8.03192138671875
2025-09-16,87.0,ph,8.035268783569336
2025-09-16,87.25,ph,8.035672187805176
2025-09-16,87.5,ph,8.035820007324219
2025-09-16,87.75,ph,8.03705883026123
2025-09-16,88.0,ph,8.037267684936523
2025-09-16,88.25,ph,8.036588668823242
2025-09-16,88.5,ph,8.036661148071289
2025-09-16,88.75,ph,8.036747932434082
2025-09-16,89.0,ph,8.03690242767334
2025-09-16,89.25,ph,8.036632537841797
2025-09-16,89.5,ph,8.037020683288574
2025-09-16,89.75,ph,8.036784172058105
2025-09-16,90.0,ph,8.036456108093262
2025-09-16,90.25,ph,8.036212921142578
2025-09-16,90.5,ph,8.037038803100586
2025-09-16,90.75,ph,8.037962913513184
2025-09-16,91.0,ph,8.03813362121582
2025-09-16,91.25,ph,8.039381980895996
2025-09-16,91.5,ph,8.04079818725586
2025-09-16,91.75,ph,8.040122032165527
2025-09-16,92.0,ph,8.036240577697754
2025-09-16,92.25,ph,8.035806655883789
2025-09-16,92.5,ph,8.035839080810547
2025-09-16,92.75,ph,8.035795211791992
2025-09-16,93.0,ph,8.036251068115234
2025-09-16,93.25,ph,8.036478042602539
2025-09-16,93.5,ph,8.03660774230957
2025-09-16,93.75,ph,8.036660194396973
2025-09-16,94.0,ph,8.03606128692627
2025-09-16,94.25,ph,8.035399436950684
2025-09-16,94.5,ph,8.03513240814209
2025-09-16,94.75,ph,8.035024642944336
2025-09-16,95.0,ph,8.036454200744629
2025-09-16,95.25,ph,8.036540985107422
2025-09-16,95.5,ph,8.037315368652344
2025-09-16,95.75,ph,8.035447120666504
2025-09-16,96.0,ph,8.036802291870117
2025-09-16,96.25,ph,8.036540985107422
2025-09-16,96.5,ph,8.037577629089355
2025-09-16,96.75,ph,8.036551475524902
2025-09-16,97.0,ph,8.031331062316895
2025-09-16,97.25,ph,8.030852317810059
2025-09-16,97.5,ph,8.037932395935059
2025-09-16,97.75,ph,8.039087295532227
2025-09-16,98.0,ph,8.039327621459961
2025-09-16,98.25,ph,8.039525985717773
2025-09-16,98.5,ph,8.039140701293945
2025-09-16,98.75,ph,8.03952693939209
2025-09-16,99.0,ph,8.039632797241211
2025-09-16,99.25,ph,8.039521217346191
2025-09-16,99.5,ph,8.04022216796875
2025-09-16,99.75,ph,8.04008674621582
2025-09-16,100.0,ph,8.039101600646973
2025-09-16,100.25,ph,8.039043426513672
2025-09-16,100.5,ph,8.03917407989502
2025-09-16,100.75,ph,8.0396728515625
2025-09-16,101.0,ph,8.040782928466797
2025-09-16,101.25,ph,8.040865898132324
2025-09-16,101.5,ph,8.04199504852295
2025-09-16,101.75,ph,8.041136741638184
2025-09-16,102.0,ph,8.041298866271973
2025-09-16,102.25,ph,8.041618347167969
2025-09-16,102.5,ph,8.041888236999512
2025-09-16,102.75,ph,8.041834831237793
2025-09-16,103.0,ph,8.042492866516113
2025-09-16,103.25,ph,8.042094230651855
2025-09-16,103.5,ph,8.041165351867676
2025-09-16,103.75,ph,8.041609764099121
2025-09-16,104.0,ph,8.041646957397461
2025-09-16,104.25,ph,8.041691780090332
2025-09-16,104.5,ph,8.041674613952637
2025-09-16,104.75,ph,8.04100227355957
2025-09-16,105.0,ph,8.041698455810547
2025-09-16,105.25,ph,8.042277336120605
2025-09-16,105.5,ph,8.041912078857422
2025-09-16,105.75,ph,8.041505813598633
2025-09-16,106.0,ph,8.041749000549316
2025-09-16,106.25,ph,8.040950775146484
2025-09-16,106.5,ph,8.040115356445312
2025-09-16,106.75,ph,8.03836441040039
2025-09-16,107.0,ph,8.038052558898926
2025-09-16,107.25,ph,8.038243293762207
2025-09-16,107.5,ph,8.038325309753418
2025-09-16,107.75,ph,8.03861141204834
2025-09-16,108.0,ph,8.038762092590332
2025-09-16,108.25,ph,8.039249420166016
2025-09-16,108.5,ph,8.039055824279785
2025-09-16,108.75,ph,8.038800239562988
2025-09-16,109.0,ph,8.038430213928223
2025-09-16,109.25,ph,8.038328170776367
2025-09-16,109.5,ph,8.038593292236328
2025-09-16,109.75,ph,8.038564682006836
2025-09-16,110.0,ph,8.038911819458008
2025-09-16,110.25,ph,8.039923667907715
2025-09-16,110.5,ph,8.039509773254395
2025-09-16,110.75,ph,8.03978157043457
2025-09-16,111.0,ph,8.039406776428223
2025-09-16,111.25,ph,8.040132522583008
2025-09-16,111.5,ph,8.040430068969727
2025-09-16,111.75,ph,8.040908813476562
2025-09-16,112.0,ph,8.041191101074219
2025-09-16,112.25,ph,8.040934562683105
2025-09-16,112.5,ph,8.04096508026123
2025-09-16,112.75,ph,8.040703773498535
2025-09-16,113.0,ph,8.04085636138916
2025-09-16,113.25,ph,8.04011344909668
2025-09-16,113.5,ph,8.039334297180176
2025-09-16,113.75,ph,8.039079666137695
2025-09-16,114.0,ph,8.038165092468262
2025-09-16,114.25,ph,8.037882804870605
2025-09-16,114.5,ph,8.037629127502441
2025-09-16,114.75,ph,8.037226676940918
2025-09-16,115.0,ph,8.035845756530762
2025-09-16,115.25,ph,8.035065650939941
2025-09-16,115.5,ph,8.034988403320312
2025-09-16,115.75,ph,8.032093048095703
2025-09-16,116.0,ph,8.03176498413086
2025-09-16,116.25,ph,8.031878471374512
2025-09-16,116.5,ph,8.031620025634766
2025-09-16,116.75,ph,8.031549453735352
2025-09-16,117.0,ph,8.031367301940918
2025-09-16,117.25,ph,8.03108024597168
2025-09-16,117.5,ph,8.03016471862793
2025-09-16,117.75,ph,8.02956485748291
2025-09-16,118.0,ph,8.029979705810547
2025-09-16,118.25,ph,8.029948234558105
2025-09-16,118.5,ph,8.030190467834473
2025-09-16,118.75,ph,8.030513763427734
2025-09-16,119.0,ph,8.0303955078125
2025-09-16,119.25,ph,8.02949047088623
2025-09-16,119.5,ph,8.029891014099121
2025-09-16,119.75,ph,8.031004905700684
2025-09-16,120.0,ph,8.031062126159668
2025-09-16,120.25,ph,8.031314849853516
2025-09-16,120.5,ph,8.033149719238281
2025-09-16,120.75,ph,8.031659126281738
2025-09-16,121.0,ph,8.030683517456055
2025-09-16,121.25,ph,8.029664993286133
2025-09-16,121.5,ph,8.029569625854492
2025-09-16,121.75,ph,8.029699325561523
2025-09-16,122.0,ph,8.028657913208008
2025-09-16,122.25,ph,8.027725219726562
2025-09-16,122.5,ph,8.027422904968262
2025-09-16,122.75,ph,8.026832580566406
2025-09-16,123.0,ph,8.025912284851074
2025-09-16,123.25,ph,8.025642395019531
2025-09-16,123.5,ph,8.025156021118164
2025-09-16,123.75,ph,8.025642395019531
2025-09-16,124.0,ph,8.026776313781738
2025-09-16,124.25,ph,8.026179313659668
2025-09-16,124.5,ph,8.026142120361328
2025-09-16,124.75,ph,8.02653694152832
2025-09-16,125.0,ph,8.026470184326172
2025-09-16,125.25,ph,8.026421546936035
2025-09-16,125.5,ph,8.02762222290039
2025-09-16,125.75,ph,8.026815414428711
2025-09-16,126.0,ph,8.027098655700684
2025-09-16,126.25,ph,8.028266906738281
2025-09-16,126.5,ph,8.028678894042969
2025-09-16,126.75,ph,8.026687622070312
2025-09-16,127.0,ph,8.027400970458984
2025-09-16,127.25,ph,8.027580261230469
2025-09-16,127.5,ph,8.027472496032715
2025-09-16,127.75,ph,8.02700424194336
2025-09-16,128.0,ph,8.027364730834961
2025-09-16,128.25,ph,8.027236938476562
2025-09-16,128.5,ph,8.025925636291504
2025-09-16,128.75,ph,8.02476978302002
2025-09-16,129.0,ph,8.022960662841797
2025-09-16,129.25,ph,8.018528938293457
2025-09-16,129.5,ph,8.018073081970215
2025-09-16,129.75,ph,8.017499923706055
2025-09-16,130.0,ph,8.018121719360352
2025-09-16,130.25,ph,8.0194730758667
2025-09-16,130.5,ph,8.02155876159668
2025-09-16,130.75,ph,8.021207809448242
2025-09-16,131.0,ph,8.021431922912598
2025-09-16,131.25,ph,8.021234512329102
2025-09-16,131.5,ph,8.02105712890625
2025-09-16,131.75,ph,8.0211763381958
2025-09-16,132.0,ph,8.021647453308105
2025-09-16,132.25,ph,8.02272891998291
2025-09-16,132.5,ph,8.023361206054688
2025-09-16,132.75,ph,8.023964881896973
2025-09-16,133.0,ph,8.0238618850708
2025-09-16,133.25,ph,8.023079872131348
2025-09-16,133.5,ph,8.023028373718262
2025-09-16,133.75,ph,8.022286415100098
2025-09-16,134.0,ph,8.021897315979004
2025-09-16,134.25,ph,8.020700454711914
2025-09-16,134.5,ph,8.02065658569336
2025-09-16,134.75,ph,8.02014446258545
2025-09-16,135.0,ph,8.019661903381348
2025-09-16,135.25,ph,8.018828392028809
2025-09-16,135.5,ph,8.017705917358398
2025-09-16,135.75,ph,8.016769409179688
2025-09-16,136.0,ph,8.017065048217773
2025-09-16,136.25,ph,8.016178131103516
2025-09-16,136.5,ph,8.016538619995117
2025-09-16,136.75,ph,8.016883850097656
2025-09-16,137.0,ph,8.01628589630127
2025-09-16,137.25,ph,8.016395568847656
2025-09-16,137.5,ph,8.016218185424805
2025-09-16,137.75,ph,8.015946388244629
2025-09-16,138.0,ph,8.0164213180542
2025-09-16,138.25,ph,8.01718521118164
2025-09-16,138.5,ph,8.015714645385742
2025-09-16,138.75,ph,8.015941619873047
2025-09-16,139.0,ph,8.015277862548828
2025-09-16,139.25,ph,8.014262199401855
2025-09-16,139.5,ph,8.014305114746094
2025-09-16,139.75,ph,8.013349533081055
2025-09-16,140.0,ph,8.01481819152832
2025-09-16,140.25,ph,8.014958381652832
2025-09-16,140.5,ph,8.014758110046387
2025-09-16,140.75,ph,8.013839721679688
2025-09-16,141.0,ph,8.011848449707031
2025-09-16,141.25,ph,8.011164665222168
2025-09-16,141.5,ph,8.008453369140625
2025-09-16,141.75,ph,8.009099960327148
2025-09-16,142.0,ph,8.012487411499023
2025-09-16,142.25,ph,8.012372016906738
2025-09-16,142.5,ph,8.012720108032227
2025-09-16,142.75,ph,8.013984680175781
2025-09-16,143.0,ph,8.01461124420166
2025-09-16,143.25,ph,8.014958381652832
2025-09-16,143.5,ph,8.01606559753418
2025-09-16,143.75,ph,8.016763687133789
2025-09-16,144.0,ph,8.016613006591797
2025-09-16,144.25,ph,8.01661205291748
2025-09-16,144.5,ph,8.015868186950684
2025-09-16,144.75,ph,8.015080451965332
2025-09-16,145.0,ph,8.014792442321777
2025-09-16,145.25,ph,8.01415729522705
2025-09-16,145.5,ph,8.0139799118042
2025-09-16,145.75,ph,8.01347541809082
2025-09-16,146.0,ph,8.013129234313965
2025-09-16,146.25,ph,8.013298034667969
2025-09-16,146.5,ph,8.013290405273438
2025-09-16,146.75,ph,8.01346206665039
2025-09-16,147.0,ph,8.013664245605469
2025-09-16,147.25,ph,8.013833999633789
2025-09-16,147.5,ph,8.013745307922363
2025-09-16,147.75,ph,8.013484954833984
2025-09-16,148.0,ph,8.01370620727539
2025-09-16,148.25,ph,8.013562202453613
2025-09-16,148.5,ph,8.01451587677002
2025-09-16,148.75,ph,8.01360034942627
2025-09-16,149.0,ph,8.013614654541016
2025-09-16,149.25,ph,8.013622283935547
2025-09-16,149.5,ph,8.014262199401855
2025-09-16,149.75,ph,8.014697074890137
2025-09-16,150.0,ph,8.014803886413574
2025-09-16,150.25,ph,8.015774726867676
2025-09-16,150.5,ph,8.01617431640625
2025-09-16,150.75,ph,8.016586303710938
2025-09-16,151.0,ph,8.017690658569336
2025-09-16,151.25,ph,8.017929077148438
2025-09-16,151.5,ph,8.018397331237793
2025-09-16,151.75,ph,8.018760681152344
2025-09-16,152.0,ph,8.018444061279297
2025-09-16,152.25,ph,8.018362998962402
2025-09-16,152.5,ph,8.018309593200684
2025-09-16,152.75,ph,8.018148422241211
2025-09-16,153.0,ph,8.018550872802734
2025-09-16,153.25,ph,8.019941329956055
2025-09-16,153.5,ph,8.020569801330566
2025-09-16,153.75,ph,8.020928382873535
2025-09-16,154.0,ph,8.020684242248535
2025-09-16,154.25,ph,8.02095890045166
2025-09-16,154.5,ph,8.021665573120117
2025-09-16,154.75,ph,8.022671699523926
2025-09-16,155.0,ph,8.02358627319336
2025-09-16,155.25,ph,8.02451229095459
2025-09-16,155.5,ph,8.024837493896484
2025-09-16,155.75,ph,8.024808883666992
2025-09-16,156.0,ph,8.024486541748047
2025-09-16,156.25,ph,8.024306297302246
2025-09-16,156.5,ph,8.02408504486084
2025-09-16,156.75,ph,8.023933410644531
2025-09-16,157.0,ph,8.023534774780273
2025-09-16,157.25,ph,8.023232460021973
2025-09-16,157.5,ph,8.023197174072266
2025-09-16,157.75,ph,8.02286434173584
2025-09-16,158.0,ph,8.02255916595459
2025-09-16,158.25,ph,8.022046089172363
2025-09-16,158.5,ph,8.02204704284668
2025-09-16,158.75,ph,8.021842956542969
2025-09-16,159.0,ph,8.021751403808594
2025-09-16,159.25,ph,8.021341323852539
2025-09-16,159.5,ph,8.021491050720215
2025-09-16,159.75,ph,8.020285606384277
2025-09-16,160.0,ph,8.020230293273926
2025-09-16,160.25,ph,8.020832061767578
2025-09-16,160.5,ph,8.020614624023438
2025-09-16,160.75,ph,8.019487380981445
2025-09-16,161.0,ph,8.019096374511719
2025-09-16,161.25,ph,8.018775939941406
2025-09-16,161.5,ph,8.018515586853027
2025-09-16,161.75,ph,8.018817901611328
2025-09-16,162.0,ph,8.018964767456055
2025-09-16,162.25,ph,8.019998550415039
2025-09-16,162.5,ph,8.01959228515625
2025-09-16,162.75,ph,8.018980979919434
2025-09-16,163.0,ph,8.01887035369873
2025-09-16,163.25,ph,8.01815128326416
2025-09-16,163.5,ph,8.017391204833984
2025-09-16,163.75,ph,8.016888618469238
2025-09-16,164.0,ph,8.017017364501953
2025-09-16,164.25,ph,8.017497062683105
2025-09-16,164.5,ph,8.017157554626465
2025-09-16,164.75,ph,8.01738166809082
2025-09-16,165.0,ph,8.01727294921875
2025-09-16,165.25,ph,8.017799377441406
2025-09-16,165.5,ph,8.017694473266602
2025-09-16,165.75,ph,8.01760196685791
2025-09-16,166.0,ph,8.017560958862305
2025-09-16,166.25,ph,8.017695426940918
2025-09-16,166.5,ph,8.017916679382324
2025-09-16,166.75,ph,8.018190383911133
2025-09-16,167.0,ph,8.018781661987305
2025-09-16,167.25,ph,8.01905345916748
2025-09-16,167.5,ph,8.018783569335938
2025-09-16,167.75,ph,8.01864242553711
2025-09-16,168.0,ph,8.018614768981934
2025-09-16,168.25,ph,8.018329620361328
2025-09-16,168.5,ph,8.017868995666504
2025-09-16,168.75,ph,8.017817497253418
2025-09-16,169.0,ph,8.017462730407715
2025-09-16,169.25,ph,8.017253875732422
2025-09-16,169.5,ph,8.016947746276855
2025-09-16,169.75,ph,8.016853332519531
2025-09-16,170.0,ph,8.016834259033203
2025-09-16,170.25,ph,8.016749382019043
2025-09-16,170.5,ph,8.016557693481445
2025-09-16,170.75,ph,8.016768455505371
2025-09-16,171.0,ph,8.017786026000977
2025-09-16,171.25,ph,8.017830848693848
2025-09-16,171.5,ph,8.017779350280762
2025-09-16,171.75,ph,8.017717361450195
2025-09-16,172.0,ph,8.01777458190918
2025-09-16,172.25,ph,8.017731666564941
2025-09-16,172.5,ph,8.018065452575684
2025-09-16,172.75,ph,8.01833438873291
2025-09-16,173.0,ph,8.019083976745605
2025-09-16,173.25,ph,8.019205093383789
2025-09-16,173.5,ph,8.018919944763184
2025-09-16,173.75,ph,8.018733978271484
2025-09-16,174.0,ph,8.018548011779785
2025-09-16,174.25,ph,8.018954277038574
2025-09-16,174.5,ph,8.018667221069336
2025-09-16,174.75,ph,8.017898559570312
2025-09-16,175.0,ph,8.017892837524414
2025-09-16,175.25,ph,8.017440795898438
2025-09-16,175.5,ph,8.01747989654541
2025-09-16,175.75,ph,8.017681121826172
2025-09-16,176.0,ph,8.01816463470459
2025-09-16,176.25,ph,8.018342018127441
2025-09-16,176.5,ph,8.018674850463867
2025-09-16,176.75,ph,8.018807411193848
2025-09-16,177.0,ph,8.019618034362793
2025-09-16,177.25,ph,8.019584655761719
2025-09-16,177.5,ph,8.018004417419434
2025-09-16,177.75,ph,8.018316268920898
2025-09-16,178.0,ph,8.018348693847656
2025-09-16,178.25,ph,8.018478393554688
2025-09-16,178.5,ph,8.01905632019043
2025-09-16,178.75,ph,8.019172668457031
2025-09-16,179.0,ph,8.019248008728027
2025-09-16,179.25,ph,8.019476890563965
2025-09-16,179.5,ph,8.019699096679688
2025-09-16,179.75,ph,8.019927024841309
2025-09-16,-180.0,phyc,1.781783938407898
2025-09-16,-179.75,phyc,1.770604133605957
2025-09-16,-179.5,phyc,1.7623422145843506
2025-09-16,-179.25,phyc,1.7567778825759888
2025-09-16,-179.0,phyc,1.747056007385254
2025-09-16,-178.75,phyc,1.7373673915863037
2025-09-16,-178.5,phyc,1.7343693971633911
2025-09-16,-178.25,phyc,1.721291422843933
2025-09-16,-178.0,phyc,1.7192755937576294
2025-09-16,-177.75,phyc,1.7175941467285156
2025-09-16,-177.5,phyc,1.7207860946655273
2025-09-16,-177.25,phyc,1.7251156568527222
2025-09-16,-177.0,phyc,1.724020004272461
2025-09-16,-176.75,phyc,1.7307568788528442
2025-09-16,-176.5,phyc,1.7026838064193726
2025-09-16,-176.25,phyc,1.713484764099121
2025-09-16,-176.0,phyc,1.6960160732269287
2025-09-16,-175.75,phyc,1.6732983589172363
2025-09-16,-175.5,phyc,1.6590847969055176
2025-09-16,-175.25,phyc,1.6688262224197388
2025-09-16,-175.0,phyc,1.6748230457305908
2025-09-16,-174.75,phyc,1.6862398386001587
2025-09-16,-174.5,phyc,1.6921725273132324
2025-09-16,-174.25,phyc,1.687784194946289
2025-09-16,-174.0,phyc,1.6883200407028198
2025-09-16,-173.75,phyc,1.6844594478607178
2025-09-16,-173.5,phyc,1.6882729530334473
2025-09-16,-173.25,phyc,1.6967358589172363
2025-09-16,-173.0,phyc,1.7031718492507935
2025-09-16,-172.75,phyc,1.722069263458252
2025-09-16,-172.5,phyc,1.7404192686080933
2025-09-16,-172.25,phyc,1.7628247737884521
2025-09-16,-172.0,phyc,1.7817105054855347
2025-09-16,-171.75,phyc,1.787645697593689
2025-09-16,-171.5,phyc,1.8049253225326538
2025-09-16,-171.25,phyc,1.8105087280273438
2025-09-16,-171.0,phyc,1.812011957168579
2025-09-16,-170.75,phyc,1.8201282024383545
2025-09-16,-170.5,phyc,1.8372520208358765
2025-09-16,-170.25,phyc,1.843942642211914
2025-09-16,-170.0,phyc,1.8762855529785156
2025-09-16,-169.75,phyc,1.8808825016021729
2025-09-16,-169.5,phyc,1.8835731744766235
2025-09-16,-169.25,phyc,1.8831186294555664
2025-09-16,-169.0,phyc,1.8787304162979126
2025-09-16,-168.75,phyc,1.8663291931152344
2025-09-16,-168.5,phyc,1.856369972229004
2025-09-16,-168.25,phyc,1.8533381223678589
2025-09-16,-168.0,phyc,1.8480771780014038
2025-09-16,-167.75,phyc,1.833959937095642
2025-09-16,-167.5,phyc,1.8193918466567993
2025-09-16,-167.25,phyc,1.806384563446045
2025-09-16,-167.0,phyc,1.779078722000122
2025-09-16,-166.75,phyc,1.76852548122406
2025-09-16,-166.5,phyc,1.7508394718170166
2025-09-16,-166.25,phyc,1.742022156715393
2025-09-16,-166.0,phyc,1.7403297424316406
2025-09-16,-165.75,phyc,1.7317417860031128
2025-09-16,-165.5,phyc,1.7278780937194824
2025-09-16,-165.25,phyc,1.7282862663269043
2025-09-16,-165.0,phyc,1.7142462730407715
2025-09-16,-164.75,phyc,1.6957316398620605
2025-09-16,-164.5,phyc,1.677685022354126
2025-09-16,-164.25,phyc,1.6698254346847534
2025-09-16,-164.0,phyc,1.6711922883987427
2025-09-16,-163.75,phyc,1.666176676750183
2025-09-16,-163.5,phyc,1.6731688976287842
2025-09-16,-163.25,phyc,1.6812351942062378
2025-09-16,-163.0,phyc,1.6820141077041626
2025-09-16,-162.75,phyc,1.683671474456787
2025-09-16,-162.5,phyc,1.6877390146255493
2025-09-16,-162.25,phyc,1.6799288988113403
2025-09-16,-162.0,phyc,1.669548511505127
2025-09-16,-161.75,phyc,1.640733242034912
2025-09-16,-161.5,phyc,1.6334879398345947
2025-09-16,-161.25,phyc,1.6308954954147339
2025-09-16,-161.0,phyc,1.6231756210327148
2025-09-16,-160.75,phyc,1.619232416152954
2025-09-16,-160.5,phyc,1.6138062477111816
2025-09-16,-160.25,phyc,1.6107277870178223
2025-09-16,-160.0,phyc,1.6067349910736084
2025-09-16,-159.75,phyc,1.6031168699264526
2025-09-16,-159.5,phyc,1.593155860900879
2025-09-16,-159.25,phyc,1.5929869413375854
2025-09-16,-159.0,phyc,1.5888067483901978
2025-09-16,-158.75,phyc,1.5961003303527832
2025-09-16,-158.5,phyc,1.5941118001937866
2025-09-16,-158.25,phyc,1.5851161479949951
2025-09-16,-158.0,phyc,1.5909911394119263
2025-09-16,-157.75,phyc,1.5814383029937744
2025-09-16,-157.5,phyc,1.5797187089920044
2025-09-16,-157.25,phyc,1.5699419975280762
2025-09-16,-157.0,phyc,1.550625205039978
2025-09-16,-156.75,phyc,1.549144983291626
2025-09-16,-156.5,phyc,1.552865982055664
2025-09-16,-156.25,phyc,1.5605900287628174
2025-09-16,-156.0,phyc,1.5729502439498901
2025-09-16,-155.75,phyc,1.5814127922058105
2025-09-16,-155.5,phyc,1.589501976966858
2025-09-16,-155.25,phyc,1.6030694246292114
2025-09-16,-155.0,phyc,1.597878336906433
2025-09-16,-154.75,phyc,1.6079477071762085
2025-09-16,-154.5,phyc,1.5972062349319458
2025-09-16,-154.25,phyc,1.601485013961792
2025-09-16,-154.0,phyc,1.607090950012207
2025-09-16,-153.75,phyc,1.5996806621551514
2025-09-16,-153.5,phyc,1.5888844728469849
2025-09-16,-153.25,phyc,1.5833581686019897
2025-09-16,-153.0,phyc,1.5914610624313354
2025-09-16,-152.75,phyc,1.5808137655258179
2025-09-16,-152.5,phyc,1.5786242485046387
2025-09-16,-152.25,phyc,1.5655533075332642
2025-09-16,-152.0,phyc,1.5653549432754517
2025-09-16,-151.75,phyc,1.5537333488464355
2025-09-16,-151.5,phyc,1.5378518104553223
2025-09-16,-151.25,phyc,1.5255602598190308
2025-09-16,-151.0,phyc,1.518511176109314
2025-09-16,-150.75,phyc,1.5113707780838013
2025-09-16,-150.5,phyc,1.5098198652267456
2025-09-16,-150.25,phyc,1.5126572847366333
2025-09-16,-150.0,phyc,1.51105535030365
2025-09-16,-149.75,phyc,1.508363962173462
2025-09-16,-149.5,phyc,1.5152729749679565
2025-09-16,-149.25,phyc,1.51860773563385
2025-09-16,-149.0,phyc,1.5235430002212524
2025-09-16,-148.75,phyc,1.5303012132644653
2025-09-16,-148.5,phyc,1.5314992666244507
2025-09-16,-148.25,phyc,1.54060959815979
2025-09-16,-148.0,phyc,1.5394035577774048
2025-09-16,-147.75,phyc,1.5388184785842896
2025-09-16,-147.5,phyc,1.5268239974975586
2025-09-16,-147.25,phyc,1.5147579908370972
2025-09-16,-147.0,phyc,1.5061482191085815
2025-09-16,-146.75,phyc,1.4962658882141113
2025-09-16,-146.5,phyc,1.4944554567337036
2025-09-16,-146.25,phyc,1.4902822971343994
2025-09-16,-146.0,phyc,1.49164617061615
2025-09-16,-145.75,phyc,1.4947495460510254
2025-09-16,-145.5,phyc,1.4930189847946167
2025-09-16,-145.25,phyc,1.4916698932647705
2025-09-16,-145.0,phyc,1.4923183917999268
2025-09-16,-144.75,phyc,1.4898557662963867
2025-09-16,-144.5,phyc,1.4745796918869019
2025-09-16,-144.25,phyc,1.4652568101882935
2025-09-16,-144.0,phyc,1.4534006118774414
2025-09-16,-143.75,phyc,1.4316452741622925
2025-09-16,-143.5,phyc,1.4170715808868408
2025-09-16,-143.25,phyc,1.4058172702789307
2025-09-16,-143.0,phyc,1.3962690830230713
2025-09-16,-142.75,phyc,1.392601728439331
2025-09-16,-142.5,phyc,1.3881819248199463
2025-09-16,-142.25,phyc,1.3843719959259033
2025-09-16,-142.0,phyc,1.3780940771102905
2025-09-16,-141.75,phyc,1.3804378509521484
2025-09-16,-141.5,phyc,1.3821823596954346
2025-09-16,-141.25,phyc,1.3807531595230103
2025-09-16,-141.0,phyc,1.3817918300628662
2025-09-16,-140.75,phyc,1.3845289945602417
2025-09-16,-140.5,phyc,1.3846008777618408
2025-09-16,-140.25,phyc,1.3908179998397827
2025-09-16,-140.0,phyc,1.388656735420227
2025-09-16,-139.75,phyc,1.3867822885513306
2025-09-16,-139.5,phyc,1.3864425420761108
2025-09-16,-139.25,phyc,1.3929145336151123
2025-09-16,-139.0,phyc,1.4007399082183838
2025-09-16,-138.75,phyc,1.4096828699111938
2025-09-16,-138.5,phyc,1.4302095174789429
2025-09-16,-138.25,phyc,1.4337984323501587
2025-09-16,-138.0,phyc,1.4167097806930542
2025-09-16,-137.75,phyc,1.4003517627716064
2025-09-16,-137.5,phyc,1.389337420463562
2025-09-16,-137.25,phyc,1.3801478147506714
2025-09-16,-137.0,phyc,1.3795056343078613
2025-09-16,-136.75,phyc,1.372631311416626
2025-09-16,-136.5,phyc,1.3739198446273804
2025-09-16,-136.25,phyc,1.3745931386947632
2025-09-16,-136.0,phyc,1.3595399856567383
2025-09-16,-135.75,phyc,1.3550556898117065
2025-09-16,-135.5,phyc,1.3583509922027588
2025-09-16,-135.25,phyc,1.362516164779663
2025-09-16,-135.0,phyc,1.3731693029403687
2025-09-16,-134.75,phyc,1.3901305198669434
2025-09-16,-134.5,phyc,1.4234726428985596
2025-09-16,-134.25,phyc,1.4446420669555664
2025-09-16,-134.0,phyc,1.4894404411315918
2025-09-16,-133.75,phyc,1.5579413175582886
2025-09-16,-133.5,phyc,1.5114890336990356
2025-09-16,-133.25,phyc,1.4806171655654907
2025-09-16,-133.0,phyc,1.4794931411743164
2025-09-16,-132.75,phyc,1.4504677057266235
2025-09-16,-132.5,phyc,1.4350837469100952
2025-09-16,-132.25,phyc,1.419024109840393
2025-09-16,-132.0,phyc,1.427111029624939
2025-09-16,-131.75,phyc,1.4281177520751953
2025-09-16,-131.5,phyc,1.443461298942566
2025-09-16,-131.25,phyc,1.4418166875839233
2025-09-16,-131.0,phyc,1.4526621103286743
2025-09-16,-130.75,phyc,1.4522278308868408
2025-09-16,-130.5,phyc,1.423376202583313
2025-09-16,-130.25,phyc,1.3658424615859985
2025-09-16,-130.0,phyc,1.3625307083129883
2025-09-16,-129.75,phyc,1.362967848777771
2025-09-16,-129.5,phyc,1.378516435623169
2025-09-16,-129.25,phyc,1.3872579336166382
2025-09-16,-129.0,phyc,1.3753756284713745
2025-09-16,-128.75,phyc,1.392513632774353
2025-09-16,-128.5,phyc,1.403322458267212
2025-09-16,-128.25,phyc,1.3759549856185913
2025-09-16,-128.0,phyc,1.3971232175827026
2025-09-16,-127.75,phyc,1.3761545419692993
2025-09-16,-127.5,phyc,1.3598153591156006
2025-09-16,-127.25,phyc,1.3615961074829102
2025-09-16,-127.0,phyc,1.3904746770858765
2025-09-16,-126.75,phyc,1.4064157009124756
2025-09-16,-126.5,phyc,1.3923355340957642
2025-09-16,-126.25,phyc,1.4074137210845947
2025-09-16,-126.0,phyc,1.4189594984054565
2025-09-16,-125.75,phyc,1.451839804649353
2025-09-16,-125.5,phyc,1.4946635961532593
2025-09-16,-125.25,phyc,1.590014100074768
2025-09-16,-125.0,phyc,1.7261368036270142
2025-09-16,-124.75,phyc,1.878156304359436
2025-09-16,-124.5,phyc,2.120962619781494
2025-09-16,-124.25,phyc,2.0835230350494385
2025-09-16,-124.0,phyc,1.6575042009353638
2025-09-16,-123.75,phyc,1.4461686611175537
2025-09-16,-123.5,phyc,1.4298944473266602
2025-09-16,-123.25,phyc,1.4464629888534546
2025-09-16,-123.0,phyc,1.4468374252319336
2025-09-16,-122.75,phyc,1.425378680229187
2025-09-16,-122.5,phyc,1.4583748579025269
2025-09-16,-122.25,phyc,1.3902595043182373
2025-09-16,-122.0,phyc,1.4044759273529053
2025-09-16,-121.75,phyc,1.3750016689300537
2025-09-16,-121.5,phyc,1.3838090896606445
2025-09-16,-121.25,phyc,1.3582704067230225
2025-09-16,-121.0,phyc,1.3542991876602173
2025-09-16,-120.75,phyc,1.3557443618774414
2025-09-16,-120.5,phyc,1.3325892686843872
2025-09-16,-120.25,phyc,1.3378617763519287
2025-09-16,-120.0,phyc,1.32499098777771
2025-09-16,-119.75,phyc,1.334216594696045
2025-09-16,-119.5,phyc,1.333392858505249
2025-09-16,-119.25,phyc,1.3339613676071167
2025-09-16,-119.0,phyc,1.334126591682434
2025-09-16,-118.75,phyc,1.3584511280059814
2025-09-16,-118.5,phyc,1.3507906198501587
2025-09-16,-118.25,phyc,1.341475248336792
2025-09-16,-118.0,phyc,1.3410903215408325
2025-09-16,-117.75,phyc,1.3479443788528442
2025-09-16,-117.5,phyc,1.3396862745285034
2025-09-16,-117.25,phyc,1.3436834812164307
2025-09-16,-117.0,phyc,1.3661891222000122
2025-09-16,-116.75,phyc,1.3572394847869873
2025-09-16,-116.5,phyc,1.3549317121505737
2025-09-16,-116.25,phyc,1.4084256887435913
2025-09-16,-116.0,phyc,1.3832340240478516
2025-09-16,-115.75,phyc,1.3626114130020142
2025-09-16,-115.5,phyc,1.329749584197998
2025-09-16,-115.25,phyc,1.3130813837051392
2025-09-16,-115.0,phyc,1.309118628501892
2025-09-16,-114.75,phyc,1.3007721900939941
2025-09-16,-114.5,phyc,1.3294283151626587
2025-09-16,-114.25,phyc,1.3324177265167236
2025-09-16,-114.0,phyc,1.3411842584609985
2025-09-16,-113.75,phyc,1.3403571844100952
2025-09-16,-113.5,phyc,1.3209195137023926
2025-09-16,-113.25,phyc,1.3109723329544067
2025-09-16,-113.0,phyc,1.2910438776016235
2025-09-16,-112.75,phyc,1.2856571674346924
2025-09-16,-112.5,phyc,1.2825826406478882
2025-09-16,-112.25,phyc,1.293875813484192
2025-09-16,-112.0,phyc,1.2917966842651367
2025-09-16,-111.75,phyc,1.3060256242752075
2025-09-16,-111.5,phyc,1.3246817588806152
2025-09-16,-111.25,phyc,1.326578140258789
2025-09-16,-111.0,phyc,1.3237332105636597
2025-09-16,-110.75,phyc,1.3271093368530273
2025-09-16,-110.5,phyc,1.320893406867981
2025-09-16,-110.25,phyc,1.3160252571105957
2025-09-16,-110.0,phyc,1.3011267185211182
2025-09-16,-109.75,phyc,1.3085709810256958
2025-09-16,-109.5,phyc,1.3224682807922363
2025-09-16,-109.25,phyc,1.3207796812057495
2025-09-16,-109.0,phyc,1.3306536674499512
2025-09-16,-108.75,phyc,1.3180896043777466
2025-09-16,-108.5,phyc,1.3599196672439575
2025-09-16,-108.25,phyc,1.397071361541748
2025-09-16,-108.0,phyc,1.4110504388809204
2025-09-16,-107.75,phyc,1.3888410329818726
2025-09-16,-107.5,phyc,1.3942909240722656
2025-09-16,-107.25,phyc,1.370261311531067
2025-09-16,-107.0,phyc,1.3405330181121826
2025-09-16,-106.75,phyc,1.3457293510437012
2025-09-16,-106.5,phyc,1.345516562461853
2025-09-16,-106.25,phyc,1.3349025249481201
2025-09-16,-106.0,phyc,1.3630608320236206
2025-09-16,-105.75,phyc,1.4101852178573608
2025-09-16,-105.5,phyc,1.4310798645019531
2025-09-16,-105.25,phyc,1.4185272455215454
2025-09-16,-105.0,phyc,1.4106687307357788
2025-09-16,-104.75,phyc,1.4007556438446045
2025-09-16,-104.5,phyc,1.439348578453064
2025-09-16,-104.25,phyc,1.4228571653366089
2025-09-16,-104.0,phyc,1.4170669317245483
2025-09-16,-103.75,phyc,1.414129614830017
2025-09-16,-103.5,phyc,1.3937056064605713
2025-09-16,-103.25,phyc,1.394736647605896
2025-09-16,-103.0,phyc,1.4139901399612427
2025-09-16,-102.75,phyc,1.4389551877975464
2025-09-16,-102.5,phyc,1.4781534671783447
2025-09-16,-102.25,phyc,1.4800784587860107
2025-09-16,-102.0,phyc,1.5002692937850952
2025-09-16,-101.75,phyc,1.474105715751648
2025-09-16,-101.5,phyc,1.4735376834869385
2025-09-16,-101.25,phyc,1.4723833799362183
2025-09-16,-101.0,phyc,1.5007892847061157
2025-09-16,-100.75,phyc,1.4974366426467896
2025-09-16,-100.5,phyc,1.4949951171875
2025-09-16,-100.25,phyc,1.469983458518982
2025-09-16,-100.0,phyc,1.468687653541565
2025-09-16,-99.75,phyc,1.463884949684143
2025-09-16,-99.5,phyc,1.4743844270706177
2025-09-16,-99.25,phyc,1.470524549484253
2025-09-16,-99.0,phyc,1.466230034828186
2025-09-16,-98.75,phyc,1.4513119459152222
2025-09-16,-98.5,phyc,1.4425917863845825
2025-09-16,-98.25,phyc,1.4445480108261108
2025-09-16,-98.0,phyc,1.4603058099746704
2025-09-16,-97.75,phyc,1.5593562126159668
2025-09-16,-97.5,phyc,1.480385184288025
2025-09-16,-97.25,phyc,1.4818315505981445
2025-09-16,-97.0,phyc,1.4803025722503662
2025-09-16,-96.75,phyc,1.4673879146575928
2025-09-16,-96.5,phyc,1.4779460430145264
2025-09-16,-96.25,phyc,1.5060453414916992
2025-09-16,-96.0,phyc,1.5074870586395264
2025-09-16,-95.75,phyc,1.508061408996582
2025-09-16,-95.5,phyc,1.4933528900146484
2025-09-16,-95.25,phyc,1.452466607093811
2025-09-16,-95.0,phyc,1.4384745359420776
2025-09-16,-94.75,phyc,1.4669667482376099
2025-09-16,-94.5,phyc,1.4891685247421265
2025-09-16,-94.25,phyc,1.4909541606903076
2025-09-16,-94.0,phyc,1.4852395057678223
2025-09-16,-93.75,phyc,1.499837040901184
2025-09-16,-93.5,phyc,1.5365277528762817
2025-09-16,-93.25,phyc,1.5578715801239014
2025-09-16,-93.0,phyc,1.582674503326416
2025-09-16,-92.75,phyc,1.6166512966156006
2025-09-16,-92.5,phyc,1.6246367692947388
2025-09-16,-92.25,phyc,1.6676274538040161
2025-09-16,-92.0,phyc,1.6577715873718262
2025-09-16,-91.75,phyc,1.6487120389938354
2025-09-16,-91.5,phyc,1.5823731422424316
2025-09-16,-91.25,phyc,1.4997001886367798
2025-09-16,-91.0,phyc,1.5036457777023315
2025-09-16,-90.75,phyc,1.5393452644348145
2025-09-16,-90.5,phyc,1.5502887964248657
2025-09-16,-90.25,phyc,1.501484990119934
2025-09-16,-90.0,phyc,1.5072438716888428
2025-09-16,-89.75,phyc,1.4606881141662598
2025-09-16,-89.5,phyc,1.429855465888977
2025-09-16,-89.25,phyc,1.4435807466506958
2025-09-16,-89.0,phyc,1.4905363321304321
2025-09-16,-88.75,phyc,1.4719973802566528
2025-09-16,-88.5,phyc,1.4596925973892212
2025-09-16,-88.25,phyc,1.4504281282424927
2025-09-16,-88.0,phyc,1.4447007179260254
2025-09-16,-87.75,phyc,1.4429854154586792
2025-09-16,-87.5,phyc,1.4543207883834839
2025-09-16,-87.25,phyc,1.4619075059890747
2025-09-16,-87.0,phyc,1.4494775533676147
2025-09-16,-86.75,phyc,1.4508867263793945
2025-09-16,-86.5,phyc,1.4819763898849487
2025-09-16,-86.25,phyc,1.5007911920547485
2025-09-16,-86.0,phyc,1.5087366104125977
2025-09-16,-85.75,phyc,1.5048408508300781
2025-09-16,-85.5,phyc,1.5133178234100342
2025-09-16,-85.25,phyc,1.505191445350647
2025-09-16,-85.0,phyc,1.5011849403381348
2025-09-16,-84.75,phyc,1.5034866333007812
2025-09-16,-84.5,phyc,1.5366648435592651
2025-09-16,-84.25,phyc,1.548040509223938
2025-09-16,-84.0,phyc,1.5949233770370483
2025-09-16,-83.75,phyc,1.6285772323608398
2025-09-16,-83.5,phyc,1.7022664546966553
2025-09-16,-83.25,phyc,1.7021205425262451
2025-09-16,-83.0,phyc,1.7222039699554443
2025-09-16,-82.75,phyc,1.7526277303695679
2025-09-16,-82.5,phyc,1.7609628438949585
2025-09-16,-82.25,phyc,1.8106272220611572
2025-09-16,-82.0,phyc,1.8762035369873047
2025-09-16,-81.75,phyc,1.91231107711792
2025-09-16,-81.5,phyc,1.9542288780212402
2025-09-16,-81.25,phyc,1.9522855281829834
2025-09-16,-81.0,phyc,1.8744033575057983
2025-09-16,-80.75,phyc,1.8282159566879272
2025-09-16,-80.5,phyc,1.8863717317581177
2025-09-16,-80.25,phyc,1.900159478187561
2025-09-16,-80.0,phyc,1.89988112449646
2025-09-16,-79.75,phyc,1.8926466703414917
2025-09-16,-79.5,phyc,1.8584057092666626
2025-09-16,-79.25,phyc,1.8463082313537598
2025-09-16,-79.0,phyc,1.8968583345413208
2025-09-16,-78.75,phyc,1.8509491682052612
2025-09-16,-78.5,phyc,1.8973881006240845
2025-09-16,-78.25,phyc,1.9168890714645386
2025-09-16,-78.0,phyc,1.881537675857544
2025-09-16,-77.75,phyc,1.9334274530410767
2025-09-16,-77.5,phyc,1.9893276691436768
2025-09-16,-77.25,phyc,1.8935178518295288
2025-09-16,-77.0,phyc,1.819414734840393
2025-09-16,-76.75,phyc,1.8717608451843262
2025-09-16,-76.5,phyc,1.876482605934143
2025-09-16,-76.25,phyc,1.8623604774475098
2025-09-16,-76.0,phyc,1.8964611291885376
2025-09-16,-75.75,phyc,2.016174554824829
2025-09-16,-75.5,phyc,2.01507306098938
2025-09-16,-75.25,phyc,2.1882574558258057
2025-09-16,-75.0,phyc,2.356391668319702
2025-09-16,-74.75,phyc,2.3048174381256104
2025-09-16,-74.5,phyc,2.2730374336242676
2025-09-16,-74.25,phyc,2.2074966430664062
2025-09-16,-74.0,phyc,2.287993907928467
2025-09-16,-73.75,phyc,2.4215757846832275
2025-09-16,-73.5,phyc,2.455181837081909
2025-09-16,-73.25,phyc,2.48970627784729
2025-09-16,-73.0,phyc,2.2898142337799072
2025-09-16,-72.75,phyc,2.2519965171813965
2025-09-16,-72.5,phyc,2.3482208251953125
2025-09-16,-72.25,phyc,2.5029749870300293
2025-09-16,-72.0,phyc,2.641493797302246
2025-09-16,-71.75,phyc,2.8470468521118164
2025-09-16,-71.5,phyc,2.6127805709838867
2025-09-16,-71.25,phyc,2.460801601409912
2025-09-16,-71.0,phyc,2.7690858840942383
2025-09-16,-70.75,phyc,2.925581693649292
2025-09-16,-70.5,phyc,2.4880282878875732
2025-09-16,-70.25,phyc,2.3065738677978516
2025-09-16,-70.0,phyc,1.6877254247665405
2025-09-16,-69.75,phyc,1.654142141342163
2025-09-16,-69.5,phyc,1.7297251224517822
2025-09-16,-69.25,phyc,1.8336939811706543
2025-09-16,-69.0,phyc,2.1090633869171143
2025-09-16,-68.75,phyc,2.077584743499756
2025-09-16,-68.5,phyc,2.0972282886505127
2025-09-16,-68.25,phyc,2.1117520332336426
2025-09-16,-68.0,phyc,2.1119463443756104
2025-09-16,-67.75,phyc,2.0908684730529785
2025-09-16,-67.5,phyc,2.076817512512207
2025-09-16,-67.25,phyc,2.11236572265625
2025-09-16,-67.0,phyc,2.221855401992798
2025-09-16,-66.75,phyc,2.1884708404541016
2025-09-16,-66.5,phyc,2.140166759490967
2025-09-16,-66.25,phyc,2.15724778175354
2025-09-16,-66.0,phyc,2.136521100997925
2025-09-16,-65.75,phyc,2.1739068031311035
2025-09-16,-65.5,phyc,2.136653423309326
2025-09-16,-65.25,phyc,2.145768642425537
2025-09-16,-65.0,phyc,2.1134395599365234
2025-09-16,-64.75,phyc,2.1278207302093506
2025-09-16,-64.5,phyc,2.1022069454193115
2025-09-16,-64.25,phyc,2.0731987953186035
2025-09-16,-64.0,phyc,2.049652099609375
2025-09-16,-63.75,phyc,2.012550115585327
2025-09-16,-63.5,phyc,1.9945120811462402
2025-09-16,-63.25,phyc,1.98128080368042
2025-09-16,-63.0,phyc,1.9632437229156494
2025-09-16,-62.75,phyc,1.9640650749206543
2025-09-16,-62.5,phyc,2.0058202743530273
2025-09-16,-62.25,phyc,2.0423896312713623
2025-09-16,-62.0,phyc,2.0409889221191406
2025-09-16,-61.75,phyc,1.9826202392578125
2025-09-16,-61.5,phyc,1.959344744682312
2025-09-16,-61.25,phyc,1.9238014221191406
2025-09-16,-61.0,phyc,1.9647160768508911
2025-09-16,-60.75,phyc,2.0331332683563232
2025-09-16,-60.5,phyc,2.034475088119507
2025-09-16,-60.25,phyc,1.9103012084960938
2025-09-16,-60.0,phyc,1.8930613994598389
2025-09-16,-59.75,phyc,1.9023584127426147
2025-09-16,-59.5,phyc,1.8985671997070312
2025-09-16,-59.25,phyc,1.9327665567398071
2025-09-16,-59.0,phyc,1.9253392219543457
2025-09-16,-58.75,phyc,1.8700096607208252
2025-09-16,-58.5,phyc,1.846318006515503
2025-09-16,-58.25,phyc,1.8624579906463623
2025-09-16,-58.0,phyc,1.867701768875122
2025-09-16,-57.75,phyc,1.8458245992660522
2025-09-16,-57.5,phyc,1.773725986480713
2025-09-16,-57.25,phyc,1.813836693763733
2025-09-16,-57.0,phyc,1.8688149452209473
2025-09-16,-56.75,phyc,1.8736978769302368
2025-09-16,-56.5,phyc,1.8914477825164795
2025-09-16,-56.25,phyc,1.8914906978607178
2025-09-16,-56.0,phyc,1.9161312580108643
2025-09-16,-55.75,phyc,1.9332387447357178
2025-09-16,-55.5,phyc,1.9078023433685303
2025-09-16,-55.25,phyc,1.8788175582885742
2025-09-16,-55.0,phyc,1.8524487018585205
2025-09-16,-54.75,phyc,1.8459596633911133
2025-09-16,-54.5,phyc,1.823081135749817
2025-09-16,-54.25,phyc,1.8251813650131226
2025-09-16,-54.0,phyc,1.8283319473266602
2025-09-16,-53.75,phyc,1.8294974565505981
2025-09-16,-53.5,phyc,1.8496087789535522
2025-09-16,-53.25,phyc,1.8628610372543335
2025-09-16,-53.0,phyc,1.8502428531646729
2025-09-16,-52.75,phyc,1.836679458618164
2025-09-16,-52.5,phyc,1.850074291229248
2025-09-16,-52.25,phyc,1.9042232036590576
2025-09-16,-52.0,phyc,1.9472838640213013
2025-09-16,-51.75,phyc,1.9901626110076904
2025-09-16,-51.5,phyc,2.0125911235809326
2025-09-16,-51.25,phyc,1.9519784450531006
2025-09-16,-51.0,phyc,1.9620258808135986
2025-09-16,-50.75,phyc,1.9174500703811646
2025-09-16,-50.5,phyc,1.9105298519134521
2025-09-16,-50.25,phyc,1.9188441038131714
2025-09-16,-50.0,phyc,1.906319260597229
2025-09-16,-49.75,phyc,1.9463356733322144
2025-09-16,-49.5,phyc,1.9050122499465942
2025-09-16,-49.25,phyc,1.9084597826004028
2025-09-16,-49.0,phyc,1.8033244609832764
2025-09-16,-48.75,phyc,1.7375538349151611
2025-09-16,-48.5,phyc,1.8157548904418945
2025-09-16,-48.25,phyc,1.7512259483337402
2025-09-16,-48.0,phyc,1.677402377128601
2025-09-16,-47.75,phyc,1.6389082670211792
2025-09-16,-47.5,phyc,1.6227736473083496
2025-09-16,-47.25,phyc,1.6119786500930786
2025-09-16,-47.0,phyc,1.5993609428405762
2025-09-16,-46.75,phyc,1.5791938304901123
2025-09-16,-46.5,phyc,1.5781280994415283
2025-09-16,-46.25,phyc,1.5779247283935547
2025-09-16,-46.0,phyc,1.5851606130599976
2025-09-16,-45.75,phyc,1.5859452486038208
2025-09-16,-45.5,phyc,1.6018683910369873
2025-09-16,-45.25,phyc,1.600917935371399
2025-09-16,-45.0,phyc,1.5806422233581543
2025-09-16,-44.75,phyc,1.522695779800415
2025-09-16,-44.5,phyc,1.5271104574203491
2025-09-16,-44.25,phyc,1.519902229309082
2025-09-16,-44.0,phyc,1.516496181488037
2025-09-16,-43.75,phyc,1.503430724143982
2025-09-16,-43.5,phyc,1.4833232164382935
2025-09-16,-43.25,phyc,1.4649851322174072
2025-09-16,-43.0,phyc,1.4481507539749146
2025-09-16,-42.75,phyc,1.4414995908737183
2025-09-16,-42.5,phyc,1.438359260559082
2025-09-16,-42.25,phyc,1.4401767253875732
2025-09-16,-42.0,phyc,1.4370150566101074
2025-09-16,-41.75,phyc,1.453681230545044
2025-09-16,-41.5,phyc,1.4470934867858887
2025-09-16,-41.25,phyc,1.4525223970413208
2025-09-16,-41.0,phyc,1.4446321725845337
2025-09-16,-40.75,phyc,1.4321826696395874
2025-09-16,-40.5,phyc,1.418687343597412
2025-09-16,-40.25,phyc,1.397895336151123
2025-09-16,-40.0,phyc,1.3826335668563843
2025-09-16,-39.75,phyc,1.373482346534729
2025-09-16,-39.5,phyc,1.370358943939209
2025-09-16,-39.25,phyc,1.3645542860031128
2025-09-16,-39.0,phyc,1.3716095685958862
2025-09-16,-38.75,phyc,1.3690142631530762
2025-09-16,-38.5,phyc,1.3568205833435059
2025-09-16,-38.25,phyc,1.3475391864776611
2025-09-16,-38.0,phyc,1.3429018259048462
2025-09-16,-37.75,phyc,1.3397718667984009
2025-09-16,-37.5,phyc,1.3385783433914185
2025-09-16,-37.25,phyc,1.3197687864303589
2025-09-16,-37.0,phyc,1.3228265047073364
2025-09-16,-36.75,phyc,1.3283019065856934
2025-09-16,-36.5,phyc,1.316125512123108
2025-09-16,-36.25,phyc,1.3004685640335083
2025-09-16,-36.0,phyc,1.3122316598892212
2025-09-16,-35.75,phyc,1.3026453256607056
2025-09-16,-35.5,phyc,1.2865922451019287
2025-09-16,-35.25,phyc,1.2760456800460815
2025-09-16,-35.0,phyc,1.2665894031524658
2025-09-16,-34.75,phyc,1.2638510465621948
2025-09-16,-34.5,phyc,1.2518481016159058
2025-09-16,-34.25,phyc,1.2481578588485718
2025-09-16,-34.0,phyc,1.2452887296676636
2025-09-16,-33.75,phyc,1.2414007186889648
2025-09-16,-33.5,phyc,1.237112045288086
2025-09-16,-33.25,phyc,1.2316474914550781
2025-09-16,-33.0,phyc,1.2257612943649292
2025-09-16,-32.75,phyc,1.2192893028259277
2025-09-16,-32.5,phyc,1.2127795219421387
2025-09-16,-32.25,phyc,1.2071142196655273
2025-09-16,-32.0,phyc,1.206608772277832
2025-09-16,-31.75,phyc,1.2085371017456055
2025-09-16,-31.5,phyc,1.2070164680480957
2025-09-16,-31.25,phyc,1.2022086381912231
2025-09-16,-31.0,phyc,1.1992990970611572
2025-09-16,-30.75,phyc,1.1976821422576904
2025-09-16,-30.5,phyc,1.1970767974853516
2025-09-16,-30.25,phyc,1.1963021755218506
2025-09-16,-30.0,phyc,1.1967780590057373
2025-09-16,-29.75,phyc,1.1980242729187012
2025-09-16,-29.5,phyc,1.198587417602539
2025-09-16,-29.25,phyc,1.200675368309021
2025-09-16,-29.0,phyc,1.201750636100769
2025-09-16,-28.75,phyc,1.2092357873916626
2025-09-16,-28.5,phyc,1.2124528884887695
2025-09-16,-28.25,phyc,1.2090338468551636
2025-09-16,-28.0,phyc,1.2032667398452759
2025-09-16,-27.75,phyc,1.1978451013565063
2025-09-16,-27.5,phyc,1.1953152418136597
2025-09-16,-27.25,phyc,1.195306658744812
2025-09-16,-27.0,phyc,1.1940361261367798
2025-09-16,-26.75,phyc,1.1909981966018677
2025-09-16,-26.5,phyc,1.190259575843811
2025-09-16,-26.25,phyc,1.191268801689148
2025-09-16,-26.0,phyc,1.1989004611968994
2025-09-16,-25.75,phyc,1.2027251720428467
2025-09-16,-25.5,phyc,1.2087441682815552
2025-09-16,-25.25,phyc,1.2093136310577393
2025-09-16,-25.0,phyc,1.212111473083496
2025-09-16,-24.75,phyc,1.215988039970398
2025-09-16,-24.5,phyc,1.22771418094635
2025-09-16,-24.25,phyc,1.234648585319519
2025-09-16,-24.0,phyc,1.2381361722946167
2025-09-16,-23.75,phyc,1.2342694997787476
2025-09-16,-23.5,phyc,1.245718240737915
2025-09-16,-23.25,phyc,1.2590142488479614
2025-09-16,-23.0,phyc,1.269649624824524
2025-09-16,-22.75,phyc,1.2724692821502686
2025-09-16,-22.5,phyc,1.2790122032165527
2025-09-16,-22.25,phyc,1.2823649644851685
2025-09-16,-22.0,phyc,1.2914643287658691
2025-09-16,-21.75,phyc,1.3031466007232666
2025-09-16,-21.5,phyc,1.3079628944396973
2025-09-16,-21.25,phyc,1.314512848854065
2025-09-16,-21.0,phyc,1.317503571510315
2025-09-16,-20.75,phyc,1.3176612854003906
2025-09-16,-20.5,phyc,1.3205386400222778
2025-09-16,-20.25,phyc,1.3096349239349365
2025-09-16,-20.0,phyc,1.3243935108184814
2025-09-16,-19.75,phyc,1.3312811851501465
2025-09-16,-19.5,phyc,1.3247995376586914
2025-09-16,-19.25,phyc,1.3171429634094238
2025-09-16,-19.0,phyc,1.3161317110061646
2025-09-16,-18.75,phyc,1.323312520980835
2025-09-16,-18.5,phyc,1.3320717811584473
2025-09-16,-18.25,phyc,1.351398229598999
2025-09-16,-18.0,phyc,1.3696845769882202
2025-09-16,-17.75,phyc,1.3964051008224487
2025-09-16,-17.5,phyc,1.443711757659912
2025-09-16,-17.25,phyc,1.497684359550476
2025-09-16,-17.0,phyc,1.5660412311553955
2025-09-16,-16.75,phyc,1.4678761959075928
2025-09-16,-16.5,phyc,1.4224510192871094
2025-09-16,-16.25,phyc,1.397505521774292
2025-09-16,-16.0,phyc,1.3851832151412964
2025-09-16,-15.75,phyc,1.3807647228240967
2025-09-16,-15.5,phyc,1.39850652217865
2025-09-16,-15.25,phyc,1.389493703842163
2025-09-16,-15.0,phyc,1.3811328411102295
2025-09-16,-14.75,phyc,1.3603570461273193
2025-09-16,-14.5,phyc,1.3401776552200317
2025-09-16,-14.25,phyc,1.3227777481079102
2025-09-16,-14.0,phyc,1.3540500402450562
2025-09-16,-13.75,phyc,1.38990318775177
2025-09-16,-13.5,phyc,1.4008257389068604
2025-09-16,-13.25,phyc,1.3195369243621826
2025-09-16,-13.0,phyc,1.2988487482070923
2025-09-16,-12.75,phyc,1.323264718055725
2025-09-16,-12.5,phyc,1.2919251918792725
2025-09-16,-12.25,phyc,1.3011335134506226
2025-09-16,-12.0,phyc,1.2925775051116943
2025-09-16,-11.75,phyc,1.3137686252593994
2025-09-16,-11.5,phyc,1.2985351085662842
2025-09-16,-11.25,phyc,1.2975478172302246
2025-09-16,-11.0,phyc,1.3161859512329102
2025-09-16,-10.75,phyc,1.3606292009353638
2025-09-16,-10.5,phyc,1.4239580631256104
2025-09-16,-10.25,phyc,1.505973219871521
2025-09-16,-10.0,phyc,1.5701308250427246
2025-09-16,-9.75,phyc,1.5141898393630981
2025-09-16,-9.5,phyc,1.478987693786621
2025-09-16,-9.25,phyc,1.4955294132232666
2025-09-16,-9.0,phyc,1.5002859830856323
2025-09-16,-8.75,phyc,1.3855583667755127
2025-09-16,-8.5,phyc,1.31442129611969
2025-09-16,-8.25,phyc,1.3190886974334717
2025-09-16,-8.0,phyc,1.3240900039672852
2025-09-16,-7.75,phyc,1.3314578533172607
2025-09-16,-7.5,phyc,1.3370894193649292
2025-09-16,-7.25,phyc,1.3553063869476318
2025-09-16,-7.0,phyc,1.3773455619812012
2025-09-16,-6.75,phyc,1.387331485748291
2025-09-16,-6.5,phyc,1.4124996662139893
2025-09-16,-6.25,phyc,1.4262292385101318
2025-09-16,-6.0,phyc,1.473702073097229
2025-09-16,-5.75,phyc,1.4757156372070312
2025-09-16,-5.5,phyc,1.474765658378601
2025-09-16,-5.25,phyc,1.4798965454101562
2025-09-16,-5.0,phyc,1.4887259006500244
2025-09-16,-4.75,phyc,1.487978219985962
2025-09-16,-4.5,phyc,1.4839175939559937
2025-09-16,-4.25,phyc,1.4934760332107544
2025-09-16,-4.0,phyc,1.502962589263916
2025-09-16,-3.75,phyc,1.486685872077942
2025-09-16,-3.5,phyc,1.4769316911697388
2025-09-16,-3.25,phyc,1.4685474634170532
2025-09-16,-3.0,phyc,1.4630626440048218
2025-09-16,-2.75,phyc,1.4635683298110962
2025-09-16,-2.5,phyc,1.448557734489441
2025-09-16,-2.25,phyc,1.4577804803848267
2025-09-16,-2.0,phyc,1.4012740850448608
2025-09-16,-1.75,phyc,1.4173004627227783
2025-09-16,-1.5,phyc,1.4578052759170532
2025-09-16,-1.25,phyc,1.455029845237732
2025-09-16,-1.0,phyc,1.4394862651824951
2025-09-16,-0.75,phyc,1.4194684028625488
2025-09-16,-0.5,phyc,1.4180138111114502
2025-09-16,-0.25,phyc,1.4279160499572754
2025-09-16,0.0,phyc,1.410495400428772
2025-09-16,0.25,phyc,1.450453281402588
2025-09-16,0.5,phyc,1.4367754459381104
2025-09-16,0.75,phyc,1.4111385345458984
2025-09-16,1.0,phyc,1.4456787109375
2025-09-16,1.25,phyc,1.4192606210708618
2025-09-16,1.5,phyc,1.4164910316467285
2025-09-16,1.75,phyc,1.4063043594360352
2025-09-16,2.0,phyc,1.4198124408721924
2025-09-16,2.25,phyc,1.3949840068817139
2025-09-16,2.5,phyc,1.37667977809906
2025-09-16,2.75,phyc,1.3652846813201904
2025-09-16,3.0,phyc,1.3572851419448853
2025-09-16,3.25,phyc,1.3678466081619263
2025-09-16,3.5,phyc,1.3715521097183228
2025-09-16,3.75,phyc,1.3952471017837524
2025-09-16,4.0,phyc,1.3997061252593994
2025-09-16,4.25,phyc,1.4092310667037964
2025-09-16,4.5,phyc,1.426175594329834
2025-09-16,4.75,phyc,1.3918896913528442
2025-09-16,5.0,phyc,1.4040364027023315
2025-09-16,5.25,phyc,1.3727021217346191
2025-09-16,5.5,phyc,1.3823801279067993
2025-09-16,5.75,phyc,1.3767653703689575
2025-09-16,6.0,phyc,1.3974814414978027
2025-09-16,6.25,phyc,1.403626561164856
2025-09-16,6.5,phyc,1.4159657955169678
2025-09-16,6.75,phyc,1.4277926683425903
2025-09-16,7.0,phyc,1.4414178133010864
2025-09-16,7.25,phyc,1.441987156867981
2025-09-16,7.5,phyc,1.4458996057510376
2025-09-16,7.75,phyc,1.4403117895126343
2025-09-16,8.0,phyc,1.4457788467407227
2025-09-16,8.25,phyc,1.457640528678894
2025-09-16,8.5,phyc,1.51508629322052
2025-09-16,8.75,phyc,1.5194040536880493
2025-09-16,9.0,phyc,1.4727973937988281
2025-09-16,9.25,phyc,1.5309029817581177
2025-09-16,9.5,phyc,1.5625537633895874
2025-09-16,9.75,phyc,1.5571810007095337
2025-09-16,10.0,phyc,1.482675313949585
2025-09-16,10.25,phyc,1.4995496273040771
2025-09-16,10.5,phyc,1.5448532104492188
2025-09-16,10.75,phyc,1.5821338891983032
2025-09-16,11.0,phyc,1.662295937538147
2025-09-16,11.25,phyc,1.7901074886322021
2025-09-16,11.5,phyc,1.9668253660202026
2025-09-16,11.75,phyc,2.043461561203003
2025-09-16,12.0,phyc,1.9918817281723022
2025-09-16,12.25,phyc,1.9875409603118896
2025-09-16,12.5,phyc,1.990181803703308
2025-09-16,12.75,phyc,1.9792163372039795
2025-09-16,13.0,phyc,1.9127849340438843
2025-09-16,13.25,phyc,1.8544347286224365
2025-09-16,13.5,phyc,1.8952856063842773
2025-09-16,13.75,phyc,1.9297915697097778
2025-09-16,14.0,phyc,1.9800810813903809
2025-09-16,14.25,phyc,2.137418746948242
2025-09-16,14.5,phyc,2.059821844100952
2025-09-16,14.75,phyc,2.053014039993286
2025-09-16,15.0,phyc,1.8870972394943237
2025-09-16,15.25,phyc,1.7591557502746582
2025-09-16,15.5,phyc,1.790722370147705
2025-09-16,15.75,phyc,1.7480064630508423
2025-09-16,16.0,phyc,1.8321045637130737
2025-09-16,16.25,phyc,1.7797924280166626
2025-09-16,16.5,phyc,1.8587101697921753
2025-09-16,16.75,phyc,1.8294979333877563
2025-09-16,17.0,phyc,1.7829818725585938
2025-09-16,17.25,phyc,1.621897578239441
2025-09-16,17.5,phyc,1.537509560585022
2025-09-16,17.75,phyc,1.5320358276367188
2025-09-16,18.0,phyc,1.520210862159729
2025-09-16,18.25,phyc,1.4224518537521362
2025-09-16,18.5,phyc,1.3443533182144165
2025-09-16,18.75,phyc,1.3664829730987549
2025-09-16,19.0,phyc,1.3276450634002686
2025-09-16,19.25,phyc,1.3171442747116089
2025-09-16,19.5,phyc,1.3093738555908203
2025-09-16,19.75,phyc,1.2943999767303467
2025-09-16,20.0,phyc,1.2800893783569336
2025-09-16,20.25,phyc,1.2763051986694336
2025-09-16,20.5,phyc,1.2853809595108032
2025-09-16,20.75,phyc,1.2950440645217896
2025-09-16,21.0,phyc,1.3273512125015259
2025-09-16,21.25,phyc,1.3000496625900269
2025-09-16,21.5,phyc,1.3161526918411255
2025-09-16,21.75,phyc,1.3307697772979736
2025-09-16,22.0,phyc,1.3594926595687866
2025-09-16,22.25,phyc,1.3886055946350098
2025-09-16,22.5,phyc,1.413644790649414
2025-09-16,22.75,phyc,1.431097149848938
2025-09-16,23.0,phyc,1.4650565385818481
2025-09-16,23.25,phyc,1.4957044124603271
2025-09-16,23.5,phyc,1.5123237371444702
2025-09-16,23.75,phyc,1.5185314416885376
2025-09-16,24.0,phyc,1.5314260721206665
2025-09-16,24.25,phyc,1.5011491775512695
2025-09-16,24.5,phyc,1.4984054565429688
2025-09-16,24.75,phyc,1.5141416788101196
2025-09-16,25.0,phyc,1.5516135692596436
2025-09-16,25.25,phyc,1.5461596250534058
2025-09-16,25.5,phyc,1.5053311586380005
2025-09-16,25.75,phyc,1.5318208932876587
2025-09-16,26.0,phyc,1.550083875656128
2025-09-16,26.25,phyc,1.564374566078186
2025-09-16,26.5,phyc,1.5740176439285278
2025-09-16,26.75,phyc,1.5615884065628052
2025-09-16,27.0,phyc,1.546670913696289
2025-09-16,27.25,phyc,1.5254069566726685
2025-09-16,27.5,phyc,1.5054103136062622
2025-09-16,27.75,phyc,1.555917501449585
2025-09-16,28.0,phyc,1.5848419666290283
2025-09-16,28.25,phyc,1.5548781156539917
2025-09-16,28.5,phyc,1.5334365367889404
2025-09-16,28.75,phyc,1.6248406171798706
2025-09-16,29.0,phyc,1.6500972509384155
2025-09-16,29.25,phyc,1.6011087894439697
2025-09-16,29.5,phyc,1.5254266262054443
2025-09-16,29.75,phyc,1.6893717050552368
2025-09-16,30.0,phyc,1.596104383468628
2025-09-16,30.25,phyc,1.5239933729171753
2025-09-16,30.5,phyc,1.4908227920532227
2025-09-16,30.75,phyc,1.5009695291519165
2025-09-16,31.0,phyc,1.51064133644104
2025-09-16,31.25,phyc,1.5242494344711304
2025-09-16,31.5,phyc,1.533652663230896
2025-09-16,31.75,phyc,1.5433307886123657
2025-09-16,32.0,phyc,1.5555304288864136
2025-09-16,32.25,phyc,1.5497233867645264
2025-09-16,32.5,phyc,1.5555510520935059
2025-09-16,32.75,phyc,1.5493738651275635
2025-09-16,33.0,phyc,1.518960952758789
2025-09-16,33.25,phyc,1.4991663694381714
2025-09-16,33.5,phyc,1.5284595489501953
2025-09-16,33.75,phyc,1.534695029258728
2025-09-16,34.0,phyc,1.5131195783615112
2025-09-16,34.25,phyc,1.5085480213165283
2025-09-16,34.5,phyc,1.4969557523727417
2025-09-16,34.75,phyc,1.5305922031402588
2025-09-16,35.0,phyc,1.5418535470962524
2025-09-16,35.25,phyc,1.5103815793991089
2025-09-16,35.5,phyc,1.4898560047149658
2025-09-16,35.75,phyc,1.4808330535888672
2025-09-16,36.0,phyc,1.4686577320098877
2025-09-16,36.25,phyc,1.4543132781982422
2025-09-16,36.5,phyc,1.4524691104888916
2025-09-16,36.75,phyc,1.4503309726715088
2025-09-16,37.0,phyc,1.4434516429901123
2025-09-16,37.25,phyc,1.4490585327148438
2025-09-16,37.5,phyc,1.4367903470993042
2025-09-16,37.75,phyc,1.4422941207885742
2025-09-16,38.0,phyc,1.4331552982330322
2025-09-16,38.25,phyc,1.41791570186615
2025-09-16,38.5,phyc,1.4211783409118652
2025-09-16,38.75,phyc,1.4244341850280762
2025-09-16,39.0,phyc,1.443682074546814
2025-09-16,39.25,phyc,1.425765037536621
2025-09-16,39.5,phyc,1.424117922782898
2025-09-16,39.75,phyc,1.4251230955123901
2025-09-16,40.0,phyc,1.4419622421264648
2025-09-16,40.25,phyc,1.4374828338623047
2025-09-16,40.5,phyc,1.3912150859832764
2025-09-16,40.75,phyc,1.38536536693573
2025-09-16,41.0,phyc,1.3770532608032227
2025-09-16,41.25,phyc,1.3831790685653687
2025-09-16,41.5,phyc,1.3919193744659424
2025-09-16,41.75,phyc,1.3976569175720215
2025-09-16,42.0,phyc,1.4089937210083008
2025-09-16,42.25,phyc,1.4214750528335571
2025-09-16,42.5,phyc,1.4339863061904907
2025-09-16,42.75,phyc,1.4517382383346558
2025-09-16,43.0,phyc,1.4528487920761108
2025-09-16,43.25,phyc,1.460659384727478
2025-09-16,43.5,phyc,1.4792386293411255
2025-09-16,43.75,phyc,1.4983577728271484
2025-09-16,44.0,phyc,1.490675687789917
2025-09-16,44.25,phyc,1.480175256729126
2025-09-16,44.5,phyc,1.4717941284179688
2025-09-16,44.75,phyc,1.4793081283569336
2025-09-16,45.0,phyc,1.4826438426971436
2025-09-16,45.25,phyc,1.4776711463928223
2025-09-16,45.5,phyc,1.4745075702667236
2025-09-16,45.75,phyc,1.4686359167099
2025-09-16,46.0,phyc,1.4571647644042969
2025-09-16,46.25,phyc,1.4445210695266724
2025-09-16,46.5,phyc,1.4463826417922974
2025-09-16,46.75,phyc,1.4456336498260498
2025-09-16,47.0,phyc,1.4434013366699219
2025-09-16,47.25,phyc,1.456384539604187
2025-09-16,47.5,phyc,1.473007082939148
2025-09-16,47.75,phyc,1.4890003204345703
2025-09-16,48.0,phyc,1.499001383781433
2025-09-16,48.25,phyc,1.5229945182800293
2025-09-16,48.5,phyc,1.5664368867874146
2025-09-16,48.75,phyc,1.582872986793518
2025-09-16,49.0,phyc,1.6044652462005615
2025-09-16,49.25,phyc,1.5930410623550415
2025-09-16,49.5,phyc,1.5690505504608154
2025-09-16,49.75,phyc,1.5394243001937866
2025-09-16,50.0,phyc,1.5143637657165527
2025-09-16,50.25,phyc,1.5096899271011353
2025-09-16,50.5,phyc,1.508209466934204
2025-09-16,50.75,phyc,1.49740731716156
2025-09-16,51.0,phyc,1.5514061450958252
2025-09-16,51.25,phyc,1.576011300086975
2025-09-16,51.5,phyc,1.5784887075424194
2025-09-16,51.75,phyc,1.60067617893219
2025-09-16,52.0,phyc,1.623687744140625
2025-09-16,52.25,phyc,1.6375656127929688
2025-09-16,52.5,phyc,1.62999427318573
2025-09-16,52.75,phyc,1.6137950420379639
2025-09-16,53.0,phyc,1.5876483917236328
2025-09-16,53.25,phyc,1.570444107055664
2025-09-16,53.5,phyc,1.5652265548706055
2025-09-16,53.75,phyc,1.5685261487960815
2025-09-16,54.0,phyc,1.6285767555236816
2025-09-16,54.25,phyc,1.637768030166626
2025-09-16,54.5,phyc,1.6442102193832397
2025-09-16,54.75,phyc,1.6716997623443604
2025-09-16,55.0,phyc,1.6948657035827637
2025-09-16,55.25,phyc,1.7115472555160522
2025-09-16,55.5,phyc,1.728543758392334
2025-09-16,55.75,phyc,1.6851015090942383
2025-09-16,56.0,phyc,1.6408355236053467
2025-09-16,56.25,phyc,1.6148016452789307
2025-09-16,56.5,phyc,1.6214659214019775
2025-09-16,56.75,phyc,1.7155816555023193
2025-09-16,57.0,phyc,1.684543251991272
2025-09-16,57.25,phyc,1.6797711849212646
2025-09-16,57.5,phyc,1.6394016742706299
2025-09-16,57.75,phyc,1.686484694480896
2025-09-16,58.0,phyc,1.7095497846603394
2025-09-16,58.25,phyc,1.6524940729141235
2025-09-16,58.5,phyc,1.6118985414505005
2025-09-16,58.75,phyc,1.65067458152771
2025-09-16,59.0,phyc,1.6469767093658447
2025-09-16,59.25,phyc,1.640486478805542
2025-09-16,59.5,phyc,1.6342579126358032
2025-09-16,59.75,phyc,1.6203253269195557
2025-09-16,60.0,phyc,1.550510287284851
2025-09-16,60.25,phyc,1.4975379705429077
2025-09-16,60.5,phyc,1.459980845451355
2025-09-16,60.75,phyc,1.4224860668182373
2025-09-16,61.0,phyc,1.400704264640808
2025-09-16,61.25,phyc,1.3776447772979736
2025-09-16,61.5,phyc,1.3591065406799316
2025-09-16,61.75,phyc,1.3464608192443848
2025-09-16,62.0,phyc,1.3349635601043701
2025-09-16,62.25,phyc,1.3267542123794556
2025-09-16,62.5,phyc,1.3277748823165894
2025-09-16,62.75,phyc,1.3299096822738647
2025-09-16,63.0,phyc,1.3300676345825195
2025-09-16,63.25,phyc,1.3290156126022339
2025-09-16,63.5,phyc,1.331889033317566
2025-09-16,63.75,phyc,1.339646577835083
2025-09-16,64.0,phyc,1.3496850728988647
2025-09-16,64.25,phyc,1.3522862195968628
2025-09-16,64.5,phyc,1.3502119779586792
2025-09-16,64.75,phyc,1.345289945602417
2025-09-16,65.0,phyc,1.3425912857055664
2025-09-16,65.25,phyc,1.3438159227371216
2025-09-16,65.5,phyc,1.3417733907699585
2025-09-16,65.75,phyc,1.339012861251831
2025-09-16,66.0,phyc,1.336717128753662
2025-09-16,66.25,phyc,1.3315297365188599
2025-09-16,66.5,phyc,1.3301671743392944
2025-09-16,66.75,phyc,1.3311576843261719
2025-09-16,67.0,phyc,1.363457202911377
2025-09-16,67.25,phyc,1.3706209659576416
2025-09-16,67.5,phyc,1.3480125665664673
2025-09-16,67.75,phyc,1.3592238426208496
2025-09-16,68.0,phyc,1.3661314249038696
2025-09-16,68.25,phyc,1.3775146007537842
2025-09-16,68.5,phyc,1.397775411605835
2025-09-16,68.75,phyc,1.4380582571029663
2025-09-16,69.0,phyc,1.4244658946990967
2025-09-16,69.25,phyc,1.4133217334747314
2025-09-16,69.5,phyc,1.4416967630386353
2025-09-16,69.75,phyc,1.4475898742675781
2025-09-16,70.0,phyc,1.4478251934051514
2025-09-16,70.25,phyc,1.4802377223968506
2025-09-16,70.5,phyc,1.5018786191940308
2025-09-16,70.75,phyc,1.4756865501403809
2025-09-16,71.0,phyc,1.4406704902648926
2025-09-16,71.25,phyc,1.4134306907653809
2025-09-16,71.5,phyc,1.3963373899459839
2025-09-16,71.75,phyc,1.480545163154602
2025-09-16,72.0,phyc,1.474886178970337
2025-09-16,72.25,phyc,1.4997254610061646
2025-09-16,72.5,phyc,1.6205493211746216
2025-09-16,72.75,phyc,1.656831979751587
2025-09-16,73.0,phyc,1.6889044046401978
2025-09-16,73.25,phyc,1.7526130676269531
2025-09-16,73.5,phyc,1.7819870710372925
2025-09-16,73.75,phyc,1.7802367210388184
2025-09-16,74.0,phyc,1.6598165035247803
2025-09-16,74.25,phyc,1.6155298948287964
2025-09-16,74.5,phyc,1.5340927839279175
2025-09-16,74.75,phyc,1.497642993927002
2025-09-16,75.0,phyc,1.4402505159378052
2025-09-16,75.25,phyc,1.438643455505371
2025-09-16,75.5,phyc,1.4661388397216797
2025-09-16,75.75,phyc,1.491309404373169
2025-09-16,76.0,phyc,1.509918212890625
2025-09-16,76.25,phyc,1.496706247329712
2025-09-16,76.5,phyc,1.5045052766799927
2025-09-16,76.75,phyc,1.527823805809021
2025-09-16,77.0,phyc,1.5517717599868774
2025-09-16,77.25,phyc,1.5616459846496582
2025-09-16,77.5,phyc,1.5601388216018677
2025-09-16,77.75,phyc,1.5289306640625
2025-09-16,78.0,phyc,1.4958583116531372
2025-09-16,78.25,phyc,1.4805073738098145
2025-09-16,78.5,phyc,1.4581903219223022
2025-09-16,78.75,phyc,1.4447003602981567
2025-09-16,79.0,phyc,1.4544802904129028
2025-09-16,79.25,phyc,1.4588412046432495
2025-09-16,79.5,phyc,1.4707506895065308
2025-09-16,79.75,phyc,1.5115702152252197
2025-09-16,80.0,phyc,1.5374094247817993
2025-09-16,80.25,phyc,1.5447089672088623
2025-09-16,80.5,phyc,1.535512924194336
2025-09-16,80.75,phyc,1.5313564538955688
2025-09-16,81.0,phyc,1.4561829566955566
2025-09-16,81.25,phyc,1.4639753103256226
2025-09-16,81.5,phyc,1.4886236190795898
2025-09-16,81.75,phyc,1.4914214611053467
2025-09-16,82.0,phyc,1.4858263731002808
2025-09-16,82.25,phyc,1.4900540113449097
2025-09-16,82.5,phyc,1.4650399684906006
2025-09-16,82.75,phyc,1.3571951389312744
2025-09-16,83.0,phyc,1.3480684757232666
2025-09-16,83.25,phyc,1.3218321800231934
2025-09-16,83.5,phyc,1.3226020336151123
2025-09-16,83.75,phyc,1.3291949033737183
2025-09-16,84.0,phyc,1.3350474834442139
2025-09-16,84.25,phyc,1.3400403261184692
2025-09-16,84.5,phyc,1.3450069427490234
2025-09-16,84.75,phyc,1.3490883111953735
2025-09-16,85.0,phyc,1.3559445142745972
2025-09-16,85.25,phyc,1.3639020919799805
2025-09-16,85.5,phyc,1.3762261867523193
2025-09-16,85.75,phyc,1.3884401321411133
2025-09-16,86.0,phyc,1.3978557586669922
2025-09-16,86.25,phyc,1.4096591472625732
2025-09-16,86.5,phyc,1.4255014657974243
2025-09-16,86.75,phyc,1.4515576362609863
2025-09-16,87.0,phyc,1.4812490940093994
2025-09-16,87.25,phyc,1.425243616104126
2025-09-16,87.5,phyc,1.4160162210464478
2025-09-16,87.75,phyc,1.440983772277832
2025-09-16,88.0,phyc,1.441847801208496
2025-09-16,88.25,phyc,1.4162811040878296
2025-09-16,88.5,phyc,1.4192438125610352
2025-09-16,88.75,phyc,1.418474793434143
2025-09-16,89.0,phyc,1.4112169742584229
2025-09-16,89.25,phyc,1.413789987564087
2025-09-16,89.5,phyc,1.463401436805725
2025-09-16,89.75,phyc,1.5031110048294067
2025-09-16,90.0,phyc,1.5492321252822876
2025-09-16,90.25,phyc,1.6112910509109497
2025-09-16,90.5,phyc,1.7076263427734375
2025-09-16,90.75,phyc,1.93622624874115
2025-09-16,91.0,phyc,1.8667235374450684
2025-09-16,91.25,phyc,1.7812724113464355
2025-09-16,91.5,phyc,1.743531346321106
2025-09-16,91.75,phyc,1.591126561164856
2025-09-16,92.0,phyc,1.3149056434631348
2025-09-16,92.25,phyc,1.3101140260696411
2025-09-16,92.5,phyc,1.3136855363845825
2025-09-16,92.75,phyc,1.325831651687622
2025-09-16,93.0,phyc,1.3036781549453735
2025-09-16,93.25,phyc,1.2940970659255981
2025-09-16,93.5,phyc,1.2928986549377441
2025-09-16,93.75,phyc,1.290814995765686
2025-09-16,94.0,phyc,1.3128472566604614
2025-09-16,94.25,phyc,1.3438504934310913
2025-09-16,94.5,phyc,1.3785356283187866
2025-09-16,94.75,phyc,1.4046030044555664
2025-09-16,95.0,phyc,1.3714265823364258
2025-09-16,95.25,phyc,1.3737033605575562
2025-09-16,95.5,phyc,1.3680025339126587
2025-09-16,95.75,phyc,1.4297544956207275
2025-09-16,96.0,phyc,1.3981865644454956
2025-09-16,96.25,phyc,1.412522315979004
2025-09-16,96.5,phyc,1.3787579536437988
2025-09-16,96.75,phyc,1.4026786088943481
2025-09-16,97.0,phyc,1.4889730215072632
2025-09-16,97.25,phyc,1.4652124643325806
2025-09-16,97.5,phyc,1.3885550498962402
2025-09-16,97.75,phyc,1.3957279920578003
2025-09-16,98.0,phyc,1.412096381187439
2025-09-16,98.25,phyc,1.4126776456832886
2025-09-16,98.5,phyc,1.4388712644577026
2025-09-16,98.75,phyc,1.4367420673370361
2025-09-16,99.0,phyc,1.4507166147232056
2025-09-16,99.25,phyc,1.4522026777267456
2025-09-16,99.5,phyc,1.4702262878417969
2025-09-16,99.75,phyc,1.4839286804199219
2025-09-16,100.0,phyc,1.5053181648254395
2025-09-16,100.25,phyc,1.537305235862732
2025-09-16,100.5,phyc,1.5405734777450562
2025-09-16,100.75,phyc,1.5296344757080078
2025-09-16,101.0,phyc,1.4923516511917114
2025-09-16,101.25,phyc,1.4892550706863403
2025-09-16,101.5,phyc,1.4700348377227783
2025-09-16,101.75,phyc,1.4671624898910522
2025-09-16,102.0,phyc,1.454514741897583
2025-09-16,102.25,phyc,1.4525312185287476
2025-09-16,102.5,phyc,1.4660104513168335
2025-09-16,102.75,phyc,1.4821393489837646
2025-09-16,103.0,phyc,1.4925756454467773
2025-09-16,103.25,phyc,1.5221350193023682
2025-09-16,103.5,phyc,1.6215280294418335
2025-09-16,103.75,phyc,1.543784737586975
2025-09-16,104.0,phyc,1.5460855960845947
2025-09-16,104.25,phyc,1.530503749847412
2025-09-16,104.5,phyc,1.5137748718261719
2025-09-16,104.75,phyc,1.506445288658142
2025-09-16,105.0,phyc,1.4860711097717285
2025-09-16,105.25,phyc,1.4840521812438965
2025-09-16,105.5,phyc,1.4788532257080078
2025-09-16,105.75,phyc,1.5288100242614746
2025-09-16,106.0,phyc,1.665327548980713
2025-09-16,106.25,phyc,1.6404691934585571
2025-09-16,106.5,phyc,1.6196296215057373
2025-09-16,106.75,phyc,1.8243238925933838
2025-09-16,107.0,phyc,1.705539584159851
2025-09-16,107.25,phyc,1.6410937309265137
2025-09-16,107.5,phyc,1.6071734428405762
2025-09-16,107.75,phyc,1.5366768836975098
2025-09-16,108.0,phyc,1.5143378973007202
2025-09-16,108.25,phyc,1.5140756368637085
2025-09-16,108.5,phyc,1.532222867012024
2025-09-16,108.75,phyc,1.5271157026290894
2025-09-16,109.0,phyc,1.5290043354034424
2025-09-16,109.25,phyc,1.5194673538208008
2025-09-16,109.5,phyc,1.5184918642044067
2025-09-16,109.75,phyc,1.5064444541931152
2025-09-16,110.0,phyc,1.4915688037872314
2025-09-16,110.25,phyc,1.490918517112732
2025-09-16,110.5,phyc,1.5262030363082886
2025-09-16,110.75,phyc,1.5183594226837158
2025-09-16,111.0,phyc,1.5220625400543213
2025-09-16,111.25,phyc,1.5036238431930542
2025-09-16,111.5,phyc,1.5072319507598877
2025-09-16,111.75,phyc,1.5066241025924683
2025-09-16,112.0,phyc,1.5141305923461914
2025-09-16,112.25,phyc,1.508573293685913
2025-09-16,112.5,phyc,1.5148476362228394
2025-09-16,112.75,phyc,1.5356454849243164
2025-09-16,113.0,phyc,1.622349739074707
2025-09-16,113.25,phyc,1.6479328870773315
2025-09-16,113.5,phyc,1.6436409950256348
2025-09-16,113.75,phyc,1.775261640548706
2025-09-16,114.0,phyc,1.6683778762817383
2025-09-16,114.25,phyc,1.6305863857269287
2025-09-16,114.5,phyc,1.6295634508132935
2025-09-16,114.75,phyc,1.5599350929260254
2025-09-16,115.0,phyc,1.531129002571106
2025-09-16,115.25,phyc,1.5279138088226318
2025-09-16,115.5,phyc,1.545500636100769
2025-09-16,115.75,phyc,1.4987157583236694
2025-09-16,116.0,phyc,1.490095615386963
2025-09-16,116.25,phyc,1.4892489910125732
2025-09-16,116.5,phyc,1.4802086353302002
2025-09-16,116.75,phyc,1.4676557779312134
2025-09-16,117.0,phyc,1.5025441646575928
2025-09-16,117.25,phyc,1.5059484243392944
2025-09-16,117.5,phyc,1.5266282558441162
2025-09-16,117.75,phyc,1.605799674987793
2025-09-16,118.0,phyc,1.5852069854736328
2025-09-16,118.25,phyc,1.5634353160858154
2025-09-16,118.5,phyc,1.5558626651763916
2025-09-16,118.75,phyc,1.565254807472229
2025-09-16,119.0,phyc,1.6339739561080933
2025-09-16,119.25,phyc,1.5978034734725952
2025-09-16,119.5,phyc,1.567877173423767
2025-09-16,119.75,phyc,1.5998563766479492
2025-09-16,120.0,phyc,1.6126937866210938
2025-09-16,120.25,phyc,1.6381148099899292
2025-09-16,120.5,phyc,1.7531750202178955
2025-09-16,120.75,phyc,1.736958384513855
2025-09-16,121.0,phyc,1.83673894405365
2025-09-16,121.25,phyc,1.8562936782836914
2025-09-16,121.5,phyc,2.091782569885254
2025-09-16,121.75,phyc,2.080983877182007
2025-09-16,122.0,phyc,2.1050844192504883
2025-09-16,122.25,phyc,1.9342793226242065
2025-09-16,122.5,phyc,1.7006635665893555
2025-09-16,122.75,phyc,1.6099265813827515
2025-09-16,123.0,phyc,1.5774328708648682
2025-09-16,123.25,phyc,1.5788251161575317
2025-09-16,123.5,phyc,1.5803996324539185
2025-09-16,123.75,phyc,1.5830053091049194
2025-09-16,124.0,phyc,1.570871353149414
2025-09-16,124.25,phyc,1.5613305568695068
2025-09-16,124.5,phyc,1.5622586011886597
2025-09-16,124.75,phyc,1.556298851966858
2025-09-16,125.0,phyc,1.577931523323059
2025-09-16,125.25,phyc,1.5884090662002563
2025-09-16,125.5,phyc,1.57151460647583
2025-09-16,125.75,phyc,1.6053626537322998
2025-09-16,126.0,phyc,1.618218183517456
2025-09-16,126.25,phyc,1.6785414218902588
2025-09-16,126.5,phyc,1.674634337425232
2025-09-16,126.75,phyc,1.5827035903930664
2025-09-16,127.0,phyc,1.545058250427246
2025-09-16,127.25,phyc,1.5431292057037354
2025-09-16,127.5,phyc,1.5508522987365723
2025-09-16,127.75,phyc,1.5773423910140991
2025-09-16,128.0,phyc,1.5619127750396729
2025-09-16,128.25,phyc,1.557413101196289
2025-09-16,128.5,phyc,1.5819096565246582
2025-09-16,128.75,phyc,1.6029655933380127
2025-09-16,129.0,phyc,1.6358550786972046
2025-09-16,129.25,phyc,1.7027238607406616
2025-09-16,129.5,phyc,1.7104579210281372
2025-09-16,129.75,phyc,1.7048135995864868
2025-09-16,130.0,phyc,1.688725233078003
2025-09-16,130.25,phyc,1.6743813753128052
2025-09-16,130.5,phyc,1.6976112127304077
2025-09-16,130.75,phyc,1.6403518915176392
2025-09-16,131.0,phyc,1.6364644765853882
2025-09-16,131.25,phyc,1.6495304107666016
2025-09-16,131.5,phyc,1.646766185760498
2025-09-16,131.75,phyc,1.651103138923645
2025-09-16,132.0,phyc,1.6633530855178833
2025-09-16,132.25,phyc,1.6623167991638184
2025-09-16,132.5,phyc,1.678096890449524
2025-09-16,132.75,phyc,1.6856685876846313
2025-09-16,133.0,phyc,1.6710468530654907
2025-09-16,133.25,phyc,1.6733096837997437
2025-09-16,133.5,phyc,1.6701263189315796
2025-09-16,133.75,phyc,1.6499186754226685
2025-09-16,134.0,phyc,1.6473910808563232
2025-09-16,134.25,phyc,1.6608130931854248
2025-09-16,134.5,phyc,1.6471376419067383
2025-09-16,134.75,phyc,1.6408840417861938
2025-09-16,135.0,phyc,1.64557945728302
2025-09-16,135.25,phyc,1.6281317472457886
2025-09-16,135.5,phyc,1.6035243272781372
2025-09-16,135.75,phyc,1.6125261783599854
2025-09-16,136.0,phyc,1.6166621446609497
2025-09-16,136.25,phyc,1.6467653512954712
2025-09-16,136.5,phyc,1.6599153280258179
2025-09-16,136.75,phyc,1.7514039278030396
2025-09-16,137.0,phyc,1.7675286531448364
2025-09-16,137.25,phyc,1.754507064819336
2025-09-16,137.5,phyc,1.6933283805847168
2025-09-16,137.75,phyc,1.6576611995697021
2025-09-16,138.0,phyc,1.6523641347885132
2025-09-16,138.25,phyc,1.6564115285873413
2025-09-16,138.5,phyc,1.6692792177200317
2025-09-16,138.75,phyc,1.64906907081604
2025-09-16,139.0,phyc,1.6236021518707275
2025-09-16,139.25,phyc,1.650438904762268
2025-09-16,139.5,phyc,1.6518958806991577
2025-09-16,139.75,phyc,1.6420992612838745
2025-09-16,140.0,phyc,1.610140085220337
2025-09-16,140.25,phyc,1.6133192777633667
2025-09-16,140.5,phyc,1.6410754919052124
2025-09-16,140.75,phyc,1.7366255521774292
2025-09-16,141.0,phyc,1.7668489217758179
2025-09-16,141.25,phyc,1.8598699569702148
2025-09-16,141.5,phyc,2.007626533508301
2025-09-16,141.75,phyc,1.9170947074890137
2025-09-16,142.0,phyc,1.7625597715377808
2025-09-16,142.25,phyc,1.685799479484558
2025-09-16,142.5,phyc,1.6664891242980957
2025-09-16,142.75,phyc,1.6186041831970215
2025-09-16,143.0,phyc,1.6561769247055054
2025-09-16,143.25,phyc,1.709011435508728
2025-09-16,143.5,phyc,1.7335586547851562
2025-09-16,143.75,phyc,1.7474656105041504
2025-09-16,144.0,phyc,1.7377877235412598
2025-09-16,144.25,phyc,1.7202632427215576
2025-09-16,144.5,phyc,1.717942714691162
2025-09-16,144.75,phyc,1.710595726966858
2025-09-16,145.0,phyc,1.7064299583435059
2025-09-16,145.25,phyc,1.6887199878692627
2025-09-16,145.5,phyc,1.649590015411377
2025-09-16,145.75,phyc,1.6143180131912231
2025-09-16,146.0,phyc,1.5829256772994995
2025-09-16,146.25,phyc,1.5685380697250366
2025-09-16,146.5,phyc,1.568095326423645
2025-09-16,146.75,phyc,1.5479469299316406
2025-09-16,147.0,phyc,1.5478023290634155
2025-09-16,147.25,phyc,1.5638227462768555
2025-09-16,147.5,phyc,1.591642141342163
2025-09-16,147.75,phyc,1.5834972858428955
2025-09-16,148.0,phyc,1.6063116788864136
2025-09-16,148.25,phyc,1.6031044721603394
2025-09-16,148.5,phyc,1.6106280088424683
2025-09-16,148.75,phyc,1.5513916015625
2025-09-16,149.0,phyc,1.5516502857208252
2025-09-16,149.25,phyc,1.5895532369613647
2025-09-16,149.5,phyc,1.595531702041626
2025-09-16,149.75,phyc,1.606040358543396
2025-09-16,150.0,phyc,1.6658501625061035
2025-09-16,150.25,phyc,1.7033114433288574
2025-09-16,150.5,phyc,1.6992985010147095
2025-09-16,150.75,phyc,1.6733039617538452
2025-09-16,151.0,phyc,1.654825210571289
2025-09-16,151.25,phyc,1.6496703624725342
2025-09-16,151.5,phyc,1.6712604761123657
2025-09-16,151.75,phyc,1.682025671005249
2025-09-16,152.0,phyc,1.6621803045272827
2025-09-16,152.25,phyc,1.6748508214950562
2025-09-16,152.5,phyc,1.6636589765548706
2025-09-16,152.75,phyc,1.6565656661987305
2025-09-16,153.0,phyc,1.6665093898773193
2025-09-16,153.25,phyc,1.6643633842468262
2025-09-16,153.5,phyc,1.6439763307571411
2025-09-16,153.75,phyc,1.6285873651504517
2025-09-16,154.0,phyc,1.606357455253601
2025-09-16,154.25,phyc,1.5935771465301514
2025-09-16,154.5,phyc,1.5881460905075073
2025-09-16,154.75,phyc,1.6177512407302856
2025-09-16,155.0,phyc,1.6588395833969116
2025-09-16,155.25,phyc,1.7082977294921875
2025-09-16,155.5,phyc,1.7168877124786377
2025-09-16,155.75,phyc,1.696173071861267
2025-09-16,156.0,phyc,1.6413936614990234
2025-09-16,156.25,phyc,1.6241662502288818
2025-09-16,156.5,phyc,1.6181926727294922
2025-09-16,156.75,phyc,1.587048053741455
2025-09-16,157.0,phyc,1.557115077972412
2025-09-16,157.25,phyc,1.547616958618164
2025-09-16,157.5,phyc,1.5511765480041504
2025-09-16,157.75,phyc,1.553283929824829
2025-09-16,158.0,phyc,1.5433460474014282
2025-09-16,158.25,phyc,1.529464840888977
2025-09-16,158.5,phyc,1.5407052040100098
2025-09-16,158.75,phyc,1.534475326538086
2025-09-16,159.0,phyc,1.5192359685897827
2025-09-16,159.25,phyc,1.5085045099258423
2025-09-16,159.5,phyc,1.5028237104415894
2025-09-16,159.75,phyc,1.5309971570968628
2025-09-16,160.0,phyc,1.5339144468307495
2025-09-16,160.25,phyc,1.5482029914855957
2025-09-16,160.5,phyc,1.5338537693023682
2025-09-16,160.75,phyc,1.5372129678726196
2025-09-16,161.0,phyc,1.5237209796905518
2025-09-16,161.25,phyc,1.520697832107544
2025-09-16,161.5,phyc,1.5032830238342285
2025-09-16,161.75,phyc,1.529123067855835
2025-09-16,162.0,phyc,1.5602730512619019
2025-09-16,162.25,phyc,1.5881505012512207
2025-09-16,162.5,phyc,1.5548019409179688
2025-09-16,162.75,phyc,1.503438949584961
2025-09-16,163.0,phyc,1.495192289352417
2025-09-16,163.25,phyc,1.5427699089050293
2025-09-16,163.5,phyc,1.533620834350586
2025-09-16,163.75,phyc,1.5090941190719604
2025-09-16,164.0,phyc,1.470294713973999
2025-09-16,164.25,phyc,1.4660253524780273
2025-09-16,164.5,phyc,1.4610838890075684
2025-09-16,164.75,phyc,1.4566092491149902
2025-09-16,165.0,phyc,1.4520357847213745
2025-09-16,165.25,phyc,1.4618513584136963
2025-09-16,165.5,phyc,1.4713672399520874
2025-09-16,165.75,phyc,1.4683130979537964
2025-09-16,166.0,phyc,1.457756757736206
2025-09-16,166.25,phyc,1.446790337562561
2025-09-16,166.5,phyc,1.461511492729187
2025-09-16,166.75,phyc,1.4748611450195312
2025-09-16,167.0,phyc,1.480787992477417
2025-09-16,167.25,phyc,1.473516583442688
2025-09-16,167.5,phyc,1.4585564136505127
2025-09-16,167.75,phyc,1.4461548328399658
2025-09-16,168.0,phyc,1.4524379968643188
2025-09-16,168.25,phyc,1.4589085578918457
2025-09-16,168.5,phyc,1.4477072954177856
2025-09-16,168.75,phyc,1.4498612880706787
2025-09-16,169.0,phyc,1.457485318183899
2025-09-16,169.25,phyc,1.4618889093399048
2025-09-16,169.5,phyc,1.4734500646591187
2025-09-16,169.75,phyc,1.45167875289917
2025-09-16,170.0,phyc,1.4330476522445679
2025-09-16,170.25,phyc,1.4461573362350464
2025-09-16,170.5,phyc,1.4714558124542236
2025-09-16,170.75,phyc,1.4983450174331665
2025-09-16,171.0,phyc,1.521703839302063
2025-09-16,171.25,phyc,1.587908148765564
2025-09-16,171.5,phyc,1.5862295627593994
2025-09-16,171.75,phyc,1.5870381593704224
2025-09-16,172.0,phyc,1.5799835920333862
2025-09-16,172.25,phyc,1.5840094089508057
2025-09-16,172.5,phyc,1.603431224822998
2025-09-16,172.75,phyc,1.6135259866714478
2025-09-16,173.0,phyc,1.6765975952148438
2025-09-16,173.25,phyc,1.7013599872589111
2025-09-16,173.5,phyc,1.6802031993865967
2025-09-16,173.75,phyc,1.6744887828826904
2025-09-16,174.0,phyc,1.6923874616622925
2025-09-16,174.25,phyc,1.7391301393508911
2025-09-16,174.5,phyc,1.7194360494613647
2025-09-16,174.75,phyc,1.6844093799591064
2025-09-16,175.0,phyc,1.665949821472168
2025-09-16,175.25,phyc,1.6343746185302734
2025-09-16,175.5,phyc,1.6437991857528687
2025-09-16,175.75,phyc,1.6428202390670776
2025-09-16,176.0,phyc,1.6384227275848389
2025-09-16,176.25,phyc,1.652237892150879
2025-09-16,176.5,phyc,1.6549158096313477
2025-09-16,176.75,phyc,1.635826587677002
2025-09-16,177.0,phyc,1.665135145187378
2025-09-16,177.25,phyc,1.650191068649292
2025-09-16,177.5,phyc,1.650831699371338
2025-09-16,177.75,phyc,1.6505032777786255
2025-09-16,178.0,phyc,1.6490874290466309
2025-09-16,178.25,phyc,1.6566874980926514
2025-09-16,178.5,phyc,1.6448020935058594
2025-09-16,178.75,phyc,1.6656283140182495
2025-09-16,179.0,phyc,1.6870932579040527
2025-09-16,179.25,phyc,1.715017318725586
2025-09-16,179.5,phyc,1.7508596181869507
2025-09-16,179.75,phyc,1.7738832235336304
2025-09-16,-180.0,po4,0.6977622509002686
2025-09-16,-179.75,po4,0.6975268721580505
2025-09-16,-179.5,po4,0.6955746412277222
2025-09-16,-179.25,po4,0.693964958190918
2025-09-16,-179.0,po4,0.6939436197280884
2025-09-16,-178.75,po4,0.6959407925605774
2025-09-16,-178.5,po4,0.6974430084228516
2025-09-16,-178.25,po4,0.6981842517852783
2025-09-16,-178.0,po4,0.6986746191978455
2025-09-16,-177.75,po4,0.6984493136405945
2025-09-16,-177.5,po4,0.6975433826446533
2025-09-16,-177.25,po4,0.6966712474822998
2025-09-16,-177.0,po4,0.695648729801178
2025-09-16,-176.75,po4,0.6945416331291199
2025-09-16,-176.5,po4,0.6936829090118408
2025-09-16,-176.25,po4,0.6945420503616333
2025-09-16,-176.0,po4,0.6954522728919983
2025-09-16,-175.75,po4,0.6967772245407104
2025-09-16,-175.5,po4,0.6976814270019531
2025-09-16,-175.25,po4,0.6983210444450378
2025-09-16,-175.0,po4,0.7002373933792114
2025-09-16,-174.75,po4,0.7007090449333191
2025-09-16,-174.5,po4,0.699589192867279
2025-09-16,-174.25,po4,0.6977732181549072
2025-09-16,-174.0,po4,0.6978946328163147
2025-09-16,-173.75,po4,0.699221670627594
2025-09-16,-173.5,po4,0.6987729072570801
2025-09-16,-173.25,po4,0.6982983946800232
2025-09-16,-173.0,po4,0.698338508605957
2025-09-16,-172.75,po4,0.6987835168838501
2025-09-16,-172.5,po4,0.7005313038825989
2025-09-16,-172.25,po4,0.7015671133995056
2025-09-16,-172.0,po4,0.7028107643127441
2025-09-16,-171.75,po4,0.7024210095405579
2025-09-16,-171.5,po4,0.7009289860725403
2025-09-16,-171.25,po4,0.7000730037689209
2025-09-16,-171.0,po4,0.6992401480674744
2025-09-16,-170.75,po4,0.698081910610199
2025-09-16,-170.5,po4,0.6972238421440125
2025-09-16,-170.25,po4,0.6964951157569885
2025-09-16,-170.0,po4,0.6965314149856567
2025-09-16,-169.75,po4,0.6965407729148865
2025-09-16,-169.5,po4,0.6962630152702332
2025-09-16,-169.25,po4,0.6954879760742188
2025-09-16,-169.0,po4,0.6943494081497192
2025-09-16,-168.75,po4,0.693103551864624
2025-09-16,-168.5,po4,0.6915686130523682
2025-09-16,-168.25,po4,0.6910200119018555
2025-09-16,-168.0,po4,0.6905536651611328
2025-09-16,-167.75,po4,0.6905638575553894
2025-09-16,-167.5,po4,0.6909514665603638
2025-09-16,-167.25,po4,0.6916818022727966
2025-09-16,-167.0,po4,0.6933804750442505
2025-09-16,-166.75,po4,0.6946214437484741
2025-09-16,-166.5,po4,0.6956565976142883
2025-09-16,-166.25,po4,0.6954758167266846
2025-09-16,-166.0,po4,0.6945042014122009
2025-09-16,-165.75,po4,0.6938499212265015
2025-09-16,-165.5,po4,0.6929494142532349
2025-09-16,-165.25,po4,0.6920594573020935
2025-09-16,-165.0,po4,0.6929320096969604
2025-09-16,-164.75,po4,0.6941462755203247
2025-09-16,-164.5,po4,0.6947886347770691
2025-09-16,-164.25,po4,0.6954264044761658
2025-09-16,-164.0,po4,0.6956069469451904
2025-09-16,-163.75,po4,0.6964032053947449
2025-09-16,-163.5,po4,0.6977186799049377
2025-09-16,-163.25,po4,0.6987923383712769
2025-09-16,-163.0,po4,0.699755847454071
2025-09-16,-162.75,po4,0.6993212103843689
2025-09-16,-162.5,po4,0.6992620825767517
2025-09-16,-162.25,po4,0.6995635628700256
2025-09-16,-162.0,po4,0.7012361288070679
2025-09-16,-161.75,po4,0.7036488056182861
2025-09-16,-161.5,po4,0.7040095329284668
2025-09-16,-161.25,po4,0.7062304019927979
2025-09-16,-161.0,po4,0.7056084275245667
2025-09-16,-160.75,po4,0.7067055106163025
2025-09-16,-160.5,po4,0.707107663154602
2025-09-16,-160.25,po4,0.7080907225608826
2025-09-16,-160.0,po4,0.7080194354057312
2025-09-16,-159.75,po4,0.7097357511520386
2025-09-16,-159.5,po4,0.7118512988090515
2025-09-16,-159.25,po4,0.7092453837394714
2025-09-16,-159.0,po4,0.7095374464988708
2025-09-16,-158.75,po4,0.7072935104370117
2025-09-16,-158.5,po4,0.7068614363670349
2025-09-16,-158.25,po4,0.7078232169151306
2025-09-16,-158.0,po4,0.7086939811706543
2025-09-16,-157.75,po4,0.7076908946037292
2025-09-16,-157.5,po4,0.7072426676750183
2025-09-16,-157.25,po4,0.7088624835014343
2025-09-16,-157.0,po4,0.7109022736549377
2025-09-16,-156.75,po4,0.7122635841369629
2025-09-16,-156.5,po4,0.7134994268417358
2025-09-16,-156.25,po4,0.7138863801956177
2025-09-16,-156.0,po4,0.7142471671104431
2025-09-16,-155.75,po4,0.7175285816192627
2025-09-16,-155.5,po4,0.7176163196563721
2025-09-16,-155.25,po4,0.7166653275489807
2025-09-16,-155.0,po4,0.7169111967086792
2025-09-16,-154.75,po4,0.716640293598175
2025-09-16,-154.5,po4,0.7188036441802979
2025-09-16,-154.25,po4,0.7191229462623596
2025-09-16,-154.0,po4,0.7189058065414429
2025-09-16,-153.75,po4,0.718063235282898
2025-09-16,-153.5,po4,0.7186194658279419
2025-09-16,-153.25,po4,0.7179298400878906
2025-09-16,-153.0,po4,0.7177018523216248
2025-09-16,-152.75,po4,0.7186385989189148
2025-09-16,-152.5,po4,0.717910647392273
2025-09-16,-152.25,po4,0.7164986729621887
2025-09-16,-152.0,po4,0.7144010663032532
2025-09-16,-151.75,po4,0.7140088081359863
2025-09-16,-151.5,po4,0.7143216133117676
2025-09-16,-151.25,po4,0.7160367965698242
2025-09-16,-151.0,po4,0.7157674431800842
2025-09-16,-150.75,po4,0.7171952128410339
2025-09-16,-150.5,po4,0.7158412337303162
2025-09-16,-150.25,po4,0.7156665921211243
2025-09-16,-150.0,po4,0.7159039378166199
2025-09-16,-149.75,po4,0.7159220576286316
2025-09-16,-149.5,po4,0.7145084738731384
2025-09-16,-149.25,po4,0.7139815092086792
2025-09-16,-149.0,po4,0.712141215801239
2025-09-16,-148.75,po4,0.7091233730316162
2025-09-16,-148.5,po4,0.7083664536476135
2025-09-16,-148.25,po4,0.706108808517456
2025-09-16,-148.0,po4,0.7034222483634949
2025-09-16,-147.75,po4,0.6997560858726501
2025-09-16,-147.5,po4,0.7001148462295532
2025-09-16,-147.25,po4,0.6970980763435364
2025-09-16,-147.0,po4,0.6942752003669739
2025-09-16,-146.75,po4,0.6952874064445496
2025-09-16,-146.5,po4,0.6910682320594788
2025-09-16,-146.25,po4,0.6921462416648865
2025-09-16,-146.0,po4,0.6923717856407166
2025-09-16,-145.75,po4,0.690316915512085
2025-09-16,-145.5,po4,0.6906279921531677
2025-09-16,-145.25,po4,0.6912611722946167
2025-09-16,-145.0,po4,0.6921325325965881
2025-09-16,-144.75,po4,0.6927686333656311
2025-09-16,-144.5,po4,0.6925668716430664
2025-09-16,-144.25,po4,0.6914277672767639
2025-09-16,-144.0,po4,0.6904776096343994
2025-09-16,-143.75,po4,0.6882995963096619
2025-09-16,-143.5,po4,0.6855515837669373
2025-09-16,-143.25,po4,0.6853457689285278
2025-09-16,-143.0,po4,0.6849972605705261
2025-09-16,-142.75,po4,0.6854097247123718
2025-09-16,-142.5,po4,0.6860083937644958
2025-09-16,-142.25,po4,0.6852258443832397
2025-09-16,-142.0,po4,0.6839872598648071
2025-09-16,-141.75,po4,0.6824653148651123
2025-09-16,-141.5,po4,0.6798718571662903
2025-09-16,-141.25,po4,0.6789532899856567
2025-09-16,-141.0,po4,0.6772825717926025
2025-09-16,-140.75,po4,0.6753860712051392
2025-09-16,-140.5,po4,0.6743075847625732
2025-09-16,-140.25,po4,0.6725237369537354
2025-09-16,-140.0,po4,0.6705594062805176
2025-09-16,-139.75,po4,0.6700037717819214
2025-09-16,-139.5,po4,0.6671095490455627
2025-09-16,-139.25,po4,0.6632235050201416
2025-09-16,-139.0,po4,0.6614760756492615
2025-09-16,-138.75,po4,0.6606794595718384
2025-09-16,-138.5,po4,0.6588244438171387
2025-09-16,-138.25,po4,0.6576400995254517
2025-09-16,-138.0,po4,0.6603146195411682
2025-09-16,-137.75,po4,0.659825325012207
2025-09-16,-137.5,po4,0.6575431823730469
2025-09-16,-137.25,po4,0.657315731048584
2025-09-16,-137.0,po4,0.6568332314491272
2025-09-16,-136.75,po4,0.6564901471138
2025-09-16,-136.5,po4,0.6535495519638062
2025-09-16,-136.25,po4,0.6533464193344116
2025-09-16,-136.0,po4,0.6535105109214783
2025-09-16,-135.75,po4,0.6538819670677185
2025-09-16,-135.5,po4,0.6524607539176941
2025-09-16,-135.25,po4,0.6516735553741455
2025-09-16,-135.0,po4,0.6514685153961182
2025-09-16,-134.75,po4,0.6511902809143066
2025-09-16,-134.5,po4,0.6487479209899902
2025-09-16,-134.25,po4,0.6479694247245789
2025-09-16,-134.0,po4,0.647489070892334
2025-09-16,-133.75,po4,0.6451847553253174
2025-09-16,-133.5,po4,0.6490315198898315
2025-09-16,-133.25,po4,0.652553379535675
2025-09-16,-133.0,po4,0.6545318365097046
2025-09-16,-132.75,po4,0.6570634841918945
2025-09-16,-132.5,po4,0.657422661781311
2025-09-16,-132.25,po4,0.6571507453918457
2025-09-16,-132.0,po4,0.6550378203392029
2025-09-16,-131.75,po4,0.6533393263816833
2025-09-16,-131.5,po4,0.6510651707649231
2025-09-16,-131.25,po4,0.6512295007705688
2025-09-16,-131.0,po4,0.6505314111709595
2025-09-16,-130.75,po4,0.6495934128761292
2025-09-16,-130.5,po4,0.6506299376487732
2025-09-16,-130.25,po4,0.6528341770172119
2025-09-16,-130.0,po4,0.652983546257019
2025-09-16,-129.75,po4,0.6531827449798584
2025-09-16,-129.5,po4,0.6534289717674255
2025-09-16,-129.25,po4,0.6547138690948486
2025-09-16,-129.0,po4,0.6574384570121765
2025-09-16,-128.75,po4,0.6587586402893066
2025-09-16,-128.5,po4,0.6604360342025757
2025-09-16,-128.25,po4,0.6626757383346558
2025-09-16,-128.0,po4,0.6624316573143005
2025-09-16,-127.75,po4,0.6636197566986084
2025-09-16,-127.5,po4,0.665956437587738
2025-09-16,-127.25,po4,0.6667444705963135
2025-09-16,-127.0,po4,0.6648448705673218
2025-09-16,-126.75,po4,0.6658409833908081
2025-09-16,-126.5,po4,0.6698333024978638
2025-09-16,-126.25,po4,0.6721709370613098
2025-09-16,-126.0,po4,0.6765439510345459
2025-09-16,-125.75,po4,0.680259108543396
2025-09-16,-125.5,po4,0.6853494644165039
2025-09-16,-125.25,po4,0.6947019100189209
2025-09-16,-125.0,po4,0.7047843933105469
2025-09-16,-124.75,po4,0.7140970230102539
2025-09-16,-124.5,po4,0.7188358902931213
2025-09-16,-124.25,po4,0.7164931893348694
2025-09-16,-124.0,po4,0.7153264880180359
2025-09-16,-123.75,po4,0.7149013876914978
2025-09-16,-123.5,po4,0.7172832489013672
2025-09-16,-123.25,po4,0.7207950949668884
2025-09-16,-123.0,po4,0.7206563949584961
2025-09-16,-122.75,po4,0.7190658450126648
2025-09-16,-122.5,po4,0.7185547351837158
2025-09-16,-122.25,po4,0.7185261845588684
2025-09-16,-122.0,po4,0.720150351524353
2025-09-16,-121.75,po4,0.7224230170249939
2025-09-16,-121.5,po4,0.7232357859611511
2025-09-16,-121.25,po4,0.7231839299201965
2025-09-16,-121.0,po4,0.7232449054718018
2025-09-16,-120.75,po4,0.7257978320121765
2025-09-16,-120.5,po4,0.7262299060821533
2025-09-16,-120.25,po4,0.7262028455734253
2025-09-16,-120.0,po4,0.7268328666687012
2025-09-16,-119.75,po4,0.725659191608429
2025-09-16,-119.5,po4,0.7254069447517395
2025-09-16,-119.25,po4,0.72528475522995
2025-09-16,-119.0,po4,0.7247887253761292
2025-09-16,-118.75,po4,0.723568856716156
2025-09-16,-118.5,po4,0.7252673506736755
2025-09-16,-118.25,po4,0.7280628681182861
2025-09-16,-118.0,po4,0.7277198433876038
2025-09-16,-117.75,po4,0.7284528017044067
2025-09-16,-117.5,po4,0.7334515452384949
2025-09-16,-117.25,po4,0.7369042038917542
2025-09-16,-117.0,po4,0.7386350035667419
2025-09-16,-116.75,po4,0.7391175031661987
2025-09-16,-116.5,po4,0.7431474328041077
2025-09-16,-116.25,po4,0.7483227252960205
2025-09-16,-116.0,po4,0.7525156736373901
2025-09-16,-115.75,po4,0.7548577785491943
2025-09-16,-115.5,po4,0.7576802372932434
2025-09-16,-115.25,po4,0.7619813680648804
2025-09-16,-115.0,po4,0.7637049555778503
2025-09-16,-114.75,po4,0.7699666023254395
2025-09-16,-114.5,po4,0.7736449837684631
2025-09-16,-114.25,po4,0.7778522968292236
2025-09-16,-114.0,po4,0.779291570186615
2025-09-16,-113.75,po4,0.7828341126441956
2025-09-16,-113.5,po4,0.7880030274391174
2025-09-16,-113.25,po4,0.7908618450164795
2025-09-16,-113.0,po4,0.7904732823371887
2025-09-16,-112.75,po4,0.7904400825500488
2025-09-16,-112.5,po4,0.7870618104934692
2025-09-16,-112.25,po4,0.7852714657783508
2025-09-16,-112.0,po4,0.7844254374504089
2025-09-16,-111.75,po4,0.7843762040138245
2025-09-16,-111.5,po4,0.7852649092674255
2025-09-16,-111.25,po4,0.7858456373214722
2025-09-16,-111.0,po4,0.784352719783783
2025-09-16,-110.75,po4,0.7837936282157898
2025-09-16,-110.5,po4,0.7855143547058105
2025-09-16,-110.25,po4,0.7864719033241272
2025-09-16,-110.0,po4,0.787864089012146
2025-09-16,-109.75,po4,0.7875792384147644
2025-09-16,-109.5,po4,0.7861032485961914
2025-09-16,-109.25,po4,0.7847781777381897
2025-09-16,-109.0,po4,0.7811723947525024
2025-09-16,-108.75,po4,0.7796188592910767
2025-09-16,-108.5,po4,0.7785495519638062
2025-09-16,-108.25,po4,0.7793359756469727
2025-09-16,-108.0,po4,0.7730637192726135
2025-09-16,-107.75,po4,0.7731989026069641
2025-09-16,-107.5,po4,0.7722786068916321
2025-09-16,-107.25,po4,0.7733777165412903
2025-09-16,-107.0,po4,0.7781468629837036
2025-09-16,-106.75,po4,0.7776076793670654
2025-09-16,-106.5,po4,0.7765861749649048
2025-09-16,-106.25,po4,0.7816038727760315
2025-09-16,-106.0,po4,0.7804607152938843
2025-09-16,-105.75,po4,0.77815181016922
2025-09-16,-105.5,po4,0.780659556388855
2025-09-16,-105.25,po4,0.784228503704071
2025-09-16,-105.0,po4,0.7855427861213684
2025-09-16,-104.75,po4,0.7865707278251648
2025-09-16,-104.5,po4,0.7845472097396851
2025-09-16,-104.25,po4,0.7849547863006592
2025-09-16,-104.0,po4,0.7846624851226807
2025-09-16,-103.75,po4,0.7845268845558167
2025-09-16,-103.5,po4,0.7852361798286438
2025-09-16,-103.25,po4,0.7823179364204407
2025-09-16,-103.0,po4,0.7775731682777405
2025-09-16,-102.75,po4,0.774924635887146
2025-09-16,-102.5,po4,0.7727792859077454
2025-09-16,-102.25,po4,0.772022008895874
2025-09-16,-102.0,po4,0.7655400037765503
2025-09-16,-101.75,po4,0.7610132694244385
2025-09-16,-101.5,po4,0.7572280764579773
2025-09-16,-101.25,po4,0.7589085698127747
2025-09-16,-101.0,po4,0.7602233290672302
2025-09-16,-100.75,po4,0.7622733116149902
2025-09-16,-100.5,po4,0.7641944885253906
2025-09-16,-100.25,po4,0.7674514055252075
2025-09-16,-100.0,po4,0.7675536274909973
2025-09-16,-99.75,po4,0.7685608267784119
2025-09-16,-99.5,po4,0.7674768567085266
2025-09-16,-99.25,po4,0.766512930393219
2025-09-16,-99.0,po4,0.7661809325218201
2025-09-16,-98.75,po4,0.7672120332717896
2025-09-16,-98.5,po4,0.7682931423187256
2025-09-16,-98.25,po4,0.768652617931366
2025-09-16,-98.0,po4,0.7676904797554016
2025-09-16,-97.75,po4,0.7611215710639954
2025-09-16,-97.5,po4,0.7458879351615906
2025-09-16,-97.25,po4,0.7310177683830261
2025-09-16,-97.0,po4,0.7190914750099182
2025-09-16,-96.75,po4,0.718000590801239
2025-09-16,-96.5,po4,0.7134825587272644
2025-09-16,-96.25,po4,0.7085484266281128
2025-09-16,-96.0,po4,0.7082415819168091
2025-09-16,-95.75,po4,0.7084980010986328
2025-09-16,-95.5,po4,0.7145960330963135
2025-09-16,-95.25,po4,0.7179633975028992
2025-09-16,-95.0,po4,0.719086766242981
2025-09-16,-94.75,po4,0.7180094718933105
2025-09-16,-94.5,po4,0.7156403064727783
2025-09-16,-94.25,po4,0.7145255208015442
2025-09-16,-94.0,po4,0.7175964117050171
2025-09-16,-93.75,po4,0.7138803601264954
2025-09-16,-93.5,po4,0.7116699814796448
2025-09-16,-93.25,po4,0.7120420932769775
2025-09-16,-93.0,po4,0.7105443477630615
2025-09-16,-92.75,po4,0.7117977738380432
2025-09-16,-92.5,po4,0.7147864103317261
2025-09-16,-92.25,po4,0.7143735885620117
2025-09-16,-92.0,po4,0.7159421443939209
2025-09-16,-91.75,po4,0.7180404663085938
2025-09-16,-91.5,po4,0.7262223362922668
2025-09-16,-91.25,po4,0.732991099357605
2025-09-16,-91.0,po4,0.7390117645263672
2025-09-16,-90.75,po4,0.7398622632026672
2025-09-16,-90.5,po4,0.7397884726524353
2025-09-16,-90.25,po4,0.7475154399871826
2025-09-16,-90.0,po4,0.7454715967178345
2025-09-16,-89.75,po4,0.7508894205093384
2025-09-16,-89.5,po4,0.7554072141647339
2025-09-16,-89.25,po4,0.7569543719291687
2025-09-16,-89.0,po4,0.7528367638587952
2025-09-16,-88.75,po4,0.7531462907791138
2025-09-16,-88.5,po4,0.7559638619422913
2025-09-16,-88.25,po4,0.7482825517654419
2025-09-16,-88.0,po4,0.7459906935691833
2025-09-16,-87.75,po4,0.7514028549194336
2025-09-16,-87.5,po4,0.7448946237564087
2025-09-16,-87.25,po4,0.7414641380310059
2025-09-16,-87.0,po4,0.7368806004524231
2025-09-16,-86.75,po4,0.7302454113960266
2025-09-16,-86.5,po4,0.7275704741477966
2025-09-16,-86.25,po4,0.728114128112793
2025-09-16,-86.0,po4,0.7300201654434204
2025-09-16,-85.75,po4,0.7317750453948975
2025-09-16,-85.5,po4,0.734564483165741
2025-09-16,-85.25,po4,0.7356192469596863
2025-09-16,-85.0,po4,0.7349623441696167
2025-09-16,-84.75,po4,0.7393789887428284
2025-09-16,-84.5,po4,0.7421582341194153
2025-09-16,-84.25,po4,0.7481867671012878
2025-09-16,-84.0,po4,0.7460634708404541
2025-09-16,-83.75,po4,0.7459651231765747
2025-09-16,-83.5,po4,0.7332552075386047
2025-09-16,-83.25,po4,0.7285820245742798
2025-09-16,-83.0,po4,0.7252917289733887
2025-09-16,-82.75,po4,0.7259927988052368
2025-09-16,-82.5,po4,0.7332846522331238
2025-09-16,-82.25,po4,0.7342722415924072
2025-09-16,-82.0,po4,0.7327223420143127
2025-09-16,-81.75,po4,0.7407518029212952
2025-09-16,-81.5,po4,0.7441613078117371
2025-09-16,-81.25,po4,0.7333297729492188
2025-09-16,-81.0,po4,0.7184759378433228
2025-09-16,-80.75,po4,0.7245061993598938
2025-09-16,-80.5,po4,0.7172268629074097
2025-09-16,-80.25,po4,0.7095789313316345
2025-09-16,-80.0,po4,0.7050075531005859
2025-09-16,-79.75,po4,0.7082417011260986
2025-09-16,-79.5,po4,0.7076323628425598
2025-09-16,-79.25,po4,0.7031491994857788
2025-09-16,-79.0,po4,0.6990659236907959
2025-09-16,-78.75,po4,0.703618049621582
2025-09-16,-78.5,po4,0.7120808362960815
2025-09-16,-78.25,po4,0.7273252010345459
2025-09-16,-78.0,po4,0.7273131608963013
2025-09-16,-77.75,po4,0.7309650182723999
2025-09-16,-77.5,po4,0.7266641855239868
2025-09-16,-77.25,po4,0.7472377419471741
2025-09-16,-77.0,po4,0.7389357686042786
2025-09-16,-76.75,po4,0.7394227981567383
2025-09-16,-76.5,po4,0.7367240786552429
2025-09-16,-76.25,po4,0.7139089107513428
2025-09-16,-76.0,po4,0.699192225933075
2025-09-16,-75.75,po4,0.6929672360420227
2025-09-16,-75.5,po4,0.6904973387718201
2025-09-16,-75.25,po4,0.6782687306404114
2025-09-16,-75.0,po4,0.6696300506591797
2025-09-16,-74.75,po4,0.6628833413124084
2025-09-16,-74.5,po4,0.6571648120880127
2025-09-16,-74.25,po4,0.6534616351127625
2025-09-16,-74.0,po4,0.6605021357536316
2025-09-16,-73.75,po4,0.6662225723266602
2025-09-16,-73.5,po4,0.6679158210754395
2025-09-16,-73.25,po4,0.6680682897567749
2025-09-16,-73.0,po4,0.6602166891098022
2025-09-16,-72.75,po4,0.6485180258750916
2025-09-16,-72.5,po4,0.6514949202537537
2025-09-16,-72.25,po4,0.6533035635948181
2025-09-16,-72.0,po4,0.647930383682251
2025-09-16,-71.75,po4,0.642963707447052
2025-09-16,-71.5,po4,0.6089322566986084
2025-09-16,-71.25,po4,0.5813373923301697
2025-09-16,-71.0,po4,0.5835511088371277
2025-09-16,-70.75,po4,0.5876118540763855
2025-09-16,-70.5,po4,0.537199854850769
2025-09-16,-70.25,po4,0.5222005248069763
2025-09-16,-70.0,po4,0.498367041349411
2025-09-16,-69.75,po4,0.4847153425216675
2025-09-16,-69.5,po4,0.47814619541168213
2025-09-16,-69.25,po4,0.48221665620803833
2025-09-16,-69.0,po4,0.4767317473888397
2025-09-16,-68.75,po4,0.46508726477622986
2025-09-16,-68.5,po4,0.45713353157043457
2025-09-16,-68.25,po4,0.4530086815357208
2025-09-16,-68.0,po4,0.45316216349601746
2025-09-16,-67.75,po4,0.45629575848579407
2025-09-16,-67.5,po4,0.4546450078487396
2025-09-16,-67.25,po4,0.45422881841659546
2025-09-16,-67.0,po4,0.4549120366573334
2025-09-16,-66.75,po4,0.4658606946468353
2025-09-16,-66.5,po4,0.47230345010757446
2025-09-16,-66.25,po4,0.4796459674835205
2025-09-16,-66.0,po4,0.4736683964729309
2025-09-16,-65.75,po4,0.47682181000709534
2025-09-16,-65.5,po4,0.483538955450058
2025-09-16,-65.25,po4,0.4875909984111786
2025-09-16,-65.0,po4,0.49421069025993347
2025-09-16,-64.75,po4,0.49830567836761475
2025-09-16,-64.5,po4,0.5009376406669617
2025-09-16,-64.25,po4,0.49657461047172546
2025-09-16,-64.0,po4,0.48800286650657654
2025-09-16,-63.75,po4,0.4877069890499115
2025-09-16,-63.5,po4,0.4859403073787689
2025-09-16,-63.25,po4,0.4851934313774109
2025-09-16,-63.0,po4,0.4868726134300232
2025-09-16,-62.75,po4,0.4877539575099945
2025-09-16,-62.5,po4,0.48076727986335754
2025-09-16,-62.25,po4,0.48278555274009705
2025-09-16,-62.0,po4,0.48707881569862366
2025-09-16,-61.75,po4,0.4987868666648865
2025-09-16,-61.5,po4,0.4904673993587494
2025-09-16,-61.25,po4,0.5130426287651062
2025-09-16,-61.0,po4,0.5294535160064697
2025-09-16,-60.75,po4,0.5424262285232544
2025-09-16,-60.5,po4,0.5639263987541199
2025-09-16,-60.25,po4,0.5805814266204834
2025-09-16,-60.0,po4,0.59377521276474
2025-09-16,-59.75,po4,0.6164732575416565
2025-09-16,-59.5,po4,0.6294227242469788
2025-09-16,-59.25,po4,0.6368727684020996
2025-09-16,-59.0,po4,0.6457568407058716
2025-09-16,-58.75,po4,0.6480331420898438
2025-09-16,-58.5,po4,0.6545165777206421
2025-09-16,-58.25,po4,0.6545472741127014
2025-09-16,-58.0,po4,0.6624609231948853
2025-09-16,-57.75,po4,0.6693763732910156
2025-09-16,-57.5,po4,0.6727117896080017
2025-09-16,-57.25,po4,0.6700364947319031
2025-09-16,-57.0,po4,0.6653499007225037
2025-09-16,-56.75,po4,0.6688321828842163
2025-09-16,-56.5,po4,0.6679115891456604
2025-09-16,-56.25,po4,0.665105938911438
2025-09-16,-56.0,po4,0.6650053858757019
2025-09-16,-55.75,po4,0.6629929542541504
2025-09-16,-55.5,po4,0.6703750491142273
2025-09-16,-55.25,po4,0.6763375997543335
2025-09-16,-55.0,po4,0.6853222846984863
2025-09-16,-54.75,po4,0.6916760206222534
2025-09-16,-54.5,po4,0.7039846777915955
2025-09-16,-54.25,po4,0.7035597562789917
2025-09-16,-54.0,po4,0.7064650058746338
2025-09-16,-53.75,po4,0.7105470299720764
2025-09-16,-53.5,po4,0.7149636149406433
2025-09-16,-53.25,po4,0.7092861533164978
2025-09-16,-53.0,po4,0.7085776925086975
2025-09-16,-52.75,po4,0.7134052515029907
2025-09-16,-52.5,po4,0.7151508927345276
2025-09-16,-52.25,po4,0.7088251709938049
2025-09-16,-52.0,po4,0.7033621072769165
2025-09-16,-51.75,po4,0.6957799792289734
2025-09-16,-51.5,po4,0.6898849606513977
2025-09-16,-51.25,po4,0.6901339292526245
2025-09-16,-51.0,po4,0.6896921992301941
2025-09-16,-50.75,po4,0.6892293691635132
2025-09-16,-50.5,po4,0.6906898021697998
2025-09-16,-50.25,po4,0.6877729296684265
2025-09-16,-50.0,po4,0.685124397277832
2025-09-16,-49.75,po4,0.6829731464385986
2025-09-16,-49.5,po4,0.6869813799858093
2025-09-16,-49.25,po4,0.6874410510063171
2025-09-16,-49.0,po4,0.6875264048576355
2025-09-16,-48.75,po4,0.6867088079452515
2025-09-16,-48.5,po4,0.670399010181427
2025-09-16,-48.25,po4,0.669050395488739
2025-09-16,-48.0,po4,0.6710405349731445
2025-09-16,-47.75,po4,0.6697863340377808
2025-09-16,-47.5,po4,0.6711945533752441
2025-09-16,-47.25,po4,0.6712838411331177
2025-09-16,-47.0,po4,0.6691271066665649
2025-09-16,-46.75,po4,0.6696469187736511
2025-09-16,-46.5,po4,0.6670587062835693
2025-09-16,-46.25,po4,0.665910542011261
2025-09-16,-46.0,po4,0.6650305390357971
2025-09-16,-45.75,po4,0.6678990125656128
2025-09-16,-45.5,po4,0.6687363982200623
2025-09-16,-45.25,po4,0.6680759191513062
2025-09-16,-45.0,po4,0.6673261523246765
2025-09-16,-44.75,po4,0.6701554656028748
2025-09-16,-44.5,po4,0.6619471311569214
2025-09-16,-44.25,po4,0.6627703905105591
2025-09-16,-44.0,po4,0.6657414436340332
2025-09-16,-43.75,po4,0.6684274673461914
2025-09-16,-43.5,po4,0.6688982248306274
2025-09-16,-43.25,po4,0.6678729057312012
2025-09-16,-43.0,po4,0.665370762348175
2025-09-16,-42.75,po4,0.6620203852653503
2025-09-16,-42.5,po4,0.6614177227020264
2025-09-16,-42.25,po4,0.6571506261825562
2025-09-16,-42.0,po4,0.6559902429580688
2025-09-16,-41.75,po4,0.6548764705657959
2025-09-16,-41.5,po4,0.6545730233192444
2025-09-16,-41.25,po4,0.6538519859313965
2025-09-16,-41.0,po4,0.6529554724693298
2025-09-16,-40.75,po4,0.6476555466651917
2025-09-16,-40.5,po4,0.6435918211936951
2025-09-16,-40.25,po4,0.6394314169883728
2025-09-16,-40.0,po4,0.6357156038284302
2025-09-16,-39.75,po4,0.633281946182251
2025-09-16,-39.5,po4,0.626975417137146
2025-09-16,-39.25,po4,0.6241556406021118
2025-09-16,-39.0,po4,0.6119392514228821
2025-09-16,-38.75,po4,0.6026284098625183
2025-09-16,-38.5,po4,0.6024489998817444
2025-09-16,-38.25,po4,0.5989688634872437
2025-09-16,-38.0,po4,0.5962987542152405
2025-09-16,-37.75,po4,0.5946598649024963
2025-09-16,-37.5,po4,0.5903034806251526
2025-09-16,-37.25,po4,0.5830401182174683
2025-09-16,-37.0,po4,0.5817022919654846
2025-09-16,-36.75,po4,0.5815372467041016
2025-09-16,-36.5,po4,0.5775324702262878
2025-09-16,-36.25,po4,0.575685441493988
2025-09-16,-36.0,po4,0.5779998302459717
2025-09-16,-35.75,po4,0.5796569585800171
2025-09-16,-35.5,po4,0.5815849900245667
2025-09-16,-35.25,po4,0.5799862146377563
2025-09-16,-35.0,po4,0.5765413641929626
2025-09-16,-34.75,po4,0.5684518218040466
2025-09-16,-34.5,po4,0.5667528510093689
2025-09-16,-34.25,po4,0.5658553838729858
2025-09-16,-34.0,po4,0.5636259317398071
2025-09-16,-33.75,po4,0.5634779930114746
2025-09-16,-33.5,po4,0.5636504292488098
2025-09-16,-33.25,po4,0.5629074573516846
2025-09-16,-33.0,po4,0.561656653881073
2025-09-16,-32.75,po4,0.5607951283454895
2025-09-16,-32.5,po4,0.5607888698577881
2025-09-16,-32.25,po4,0.5604910850524902
2025-09-16,-32.0,po4,0.5599494576454163
2025-09-16,-31.75,po4,0.5589732527732849
2025-09-16,-31.5,po4,0.558676540851593
2025-09-16,-31.25,po4,0.5585339069366455
2025-09-16,-31.0,po4,0.5584889054298401
2025-09-16,-30.75,po4,0.5583454370498657
2025-09-16,-30.5,po4,0.5575233101844788
2025-09-16,-30.25,po4,0.556891679763794
2025-09-16,-30.0,po4,0.5562667846679688
2025-09-16,-29.75,po4,0.5549838542938232
2025-09-16,-29.5,po4,0.5545819401741028
2025-09-16,-29.25,po4,0.5544382333755493
2025-09-16,-29.0,po4,0.5551568269729614
2025-09-16,-28.75,po4,0.5541679859161377
2025-09-16,-28.5,po4,0.5546846985816956
2025-09-16,-28.25,po4,0.5556021332740784
2025-09-16,-28.0,po4,0.555340588092804
2025-09-16,-27.75,po4,0.5561785697937012
2025-09-16,-27.5,po4,0.5566192269325256
2025-09-16,-27.25,po4,0.5553106665611267
2025-09-16,-27.0,po4,0.5563113689422607
2025-09-16,-26.75,po4,0.5570474863052368
2025-09-16,-26.5,po4,0.5573338866233826
2025-09-16,-26.25,po4,0.5554633140563965
2025-09-16,-26.0,po4,0.550628125667572
2025-09-16,-25.75,po4,0.5493776202201843
2025-09-16,-25.5,po4,0.5468571186065674
2025-09-16,-25.25,po4,0.5449661016464233
2025-09-16,-25.0,po4,0.5434067249298096
2025-09-16,-24.75,po4,0.5425562262535095
2025-09-16,-24.5,po4,0.5421820878982544
2025-09-16,-24.25,po4,0.5388941764831543
2025-09-16,-24.0,po4,0.5342245101928711
2025-09-16,-23.75,po4,0.5365241169929504
2025-09-16,-23.5,po4,0.5327453017234802
2025-09-16,-23.25,po4,0.5275265574455261
2025-09-16,-23.0,po4,0.5265828371047974
2025-09-16,-22.75,po4,0.5259227752685547
2025-09-16,-22.5,po4,0.525762140750885
2025-09-16,-22.25,po4,0.5263083577156067
2025-09-16,-22.0,po4,0.5254219174385071
2025-09-16,-21.75,po4,0.5257890224456787
2025-09-16,-21.5,po4,0.527718722820282
2025-09-16,-21.25,po4,0.529627799987793
2025-09-16,-21.0,po4,0.5297747850418091
2025-09-16,-20.75,po4,0.5298352241516113
2025-09-16,-20.5,po4,0.5262051224708557
2025-09-16,-20.25,po4,0.5274409055709839
2025-09-16,-20.0,po4,0.5213170647621155
2025-09-16,-19.75,po4,0.5183811187744141
2025-09-16,-19.5,po4,0.5151991248130798
2025-09-16,-19.25,po4,0.5144228339195251
2025-09-16,-19.0,po4,0.5136426687240601
2025-09-16,-18.75,po4,0.507732093334198
2025-09-16,-18.5,po4,0.50636225938797
2025-09-16,-18.25,po4,0.5057619214057922
2025-09-16,-18.0,po4,0.5063263773918152
2025-09-16,-17.75,po4,0.5068553686141968
2025-09-16,-17.5,po4,0.5094022750854492
2025-09-16,-17.25,po4,0.5144447088241577
2025-09-16,-17.0,po4,0.5116386413574219
2025-09-16,-16.75,po4,0.513250470161438
2025-09-16,-16.5,po4,0.5202013850212097
2025-09-16,-16.25,po4,0.5259350538253784
2025-09-16,-16.0,po4,0.5359655618667603
2025-09-16,-15.75,po4,0.5394467711448669
2025-09-16,-15.5,po4,0.5396437048912048
2025-09-16,-15.25,po4,0.5376245975494385
2025-09-16,-15.0,po4,0.5381613969802856
2025-09-16,-14.75,po4,0.5376280546188354
2025-09-16,-14.5,po4,0.5356355309486389
2025-09-16,-14.25,po4,0.5360029935836792
2025-09-16,-14.0,po4,0.5352165699005127
2025-09-16,-13.75,po4,0.5349193215370178
2025-09-16,-13.5,po4,0.5382713079452515
2025-09-16,-13.25,po4,0.5416974425315857
2025-09-16,-13.0,po4,0.5454508066177368
2025-09-16,-12.75,po4,0.5461779832839966
2025-09-16,-12.5,po4,0.5478422045707703
2025-09-16,-12.25,po4,0.5451204776763916
2025-09-16,-12.0,po4,0.5470384955406189
2025-09-16,-11.75,po4,0.5417690873146057
2025-09-16,-11.5,po4,0.5440664291381836
2025-09-16,-11.25,po4,0.5435409545898438
2025-09-16,-11.0,po4,0.5446760058403015
2025-09-16,-10.75,po4,0.5430598855018616
2025-09-16,-10.5,po4,0.5459148287773132
2025-09-16,-10.25,po4,0.5488252639770508
2025-09-16,-10.0,po4,0.5542794466018677
2025-09-16,-9.75,po4,0.5641476511955261
2025-09-16,-9.5,po4,0.5714882612228394
2025-09-16,-9.25,po4,0.5786629915237427
2025-09-16,-9.0,po4,0.5872797966003418
2025-09-16,-8.75,po4,0.6019994616508484
2025-09-16,-8.5,po4,0.6107110381126404
2025-09-16,-8.25,po4,0.6168081164360046
2025-09-16,-8.0,po4,0.6191009283065796
2025-09-16,-7.75,po4,0.6197294592857361
2025-09-16,-7.5,po4,0.6200949549674988
2025-09-16,-7.25,po4,0.6169388890266418
2025-09-16,-7.0,po4,0.6203581690788269
2025-09-16,-6.75,po4,0.6247368454933167
2025-09-16,-6.5,po4,0.6289079189300537
2025-09-16,-6.25,po4,0.6324664354324341
2025-09-16,-6.0,po4,0.6310943961143494
2025-09-16,-5.75,po4,0.6325390338897705
2025-09-16,-5.5,po4,0.6307841539382935
2025-09-16,-5.25,po4,0.6305153369903564
2025-09-16,-5.0,po4,0.6365672945976257
2025-09-16,-4.75,po4,0.6368579864501953
2025-09-16,-4.5,po4,0.6426965594291687
2025-09-16,-4.25,po4,0.6482009291648865
2025-09-16,-4.0,po4,0.6513900756835938
2025-09-16,-3.75,po4,0.655422568321228
2025-09-16,-3.5,po4,0.6565219163894653
2025-09-16,-3.25,po4,0.6606638431549072
2025-09-16,-3.0,po4,0.6616286635398865
2025-09-16,-2.75,po4,0.658614993095398
2025-09-16,-2.5,po4,0.656154215335846
2025-09-16,-2.25,po4,0.6567574143409729
2025-09-16,-2.0,po4,0.6616411209106445
2025-09-16,-1.75,po4,0.6602874398231506
2025-09-16,-1.5,po4,0.6664584279060364
2025-09-16,-1.25,po4,0.6782224774360657
2025-09-16,-1.0,po4,0.6876708269119263
2025-09-16,-0.75,po4,0.6840471625328064
2025-09-16,-0.5,po4,0.681961715221405
2025-09-16,-0.25,po4,0.6783080101013184
2025-09-16,0.0,po4,0.6709424257278442
2025-09-16,0.25,po4,0.6810681819915771
2025-09-16,0.5,po4,0.6707596182823181
2025-09-16,0.75,po4,0.6690880656242371
2025-09-16,1.0,po4,0.6705009341239929
2025-09-16,1.25,po4,0.6632983684539795
2025-09-16,1.5,po4,0.6626612544059753
2025-09-16,1.75,po4,0.662390947341919
2025-09-16,2.0,po4,0.6602417230606079
2025-09-16,2.25,po4,0.6653040051460266
2025-09-16,2.5,po4,0.6693834066390991
2025-09-16,2.75,po4,0.6733317375183105
2025-09-16,3.0,po4,0.6748900413513184
2025-09-16,3.25,po4,0.6691089868545532
2025-09-16,3.5,po4,0.6652116775512695
2025-09-16,3.75,po4,0.6623710989952087
2025-09-16,4.0,po4,0.6623314023017883
2025-09-16,4.25,po4,0.6613810658454895
2025-09-16,4.5,po4,0.6623237133026123
2025-09-16,4.75,po4,0.6681179404258728
2025-09-16,5.0,po4,0.6728642582893372
2025-09-16,5.25,po4,0.6861727237701416
2025-09-16,5.5,po4,0.6927729249000549
2025-09-16,5.75,po4,0.7022849917411804
2025-09-16,6.0,po4,0.705237865447998
2025-09-16,6.25,po4,0.7095783948898315
2025-09-16,6.5,po4,0.7079443335533142
2025-09-16,6.75,po4,0.7070879340171814
2025-09-16,7.0,po4,0.7064599990844727
2025-09-16,7.25,po4,0.7116215825080872
2025-09-16,7.5,po4,0.7140016555786133
2025-09-16,7.75,po4,0.7109555006027222
2025-09-16,8.0,po4,0.7054268717765808
2025-09-16,8.25,po4,0.7140416502952576
2025-09-16,8.5,po4,0.7281889915466309
2025-09-16,8.75,po4,0.7465894818305969
2025-09-16,9.0,po4,0.7717320919036865
2025-09-16,9.25,po4,0.7827392220497131
2025-09-16,9.5,po4,0.7953501343727112
2025-09-16,9.75,po4,0.7964172959327698
2025-09-16,10.0,po4,0.8065564632415771
2025-09-16,10.25,po4,0.8063126802444458
2025-09-16,10.5,po4,0.7947161197662354
2025-09-16,10.75,po4,0.7871465086936951
2025-09-16,11.0,po4,0.7824443578720093
2025-09-16,11.25,po4,0.785675048828125
2025-09-16,11.5,po4,0.8060129284858704
2025-09-16,11.75,po4,0.8159060478210449
2025-09-16,12.0,po4,0.830736517906189
2025-09-16,12.25,po4,0.8426825404167175
2025-09-16,12.5,po4,0.8537766337394714
2025-09-16,12.75,po4,0.8749362230300903
2025-09-16,13.0,po4,0.8891451358795166
2025-09-16,13.25,po4,0.902737021446228
2025-09-16,13.5,po4,0.9141638875007629
2025-09-16,13.75,po4,0.9231727123260498
2025-09-16,14.0,po4,0.922242283821106
2025-09-16,14.25,po4,0.924454391002655
2025-09-16,14.5,po4,0.9084063172340393
2025-09-16,14.75,po4,0.9116166234016418
2025-09-16,15.0,po4,0.9197083711624146
2025-09-16,15.25,po4,0.9192788004875183
2025-09-16,15.5,po4,0.9101356863975525
2025-09-16,15.75,po4,0.9200265407562256
2025-09-16,16.0,po4,0.9311090111732483
2025-09-16,16.25,po4,0.929230272769928
2025-09-16,16.5,po4,0.9330025911331177
2025-09-16,16.75,po4,0.8995872139930725
2025-09-16,17.0,po4,0.890963613986969
2025-09-16,17.25,po4,0.8678317666053772
2025-09-16,17.5,po4,0.8587095141410828
2025-09-16,17.75,po4,0.8552265763282776
2025-09-16,18.0,po4,0.863962709903717
2025-09-16,18.25,po4,0.8714839220046997
2025-09-16,18.5,po4,0.8589845299720764
2025-09-16,18.75,po4,0.8423025012016296
2025-09-16,19.0,po4,0.8322098255157471
2025-09-16,19.25,po4,0.8385381102561951
2025-09-16,19.5,po4,0.8402684330940247
2025-09-16,19.75,po4,0.8506566286087036
2025-09-16,20.0,po4,0.872189462184906
2025-09-16,20.25,po4,0.8861392140388489
2025-09-16,20.5,po4,0.8797975182533264
2025-09-16,20.75,po4,0.8919649720191956
2025-09-16,21.0,po4,0.8963091373443604
2025-09-16,21.25,po4,0.9296777248382568
2025-09-16,21.5,po4,0.9507946372032166
2025-09-16,21.75,po4,0.9711615443229675
2025-09-16,22.0,po4,0.9688816070556641
2025-09-16,22.25,po4,0.9686403274536133
2025-09-16,22.5,po4,0.9771838784217834
2025-09-16,22.75,po4,0.9908684492111206
2025-09-16,23.0,po4,0.9676885008811951
2025-09-16,23.25,po4,0.9461241364479065
2025-09-16,23.5,po4,0.9516739249229431
2025-09-16,23.75,po4,0.9630018472671509
2025-09-16,24.0,po4,0.9633674025535583
2025-09-16,24.25,po4,0.9701142907142639
2025-09-16,24.5,po4,0.9861611723899841
2025-09-16,24.75,po4,0.9949356913566589
2025-09-16,25.0,po4,0.9826512336730957
2025-09-16,25.25,po4,0.9650911092758179
2025-09-16,25.5,po4,0.9675349593162537
2025-09-16,25.75,po4,0.9549446105957031
2025-09-16,26.0,po4,0.9601852297782898
2025-09-16,26.25,po4,0.9709709286689758
2025-09-16,26.5,po4,0.9679426550865173
2025-09-16,26.75,po4,0.9709290862083435
2025-09-16,27.0,po4,0.9777673482894897
2025-09-16,27.25,po4,0.9811345338821411
2025-09-16,27.5,po4,0.9931396842002869
2025-09-16,27.75,po4,1.0138332843780518
2025-09-16,28.0,po4,1.025843858718872
2025-09-16,28.25,po4,1.0350186824798584
2025-09-16,28.5,po4,1.0311133861541748
2025-09-16,28.75,po4,1.0599865913391113
2025-09-16,29.0,po4,1.055775761604309
2025-09-16,29.25,po4,1.0579960346221924
2025-09-16,29.5,po4,1.0515447854995728
2025-09-16,29.75,po4,1.047782063484192
2025-09-16,30.0,po4,1.0497089624404907
2025-09-16,30.25,po4,1.041077971458435
2025-09-16,30.5,po4,1.0354704856872559
2025-09-16,30.75,po4,1.021897554397583
2025-09-16,31.0,po4,1.0184603929519653
2025-09-16,31.25,po4,1.0135794878005981
2025-09-16,31.5,po4,1.0141353607177734
2025-09-16,31.75,po4,1.0153615474700928
2025-09-16,32.0,po4,1.0082374811172485
2025-09-16,32.25,po4,1.00510573387146
2025-09-16,32.5,po4,1.0135303735733032
2025-09-16,32.75,po4,0.9901093244552612
2025-09-16,33.0,po4,0.9620193839073181
2025-09-16,33.25,po4,0.9456244111061096
2025-09-16,33.5,po4,0.9260837435722351
2025-09-16,33.75,po4,0.9016643166542053
2025-09-16,34.0,po4,0.8884839415550232
2025-09-16,34.25,po4,0.8891092538833618
2025-09-16,34.5,po4,0.8756328225135803
2025-09-16,34.75,po4,0.867257833480835
2025-09-16,35.0,po4,0.8608046770095825
2025-09-16,35.25,po4,0.8609060645103455
2025-09-16,35.5,po4,0.8615974187850952
2025-09-16,35.75,po4,0.8479171395301819
2025-09-16,36.0,po4,0.863198459148407
2025-09-16,36.25,po4,0.8766153454780579
2025-09-16,36.5,po4,0.8747895359992981
2025-09-16,36.75,po4,0.8774950504302979
2025-09-16,37.0,po4,0.8773012161254883
2025-09-16,37.25,po4,0.8618555665016174
2025-09-16,37.5,po4,0.853358805179596
2025-09-16,37.75,po4,0.8516725301742554
2025-09-16,38.0,po4,0.8548935055732727
2025-09-16,38.25,po4,0.8586406707763672
2025-09-16,38.5,po4,0.8573514819145203
2025-09-16,38.75,po4,0.8552361726760864
2025-09-16,39.0,po4,0.8324898481369019
2025-09-16,39.25,po4,0.8146731853485107
2025-09-16,39.5,po4,0.7833230495452881
2025-09-16,39.75,po4,0.76506507396698
2025-09-16,40.0,po4,0.7489494681358337
2025-09-16,40.25,po4,0.7341338396072388
2025-09-16,40.5,po4,0.7143250107765198
2025-09-16,40.75,po4,0.6858422756195068
2025-09-16,41.0,po4,0.6741008162498474
2025-09-16,41.25,po4,0.6639997959136963
2025-09-16,41.5,po4,0.6572335958480835
2025-09-16,41.75,po4,0.6448209285736084
2025-09-16,42.0,po4,0.6308270692825317
2025-09-16,42.25,po4,0.6266918778419495
2025-09-16,42.5,po4,0.6309520602226257
2025-09-16,42.75,po4,0.6313043832778931
2025-09-16,43.0,po4,0.6376038193702698
2025-09-16,43.25,po4,0.6354131698608398
2025-09-16,43.5,po4,0.6413744688034058
2025-09-16,43.75,po4,0.6462189555168152
2025-09-16,44.0,po4,0.6562234163284302
2025-09-16,44.25,po4,0.6741976737976074
2025-09-16,44.5,po4,0.7036617994308472
2025-09-16,44.75,po4,0.6967824697494507
2025-09-16,45.0,po4,0.6895274519920349
2025-09-16,45.25,po4,0.6903167366981506
2025-09-16,45.5,po4,0.6895058751106262
2025-09-16,45.75,po4,0.6846625208854675
2025-09-16,46.0,po4,0.685084879398346
2025-09-16,46.25,po4,0.6818780899047852
2025-09-16,46.5,po4,0.6740825772285461
2025-09-16,46.75,po4,0.6667421460151672
2025-09-16,47.0,po4,0.6678223609924316
2025-09-16,47.25,po4,0.6646257638931274
2025-09-16,47.5,po4,0.6621567606925964
2025-09-16,47.75,po4,0.6633685231208801
2025-09-16,48.0,po4,0.6621835231781006
2025-09-16,48.25,po4,0.6550454497337341
2025-09-16,48.5,po4,0.6440181136131287
2025-09-16,48.75,po4,0.628825843334198
2025-09-16,49.0,po4,0.6225040555000305
2025-09-16,49.25,po4,0.6132254600524902
2025-09-16,49.5,po4,0.6024819612503052
2025-09-16,49.75,po4,0.5922669172286987
2025-09-16,50.0,po4,0.5846545100212097
2025-09-16,50.25,po4,0.5721796751022339
2025-09-16,50.5,po4,0.5608766674995422
2025-09-16,50.75,po4,0.5593141913414001
2025-09-16,51.0,po4,0.564511239528656
2025-09-16,51.25,po4,0.5657086372375488
2025-09-16,51.5,po4,0.559934139251709
2025-09-16,51.75,po4,0.5587358474731445
2025-09-16,52.0,po4,0.553579568862915
2025-09-16,52.25,po4,0.5552347302436829
2025-09-16,52.5,po4,0.5567039847373962
2025-09-16,52.75,po4,0.559201180934906
2025-09-16,53.0,po4,0.5594440698623657
2025-09-16,53.25,po4,0.5569338202476501
2025-09-16,53.5,po4,0.5555385947227478
2025-09-16,53.75,po4,0.5533179044723511
2025-09-16,54.0,po4,0.5454719662666321
2025-09-16,54.25,po4,0.5465083122253418
2025-09-16,54.5,po4,0.548460841178894
2025-09-16,54.75,po4,0.5541372299194336
2025-09-16,55.0,po4,0.5590918064117432
2025-09-16,55.25,po4,0.5576868057250977
2025-09-16,55.5,po4,0.560573935508728
2025-09-16,55.75,po4,0.5653232336044312
2025-09-16,56.0,po4,0.5658003091812134
2025-09-16,56.25,po4,0.5682403445243835
2025-09-16,56.5,po4,0.561959445476532
2025-09-16,56.75,po4,0.561813473701477
2025-09-16,57.0,po4,0.5614804625511169
2025-09-16,57.25,po4,0.5723744630813599
2025-09-16,57.5,po4,0.5721501708030701
2025-09-16,57.75,po4,0.573231041431427
2025-09-16,58.0,po4,0.5687053203582764
2025-09-16,58.25,po4,0.5661736130714417
2025-09-16,58.5,po4,0.5636848211288452
2025-09-16,58.75,po4,0.5608311295509338
2025-09-16,59.0,po4,0.5668730735778809
2025-09-16,59.25,po4,0.5658252239227295
2025-09-16,59.5,po4,0.5666412711143494
2025-09-16,59.75,po4,0.5678299069404602
2025-09-16,60.0,po4,0.5651528239250183
2025-09-16,60.25,po4,0.564927875995636
2025-09-16,60.5,po4,0.5617725849151611
2025-09-16,60.75,po4,0.5658066868782043
2025-09-16,61.0,po4,0.5633805394172668
2025-09-16,61.25,po4,0.5631882548332214
2025-09-16,61.5,po4,0.5670433640480042
2025-09-16,61.75,po4,0.5653765201568604
2025-09-16,62.0,po4,0.5618105530738831
2025-09-16,62.25,po4,0.5594858527183533
2025-09-16,62.5,po4,0.5573906898498535
2025-09-16,62.75,po4,0.5571210980415344
2025-09-16,63.0,po4,0.5567893981933594
2025-09-16,63.25,po4,0.5560138821601868
2025-09-16,63.5,po4,0.5547170639038086
2025-09-16,63.75,po4,0.5515618920326233
2025-09-16,64.0,po4,0.549644410610199
2025-09-16,64.25,po4,0.5508596301078796
2025-09-16,64.5,po4,0.550382673740387
2025-09-16,64.75,po4,0.5500736236572266
2025-09-16,65.0,po4,0.5488307476043701
2025-09-16,65.25,po4,0.5459640622138977
2025-09-16,65.5,po4,0.5448589324951172
2025-09-16,65.75,po4,0.5439527034759521
2025-09-16,66.0,po4,0.5427500605583191
2025-09-16,66.25,po4,0.5415016412734985
2025-09-16,66.5,po4,0.5392624735832214
2025-09-16,66.75,po4,0.5401350259780884
2025-09-16,67.0,po4,0.5389349460601807
2025-09-16,67.25,po4,0.5382589101791382
2025-09-16,67.5,po4,0.5474680662155151
2025-09-16,67.75,po4,0.5451048016548157
2025-09-16,68.0,po4,0.5445027351379395
2025-09-16,68.25,po4,0.5457119941711426
2025-09-16,68.5,po4,0.5444000959396362
2025-09-16,68.75,po4,0.5460907816886902
2025-09-16,69.0,po4,0.5414674282073975
2025-09-16,69.25,po4,0.5452044010162354
2025-09-16,69.5,po4,0.5494000315666199
2025-09-16,69.75,po4,0.5550506711006165
2025-09-16,70.0,po4,0.5608533620834351
2025-09-16,70.25,po4,0.5674801468849182
2025-09-16,70.5,po4,0.5697739720344543
2025-09-16,70.75,po4,0.5701389908790588
2025-09-16,71.0,po4,0.5696184039115906
2025-09-16,71.25,po4,0.5673437714576721
2025-09-16,71.5,po4,0.5678539276123047
2025-09-16,71.75,po4,0.5624420642852783
2025-09-16,72.0,po4,0.5620335340499878
2025-09-16,72.25,po4,0.555208683013916
2025-09-16,72.5,po4,0.5516603589057922
2025-09-16,72.75,po4,0.5537205338478088
2025-09-16,73.0,po4,0.5654201507568359
2025-09-16,73.25,po4,0.5743132829666138
2025-09-16,73.5,po4,0.5810424089431763
2025-09-16,73.75,po4,0.5884328484535217
2025-09-16,74.0,po4,0.6012845635414124
2025-09-16,74.25,po4,0.6071637272834778
2025-09-16,74.5,po4,0.6173043847084045
2025-09-16,74.75,po4,0.6231280565261841
2025-09-16,75.0,po4,0.631336510181427
2025-09-16,75.25,po4,0.6298526525497437
2025-09-16,75.5,po4,0.6335668563842773
2025-09-16,75.75,po4,0.6367132663726807
2025-09-16,76.0,po4,0.640067458152771
2025-09-16,76.25,po4,0.6496880054473877
2025-09-16,76.5,po4,0.6583446264266968
2025-09-16,76.75,po4,0.6637058258056641
2025-09-16,77.0,po4,0.6641804575920105
2025-09-16,77.25,po4,0.6680558323860168
2025-09-16,77.5,po4,0.6659372448921204
2025-09-16,77.75,po4,0.6734116673469543
2025-09-16,78.0,po4,0.661554753780365
2025-09-16,78.25,po4,0.6576744318008423
2025-09-16,78.5,po4,0.6560819745063782
2025-09-16,78.75,po4,0.6566339731216431
2025-09-16,79.0,po4,0.6513499021530151
2025-09-16,79.25,po4,0.6527360081672668
2025-09-16,79.5,po4,0.6500952839851379
2025-09-16,79.75,po4,0.6492691040039062
2025-09-16,80.0,po4,0.6475507020950317
2025-09-16,80.25,po4,0.6352524161338806
2025-09-16,80.5,po4,0.6289122700691223
2025-09-16,80.75,po4,0.6259524822235107
2025-09-16,81.0,po4,0.6259416937828064
2025-09-16,81.25,po4,0.618299126625061
2025-09-16,81.5,po4,0.6057889461517334
2025-09-16,81.75,po4,0.5849041938781738
2025-09-16,82.0,po4,0.573951005935669
2025-09-16,82.25,po4,0.5713326930999756
2025-09-16,82.5,po4,0.5690940618515015
2025-09-16,82.75,po4,0.572274386882782
2025-09-16,83.0,po4,0.5723875164985657
2025-09-16,83.25,po4,0.5727066397666931
2025-09-16,83.5,po4,0.5718591809272766
2025-09-16,83.75,po4,0.5670506954193115
2025-09-16,84.0,po4,0.5654090046882629
2025-09-16,84.25,po4,0.563741147518158
2025-09-16,84.5,po4,0.5622347593307495
2025-09-16,84.75,po4,0.5603974461555481
2025-09-16,85.0,po4,0.558817982673645
2025-09-16,85.25,po4,0.5590000152587891
2025-09-16,85.5,po4,0.5579732656478882
2025-09-16,85.75,po4,0.5579472184181213
2025-09-16,86.0,po4,0.5570957660675049
2025-09-16,86.25,po4,0.5558881759643555
2025-09-16,86.5,po4,0.5525181293487549
2025-09-16,86.75,po4,0.5503650903701782
2025-09-16,87.0,po4,0.5471508502960205
2025-09-16,87.25,po4,0.5456101298332214
2025-09-16,87.5,po4,0.5458683371543884
2025-09-16,87.75,po4,0.5466171503067017
2025-09-16,88.0,po4,0.5469695329666138
2025-09-16,88.25,po4,0.5477400422096252
2025-09-16,88.5,po4,0.5463041067123413
2025-09-16,88.75,po4,0.5481401085853577
2025-09-16,89.0,po4,0.5518376231193542
2025-09-16,89.25,po4,0.5516085028648376
2025-09-16,89.5,po4,0.5502110719680786
2025-09-16,89.75,po4,0.5499692559242249
2025-09-16,90.0,po4,0.5510408282279968
2025-09-16,90.25,po4,0.5537711977958679
2025-09-16,90.5,po4,0.5526964664459229
2025-09-16,90.75,po4,0.5518984794616699
2025-09-16,91.0,po4,0.5520918369293213
2025-09-16,91.25,po4,0.5512410998344421
2025-09-16,91.5,po4,0.5499345660209656
2025-09-16,91.75,po4,0.5510762929916382
2025-09-16,92.0,po4,0.5552148818969727
2025-09-16,92.25,po4,0.5578388571739197
2025-09-16,92.5,po4,0.5603914260864258
2025-09-16,92.75,po4,0.5683265328407288
2025-09-16,93.0,po4,0.5662422776222229
2025-09-16,93.25,po4,0.5645015239715576
2025-09-16,93.5,po4,0.5673145055770874
2025-09-16,93.75,po4,0.5721147656440735
2025-09-16,94.0,po4,0.5716763138771057
2025-09-16,94.25,po4,0.5741271376609802
2025-09-16,94.5,po4,0.5833545923233032
2025-09-16,94.75,po4,0.5831774473190308
2025-09-16,95.0,po4,0.5854795575141907
2025-09-16,95.25,po4,0.5906360745429993
2025-09-16,95.5,po4,0.5740662813186646
2025-09-16,95.75,po4,0.5693985819816589
2025-09-16,96.0,po4,0.567781388759613
2025-09-16,96.25,po4,0.5630167126655579
2025-09-16,96.5,po4,0.5625203847885132
2025-09-16,96.75,po4,0.5602551102638245
2025-09-16,97.0,po4,0.5548903942108154
2025-09-16,97.25,po4,0.5568175315856934
2025-09-16,97.5,po4,0.5642766952514648
2025-09-16,97.75,po4,0.5720072984695435
2025-09-16,98.0,po4,0.5733215808868408
2025-09-16,98.25,po4,0.5802944898605347
2025-09-16,98.5,po4,0.5943291783332825
2025-09-16,98.75,po4,0.6281569004058838
2025-09-16,99.0,po4,0.6403603553771973
2025-09-16,99.25,po4,0.6405017375946045
2025-09-16,99.5,po4,0.6311092972755432
2025-09-16,99.75,po4,0.6290125250816345
2025-09-16,100.0,po4,0.6151217222213745
2025-09-16,100.25,po4,0.6170580983161926
2025-09-16,100.5,po4,0.6123273968696594
2025-09-16,100.75,po4,0.6213645339012146
2025-09-16,101.0,po4,0.6352847218513489
2025-09-16,101.25,po4,0.6387307047843933
2025-09-16,101.5,po4,0.6544014811515808
2025-09-16,101.75,po4,0.654757022857666
2025-09-16,102.0,po4,0.6610119342803955
2025-09-16,102.25,po4,0.6657145619392395
2025-09-16,102.5,po4,0.6601012349128723
2025-09-16,102.75,po4,0.6565712094306946
2025-09-16,103.0,po4,0.6636966466903687
2025-09-16,103.25,po4,0.6600670218467712
2025-09-16,103.5,po4,0.6434594988822937
2025-09-16,103.75,po4,0.6478798985481262
2025-09-16,104.0,po4,0.6370874643325806
2025-09-16,104.25,po4,0.6422982215881348
2025-09-16,104.5,po4,0.6455792784690857
2025-09-16,104.75,po4,0.6341745853424072
2025-09-16,105.0,po4,0.6458039879798889
2025-09-16,105.25,po4,0.6443842649459839
2025-09-16,105.5,po4,0.6404393911361694
2025-09-16,105.75,po4,0.6490250825881958
2025-09-16,106.0,po4,0.6255781650543213
2025-09-16,106.25,po4,0.6194634437561035
2025-09-16,106.5,po4,0.6052103638648987
2025-09-16,106.75,po4,0.5890222787857056
2025-09-16,107.0,po4,0.5772167444229126
2025-09-16,107.25,po4,0.575149655342102
2025-09-16,107.5,po4,0.5688257217407227
2025-09-16,107.75,po4,0.5642578601837158
2025-09-16,108.0,po4,0.5622730851173401
2025-09-16,108.25,po4,0.5630553960800171
2025-09-16,108.5,po4,0.5561657547950745
2025-09-16,108.75,po4,0.5591909289360046
2025-09-16,109.0,po4,0.5624502897262573
2025-09-16,109.25,po4,0.5584962368011475
2025-09-16,109.5,po4,0.5533362030982971
2025-09-16,109.75,po4,0.5520830154418945
2025-09-16,110.0,po4,0.5582747459411621
2025-09-16,110.25,po4,0.5636389851570129
2025-09-16,110.5,po4,0.5497236251831055
2025-09-16,110.75,po4,0.5447185039520264
2025-09-16,111.0,po4,0.5413843989372253
2025-09-16,111.25,po4,0.5370480418205261
2025-09-16,111.5,po4,0.5334650278091431
2025-09-16,111.75,po4,0.5318111181259155
2025-09-16,112.0,po4,0.5302764773368835
2025-09-16,112.25,po4,0.5306912660598755
2025-09-16,112.5,po4,0.5315626859664917
2025-09-16,112.75,po4,0.5299827456474304
2025-09-16,113.0,po4,0.5307396650314331
2025-09-16,113.25,po4,0.5302883386611938
2025-09-16,113.5,po4,0.536553144454956
2025-09-16,113.75,po4,0.5410830974578857
2025-09-16,114.0,po4,0.55946284532547
2025-09-16,114.25,po4,0.5630245804786682
2025-09-16,114.5,po4,0.561629593372345
2025-09-16,114.75,po4,0.5773168206214905
2025-09-16,115.0,po4,0.5906988978385925
2025-09-16,115.25,po4,0.5955082178115845
2025-09-16,115.5,po4,0.6054539084434509
2025-09-16,115.75,po4,0.6191532015800476
2025-09-16,116.0,po4,0.6231491565704346
2025-09-16,116.25,po4,0.6308817267417908
2025-09-16,116.5,po4,0.6245765089988708
2025-09-16,116.75,po4,0.6235392689704895
2025-09-16,117.0,po4,0.6255638003349304
2025-09-16,117.25,po4,0.6268121600151062
2025-09-16,117.5,po4,0.6199825406074524
2025-09-16,117.75,po4,0.5971851348876953
2025-09-16,118.0,po4,0.5882611274719238
2025-09-16,118.25,po4,0.5761679410934448
2025-09-16,118.5,po4,0.5720162987709045
2025-09-16,118.75,po4,0.5662862062454224
2025-09-16,119.0,po4,0.5596520304679871
2025-09-16,119.25,po4,0.5593188405036926
2025-09-16,119.5,po4,0.5645596385002136
2025-09-16,119.75,po4,0.5507457256317139
2025-09-16,120.0,po4,0.5676354169845581
2025-09-16,120.25,po4,0.5680444836616516
2025-09-16,120.5,po4,0.559623122215271
2025-09-16,120.75,po4,0.5562281608581543
2025-09-16,121.0,po4,0.5548984408378601
2025-09-16,121.25,po4,0.5563520789146423
2025-09-16,121.5,po4,0.5393754243850708
2025-09-16,121.75,po4,0.5241817831993103
2025-09-16,122.0,po4,0.5255166292190552
2025-09-16,122.25,po4,0.5263000130653381
2025-09-16,122.5,po4,0.5155672430992126
2025-09-16,122.75,po4,0.510653555393219
2025-09-16,123.0,po4,0.5136721134185791
2025-09-16,123.25,po4,0.5062826871871948
2025-09-16,123.5,po4,0.49250948429107666
2025-09-16,123.75,po4,0.4939473867416382
2025-09-16,124.0,po4,0.4975510835647583
2025-09-16,124.25,po4,0.5019445419311523
2025-09-16,124.5,po4,0.5071508884429932
2025-09-16,124.75,po4,0.5145586133003235
2025-09-16,125.0,po4,0.5231772661209106
2025-09-16,125.25,po4,0.5279551148414612
2025-09-16,125.5,po4,0.5336151719093323
2025-09-16,125.75,po4,0.5273063778877258
2025-09-16,126.0,po4,0.5248286724090576
2025-09-16,126.25,po4,0.5376623868942261
2025-09-16,126.5,po4,0.5346670150756836
2025-09-16,126.75,po4,0.5272419452667236
2025-09-16,127.0,po4,0.5214478373527527
2025-09-16,127.25,po4,0.5166438221931458
2025-09-16,127.5,po4,0.5229523777961731
2025-09-16,127.75,po4,0.5297083258628845
2025-09-16,128.0,po4,0.5259252786636353
2025-09-16,128.25,po4,0.5209060311317444
2025-09-16,128.5,po4,0.5161284804344177
2025-09-16,128.75,po4,0.5039281249046326
2025-09-16,129.0,po4,0.4964786469936371
2025-09-16,129.25,po4,0.4871472716331482
2025-09-16,129.5,po4,0.47962522506713867
2025-09-16,129.75,po4,0.47166094183921814
2025-09-16,130.0,po4,0.4733119308948517
2025-09-16,130.25,po4,0.47644713521003723
2025-09-16,130.5,po4,0.4791856110095978
2025-09-16,130.75,po4,0.48319968581199646
2025-09-16,131.0,po4,0.48545992374420166
2025-09-16,131.25,po4,0.48494911193847656
2025-09-16,131.5,po4,0.4817257821559906
2025-09-16,131.75,po4,0.47613635659217834
2025-09-16,132.0,po4,0.477042019367218
2025-09-16,132.25,po4,0.4831955134868622
2025-09-16,132.5,po4,0.488258421421051
2025-09-16,132.75,po4,0.49385249614715576
2025-09-16,133.0,po4,0.497355192899704
2025-09-16,133.25,po4,0.49433988332748413
2025-09-16,133.5,po4,0.4911324083805084
2025-09-16,133.75,po4,0.4913151264190674
2025-09-16,134.0,po4,0.4928551912307739
2025-09-16,134.25,po4,0.4833700358867645
2025-09-16,134.5,po4,0.48418888449668884
2025-09-16,134.75,po4,0.4751192033290863
2025-09-16,135.0,po4,0.4761357307434082
2025-09-16,135.25,po4,0.4941026568412781
2025-09-16,135.5,po4,0.49583709239959717
2025-09-16,135.75,po4,0.49152418971061707
2025-09-16,136.0,po4,0.49060800671577454
2025-09-16,136.25,po4,0.4896920323371887
2025-09-16,136.5,po4,0.4923762083053589
2025-09-16,136.75,po4,0.4855785369873047
2025-09-16,137.0,po4,0.4811094105243683
2025-09-16,137.25,po4,0.4791412055492401
2025-09-16,137.5,po4,0.4813624322414398
2025-09-16,137.75,po4,0.48374858498573303
2025-09-16,138.0,po4,0.484999418258667
2025-09-16,138.25,po4,0.4907783269882202
2025-09-16,138.5,po4,0.4944361746311188
2025-09-16,138.75,po4,0.5043932795524597
2025-09-16,139.0,po4,0.5074617862701416
2025-09-16,139.25,po4,0.5066171288490295
2025-09-16,139.5,po4,0.50972580909729
2025-09-16,139.75,po4,0.5136497616767883
2025-09-16,140.0,po4,0.5262733697891235
2025-09-16,140.25,po4,0.5300143361091614
2025-09-16,140.5,po4,0.5316752791404724
2025-09-16,140.75,po4,0.5244717001914978
2025-09-16,141.0,po4,0.51870197057724
2025-09-16,141.25,po4,0.52107834815979
2025-09-16,141.5,po4,0.5179876685142517
2025-09-16,141.75,po4,0.535413384437561
2025-09-16,142.0,po4,0.5518173575401306
2025-09-16,142.25,po4,0.5707037448883057
2025-09-16,142.5,po4,0.5668302774429321
2025-09-16,142.75,po4,0.5671340227127075
2025-09-16,143.0,po4,0.5571482181549072
2025-09-16,143.25,po4,0.550239622592926
2025-09-16,143.5,po4,0.5431719422340393
2025-09-16,143.75,po4,0.5327603220939636
2025-09-16,144.0,po4,0.5346795916557312
2025-09-16,144.25,po4,0.5347889065742493
2025-09-16,144.5,po4,0.5362164378166199
2025-09-16,144.75,po4,0.5374844074249268
2025-09-16,145.0,po4,0.5376686453819275
2025-09-16,145.25,po4,0.5371505618095398
2025-09-16,145.5,po4,0.5367928743362427
2025-09-16,145.75,po4,0.5430288910865784
2025-09-16,146.0,po4,0.5406527519226074
2025-09-16,146.25,po4,0.5389927625656128
2025-09-16,146.5,po4,0.5371485352516174
2025-09-16,146.75,po4,0.5408156514167786
2025-09-16,147.0,po4,0.5433539748191833
2025-09-16,147.25,po4,0.5436703562736511
2025-09-16,147.5,po4,0.5453135967254639
2025-09-16,147.75,po4,0.5458604693412781
2025-09-16,148.0,po4,0.547870934009552
2025-09-16,148.25,po4,0.5506235361099243
2025-09-16,148.5,po4,0.5607230067253113
2025-09-16,148.75,po4,0.5666761994361877
2025-09-16,149.0,po4,0.5677125453948975
2025-09-16,149.25,po4,0.5647699236869812
2025-09-16,149.5,po4,0.5605372190475464
2025-09-16,149.75,po4,0.561379075050354
2025-09-16,150.0,po4,0.5579626560211182
2025-09-16,150.25,po4,0.5571841597557068
2025-09-16,150.5,po4,0.5578426718711853
2025-09-16,150.75,po4,0.5587985515594482
2025-09-16,151.0,po4,0.5571812987327576
2025-09-16,151.25,po4,0.5617542266845703
2025-09-16,151.5,po4,0.5585994124412537
2025-09-16,151.75,po4,0.5602752566337585
2025-09-16,152.0,po4,0.5575067400932312
2025-09-16,152.25,po4,0.5562224984169006
2025-09-16,152.5,po4,0.5553771257400513
2025-09-16,152.75,po4,0.5550892353057861
2025-09-16,153.0,po4,0.5515400767326355
2025-09-16,153.25,po4,0.5412369966506958
2025-09-16,153.5,po4,0.5326544642448425
2025-09-16,153.75,po4,0.529050886631012
2025-09-16,154.0,po4,0.5314092040061951
2025-09-16,154.25,po4,0.5333172082901001
2025-09-16,154.5,po4,0.5358448624610901
2025-09-16,154.75,po4,0.5345494151115417
2025-09-16,155.0,po4,0.5319020748138428
2025-09-16,155.25,po4,0.5315287113189697
2025-09-16,155.5,po4,0.5307450294494629
2025-09-16,155.75,po4,0.5290501117706299
2025-09-16,156.0,po4,0.5296695232391357
2025-09-16,156.25,po4,0.5321259498596191
2025-09-16,156.5,po4,0.5350654125213623
2025-09-16,156.75,po4,0.5369852781295776
2025-09-16,157.0,po4,0.5392659902572632
2025-09-16,157.25,po4,0.5397010445594788
2025-09-16,157.5,po4,0.5404996275901794
2025-09-16,157.75,po4,0.5441920161247253
2025-09-16,158.0,po4,0.5454906225204468
2025-09-16,158.25,po4,0.5473704934120178
2025-09-16,158.5,po4,0.5480207800865173
2025-09-16,158.75,po4,0.5508805513381958
2025-09-16,159.0,po4,0.5546813607215881
2025-09-16,159.25,po4,0.5549351572990417
2025-09-16,159.5,po4,0.5542051792144775
2025-09-16,159.75,po4,0.5520246028900146
2025-09-16,160.0,po4,0.5498741865158081
2025-09-16,160.25,po4,0.5534741282463074
2025-09-16,160.5,po4,0.5566765069961548
2025-09-16,160.75,po4,0.5587910413742065
2025-09-16,161.0,po4,0.5605353116989136
2025-09-16,161.25,po4,0.561419665813446
2025-09-16,161.5,po4,0.561592161655426
2025-09-16,161.75,po4,0.561130940914154
2025-09-16,162.0,po4,0.5607026219367981
2025-09-16,162.25,po4,0.5640810132026672
2025-09-16,162.5,po4,0.5633545517921448
2025-09-16,162.75,po4,0.5642036199569702
2025-09-16,163.0,po4,0.5754908323287964
2025-09-16,163.25,po4,0.5751338005065918
2025-09-16,163.5,po4,0.5755504369735718
2025-09-16,163.75,po4,0.5819239616394043
2025-09-16,164.0,po4,0.5893310904502869
2025-09-16,164.25,po4,0.5964036583900452
2025-09-16,164.5,po4,0.5985857844352722
2025-09-16,164.75,po4,0.5980420112609863
2025-09-16,165.0,po4,0.6096467971801758
2025-09-16,165.25,po4,0.6156388521194458
2025-09-16,165.5,po4,0.6171196699142456
2025-09-16,165.75,po4,0.6174006462097168
2025-09-16,166.0,po4,0.6169967651367188
2025-09-16,166.25,po4,0.6136826872825623
2025-09-16,166.5,po4,0.6134495139122009
2025-09-16,166.75,po4,0.6162561178207397
2025-09-16,167.0,po4,0.6109890341758728
2025-09-16,167.25,po4,0.6096962690353394
2025-09-16,167.5,po4,0.6152315735816956
2025-09-16,167.75,po4,0.6174322366714478
2025-09-16,168.0,po4,0.6200274229049683
2025-09-16,168.25,po4,0.6222960352897644
2025-09-16,168.5,po4,0.624859631061554
2025-09-16,168.75,po4,0.6307759881019592
2025-09-16,169.0,po4,0.6385296583175659
2025-09-16,169.25,po4,0.6422093510627747
2025-09-16,169.5,po4,0.643808126449585
2025-09-16,169.75,po4,0.6442790627479553
2025-09-16,170.0,po4,0.6531931757926941
2025-09-16,170.25,po4,0.6549507975578308
2025-09-16,170.5,po4,0.6583589911460876
2025-09-16,170.75,po4,0.6628953814506531
2025-09-16,171.0,po4,0.6710985898971558
2025-09-16,171.25,po4,0.6736977100372314
2025-09-16,171.5,po4,0.6753036379814148
2025-09-16,171.75,po4,0.6785516738891602
2025-09-16,172.0,po4,0.6799077987670898
2025-09-16,172.25,po4,0.6829362511634827
2025-09-16,172.5,po4,0.6830984354019165
2025-09-16,172.75,po4,0.6825681328773499
2025-09-16,173.0,po4,0.683055579662323
2025-09-16,173.25,po4,0.6821130514144897
2025-09-16,173.5,po4,0.6856625080108643
2025-09-16,173.75,po4,0.6880618333816528
2025-09-16,174.0,po4,0.6925016045570374
2025-09-16,174.25,po4,0.6931394338607788
2025-09-16,174.5,po4,0.6954209208488464
2025-09-16,174.75,po4,0.700520396232605
2025-09-16,175.0,po4,0.6992424130439758
2025-09-16,175.25,po4,0.7021306157112122
2025-09-16,175.5,po4,0.7023864388465881
2025-09-16,175.75,po4,0.7025909423828125
2025-09-16,176.0,po4,0.7010973691940308
2025-09-16,176.25,po4,0.7005594372749329
2025-09-16,176.5,po4,0.699318528175354
2025-09-16,176.75,po4,0.6985802054405212
2025-09-16,177.0,po4,0.6952894330024719
2025-09-16,177.25,po4,0.6955734491348267
2025-09-16,177.5,po4,0.6968544721603394
2025-09-16,177.75,po4,0.6970934867858887
2025-09-16,178.0,po4,0.6983964443206787
2025-09-16,178.25,po4,0.6989331841468811
2025-09-16,178.5,po4,0.695346474647522
2025-09-16,178.75,po4,0.6895909905433655
2025-09-16,179.0,po4,0.6916203498840332
2025-09-16,179.25,po4,0.693556010723114
2025-09-16,179.5,po4,0.6954308152198792
2025-09-16,179.75,po4,0.6961491703987122
2025-09-16,-180.0,si,14.398977279663086
2025-09-16,-179.75,si,14.334759712219238
2025-09-16,-179.5,si,14.213064193725586
2025-09-16,-179.25,si,14.107955932617188
2025-09-16,-179.0,si,14.05424690246582
2025-09-16,-178.75,si,14.037657737731934
2025-09-16,-178.5,si,14.023025512695312
2025-09-16,-178.25,si,13.98226547241211
2025-09-16,-178.0,si,13.978409767150879
2025-09-16,-177.75,si,13.963208198547363
2025-09-16,-177.5,si,13.929390907287598
2025-09-16,-177.25,si,13.884174346923828
2025-09-16,-177.0,si,13.842179298400879
2025-09-16,-176.75,si,13.828564643859863
2025-09-16,-176.5,si,13.865262985229492
2025-09-16,-176.25,si,13.839506149291992
2025-09-16,-176.0,si,13.860479354858398
2025-09-16,-175.75,si,13.881912231445312
2025-09-16,-175.5,si,13.911547660827637
2025-09-16,-175.25,si,13.939809799194336
2025-09-16,-175.0,si,14.017040252685547
2025-09-16,-174.75,si,14.242364883422852
2025-09-16,-174.5,si,14.347419738769531
2025-09-16,-174.25,si,14.354710578918457
2025-09-16,-174.0,si,14.282726287841797
2025-09-16,-173.75,si,14.193699836730957
2025-09-16,-173.5,si,14.214678764343262
2025-09-16,-173.25,si,14.25086784362793
2025-09-16,-173.0,si,14.298847198486328
2025-09-16,-172.75,si,14.375182151794434
2025-09-16,-172.5,si,14.462047576904297
2025-09-16,-172.25,si,14.551400184631348
2025-09-16,-172.0,si,14.5947847366333
2025-09-16,-171.75,si,14.596672058105469
2025-09-16,-171.5,si,14.549223899841309
2025-09-16,-171.25,si,14.544650077819824
2025-09-16,-171.0,si,14.546586990356445
2025-09-16,-170.75,si,14.533313751220703
2025-09-16,-170.5,si,14.518628120422363
2025-09-16,-170.25,si,14.516956329345703
2025-09-16,-170.0,si,14.504446029663086
2025-09-16,-169.75,si,14.513636589050293
2025-09-16,-169.5,si,14.52929401397705
2025-09-16,-169.25,si,14.544129371643066
2025-09-16,-169.0,si,14.573719024658203
2025-09-16,-168.75,si,14.619640350341797
2025-09-16,-168.5,si,14.641838073730469
2025-09-16,-168.25,si,14.677186965942383
2025-09-16,-168.0,si,14.691621780395508
2025-09-16,-167.75,si,14.71070384979248
2025-09-16,-167.5,si,14.737944602966309
2025-09-16,-167.25,si,14.788763999938965
2025-09-16,-167.0,si,14.893683433532715
2025-09-16,-166.75,si,14.988509178161621
2025-09-16,-166.5,si,15.064926147460938
2025-09-16,-166.25,si,15.10651969909668
2025-09-16,-166.0,si,15.128246307373047
2025-09-16,-165.75,si,15.120140075683594
2025-09-16,-165.5,si,15.108516693115234
2025-09-16,-165.25,si,15.11341667175293
2025-09-16,-165.0,si,15.084688186645508
2025-09-16,-164.75,si,15.052457809448242
2025-09-16,-164.5,si,14.99328899383545
2025-09-16,-164.25,si,14.912216186523438
2025-09-16,-164.0,si,14.911565780639648
2025-09-16,-163.75,si,14.88460636138916
2025-09-16,-163.5,si,14.877802848815918
2025-09-16,-163.25,si,14.88133430480957
2025-09-16,-163.0,si,14.863431930541992
2025-09-16,-162.75,si,14.871966361999512
2025-09-16,-162.5,si,14.88642406463623
2025-09-16,-162.25,si,14.90705394744873
2025-09-16,-162.0,si,14.87466812133789
2025-09-16,-161.75,si,14.794364929199219
2025-09-16,-161.5,si,14.707809448242188
2025-09-16,-161.25,si,14.567131996154785
2025-09-16,-161.0,si,14.459169387817383
2025-09-16,-160.75,si,14.324385643005371
2025-09-16,-160.5,si,14.25607967376709
2025-09-16,-160.25,si,14.26770305633545
2025-09-16,-160.0,si,14.268709182739258
2025-09-16,-159.75,si,14.325762748718262
2025-09-16,-159.5,si,14.387789726257324
2025-09-16,-159.25,si,14.31879711151123
2025-09-16,-159.0,si,14.293137550354004
2025-09-16,-158.75,si,14.211312294006348
2025-09-16,-158.5,si,14.101164817810059
2025-09-16,-158.25,si,14.03451919555664
2025-09-16,-158.0,si,14.03357982635498
2025-09-16,-157.75,si,13.976070404052734
2025-09-16,-157.5,si,13.974212646484375
2025-09-16,-157.25,si,13.904823303222656
2025-09-16,-157.0,si,13.829266548156738
2025-09-16,-156.75,si,13.84467887878418
2025-09-16,-156.5,si,13.850446701049805
2025-09-16,-156.25,si,13.817290306091309
2025-09-16,-156.0,si,13.786341667175293
2025-09-16,-155.75,si,13.844317436218262
2025-09-16,-155.5,si,13.81807804107666
2025-09-16,-155.25,si,13.746563911437988
2025-09-16,-155.0,si,13.691741943359375
2025-09-16,-154.75,si,13.641570091247559
2025-09-16,-154.5,si,13.685591697692871
2025-09-16,-154.25,si,13.694130897521973
2025-09-16,-154.0,si,13.738032341003418
2025-09-16,-153.75,si,13.723211288452148
2025-09-16,-153.5,si,13.70586109161377
2025-09-16,-153.25,si,13.638236999511719
2025-09-16,-153.0,si,13.55630874633789
2025-09-16,-152.75,si,13.505924224853516
2025-09-16,-152.5,si,13.438143730163574
2025-09-16,-152.25,si,13.322602272033691
2025-09-16,-152.0,si,13.236844062805176
2025-09-16,-151.75,si,13.191174507141113
2025-09-16,-151.5,si,13.170034408569336
2025-09-16,-151.25,si,13.084837913513184
2025-09-16,-151.0,si,13.023919105529785
2025-09-16,-150.75,si,12.942779541015625
2025-09-16,-150.5,si,12.842615127563477
2025-09-16,-150.25,si,12.795650482177734
2025-09-16,-150.0,si,12.758132934570312
2025-09-16,-149.75,si,12.619300842285156
2025-09-16,-149.5,si,12.524334907531738
2025-09-16,-149.25,si,12.46814250946045
2025-09-16,-149.0,si,12.385086059570312
2025-09-16,-148.75,si,12.233094215393066
2025-09-16,-148.5,si,12.144683837890625
2025-09-16,-148.25,si,12.073589324951172
2025-09-16,-148.0,si,11.975844383239746
2025-09-16,-147.75,si,11.846056938171387
2025-09-16,-147.5,si,11.802641868591309
2025-09-16,-147.25,si,11.693987846374512
2025-09-16,-147.0,si,11.60710334777832
2025-09-16,-146.75,si,11.585585594177246
2025-09-16,-146.5,si,11.440422058105469
2025-09-16,-146.25,si,11.399144172668457
2025-09-16,-146.0,si,11.341537475585938
2025-09-16,-145.75,si,11.18465805053711
2025-09-16,-145.5,si,11.129457473754883
2025-09-16,-145.25,si,11.096487998962402
2025-09-16,-145.0,si,11.092129707336426
2025-09-16,-144.75,si,11.072564125061035
2025-09-16,-144.5,si,10.976980209350586
2025-09-16,-144.25,si,10.899531364440918
2025-09-16,-144.0,si,10.814696311950684
2025-09-16,-143.75,si,10.69715404510498
2025-09-16,-143.5,si,10.58191204071045
2025-09-16,-143.25,si,10.531305313110352
2025-09-16,-143.0,si,10.491180419921875
2025-09-16,-142.75,si,10.49225902557373
2025-09-16,-142.5,si,10.511811256408691
2025-09-16,-142.25,si,10.51231575012207
2025-09-16,-142.0,si,10.49911117553711
2025-09-16,-141.75,si,10.490486145019531
2025-09-16,-141.5,si,10.447711944580078
2025-09-16,-141.25,si,10.415698051452637
2025-09-16,-141.0,si,10.371415138244629
2025-09-16,-140.75,si,10.326416969299316
2025-09-16,-140.5,si,10.290434837341309
2025-09-16,-140.25,si,10.252660751342773
2025-09-16,-140.0,si,10.222831726074219
2025-09-16,-139.75,si,10.213302612304688
2025-09-16,-139.5,si,10.139582633972168
2025-09-16,-139.25,si,10.05256462097168
2025-09-16,-139.0,si,10.027634620666504
2025-09-16,-138.75,si,10.01257610321045
2025-09-16,-138.5,si,10.004345893859863
2025-09-16,-138.25,si,10.004058837890625
2025-09-16,-138.0,si,10.08330249786377
2025-09-16,-137.75,si,10.094178199768066
2025-09-16,-137.5,si,10.034398078918457
2025-09-16,-137.25,si,10.030862808227539
2025-09-16,-137.0,si,10.097729682922363
2025-09-16,-136.75,si,10.095121383666992
2025-09-16,-136.5,si,10.032994270324707
2025-09-16,-136.25,si,10.04837703704834
2025-09-16,-136.0,si,9.972515106201172
2025-09-16,-135.75,si,9.919360160827637
2025-09-16,-135.5,si,9.912333488464355
2025-09-16,-135.25,si,9.912702560424805
2025-09-16,-135.0,si,9.91618537902832
2025-09-16,-134.75,si,9.925814628601074
2025-09-16,-134.5,si,9.9197998046875
2025-09-16,-134.25,si,9.807652473449707
2025-09-16,-134.0,si,9.889548301696777
2025-09-16,-133.75,si,9.925427436828613
2025-09-16,-133.5,si,9.732805252075195
2025-09-16,-133.25,si,9.655686378479004
2025-09-16,-133.0,si,9.631402015686035
2025-09-16,-132.75,si,9.527669906616211
2025-09-16,-132.5,si,9.490936279296875
2025-09-16,-132.25,si,9.437894821166992
2025-09-16,-132.0,si,9.414188385009766
2025-09-16,-131.75,si,9.341278076171875
2025-09-16,-131.5,si,9.26511001586914
2025-09-16,-131.25,si,9.235039710998535
2025-09-16,-131.0,si,9.23848819732666
2025-09-16,-130.75,si,9.25930404663086
2025-09-16,-130.5,si,9.229561805725098
2025-09-16,-130.25,si,9.153803825378418
2025-09-16,-130.0,si,9.176199913024902
2025-09-16,-129.75,si,9.19106388092041
2025-09-16,-129.5,si,9.218914031982422
2025-09-16,-129.25,si,9.173941612243652
2025-09-16,-129.0,si,9.123015403747559
2025-09-16,-128.75,si,9.115357398986816
2025-09-16,-128.5,si,9.112907409667969
2025-09-16,-128.25,si,9.047576904296875
2025-09-16,-128.0,si,9.091002464294434
2025-09-16,-127.75,si,8.943405151367188
2025-09-16,-127.5,si,8.873873710632324
2025-09-16,-127.25,si,8.910985946655273
2025-09-16,-127.0,si,8.939519882202148
2025-09-16,-126.75,si,8.995055198669434
2025-09-16,-126.5,si,8.535999298095703
2025-09-16,-126.25,si,8.523578643798828
2025-09-16,-126.0,si,8.527772903442383
2025-09-16,-125.75,si,8.523896217346191
2025-09-16,-125.5,si,8.516948699951172
2025-09-16,-125.25,si,8.86351203918457
2025-09-16,-125.0,si,9.104443550109863
2025-09-16,-124.75,si,8.980780601501465
2025-09-16,-124.5,si,9.130472183227539
2025-09-16,-124.25,si,9.314814567565918
2025-09-16,-124.0,si,9.304169654846191
2025-09-16,-123.75,si,9.134882926940918
2025-09-16,-123.5,si,9.222969055175781
2025-09-16,-123.25,si,9.344046592712402
2025-09-16,-123.0,si,9.254294395446777
2025-09-16,-122.75,si,9.11461353302002
2025-09-16,-122.5,si,9.129497528076172
2025-09-16,-122.25,si,9.025023460388184
2025-09-16,-122.0,si,9.017308235168457
2025-09-16,-121.75,si,9.087532997131348
2025-09-16,-121.5,si,9.09619140625
2025-09-16,-121.25,si,9.080674171447754
2025-09-16,-121.0,si,9.049050331115723
2025-09-16,-120.75,si,9.06736946105957
2025-09-16,-120.5,si,9.064875602722168
2025-09-16,-120.25,si,9.028030395507812
2025-09-16,-120.0,si,8.995479583740234
2025-09-16,-119.75,si,8.918170928955078
2025-09-16,-119.5,si,8.869815826416016
2025-09-16,-119.25,si,8.855988502502441
2025-09-16,-119.0,si,8.827726364135742
2025-09-16,-118.75,si,8.803021430969238
2025-09-16,-118.5,si,8.795612335205078
2025-09-16,-118.25,si,8.846868515014648
2025-09-16,-118.0,si,8.83039379119873
2025-09-16,-117.75,si,8.842660903930664
2025-09-16,-117.5,si,8.889344215393066
2025-09-16,-117.25,si,8.915519714355469
2025-09-16,-117.0,si,8.920132637023926
2025-09-16,-116.75,si,8.914048194885254
2025-09-16,-116.5,si,8.955945014953613
2025-09-16,-116.25,si,9.019465446472168
2025-09-16,-116.0,si,9.063672065734863
2025-09-16,-115.75,si,9.073210716247559
2025-09-16,-115.5,si,9.101067543029785
2025-09-16,-115.25,si,9.155071258544922
2025-09-16,-115.0,si,9.16512680053711
2025-09-16,-114.75,si,9.2462739944458
2025-09-16,-114.5,si,9.221904754638672
2025-09-16,-114.25,si,9.242825508117676
2025-09-16,-114.0,si,9.28925609588623
2025-09-16,-113.75,si,9.302957534790039
2025-09-16,-113.5,si,9.343613624572754
2025-09-16,-113.25,si,9.343755722045898
2025-09-16,-113.0,si,9.346586227416992
2025-09-16,-112.75,si,9.317450523376465
2025-09-16,-112.5,si,9.31296157836914
2025-09-16,-112.25,si,9.365880012512207
2025-09-16,-112.0,si,9.470369338989258
2025-09-16,-111.75,si,9.501321792602539
2025-09-16,-111.5,si,9.517826080322266
2025-09-16,-111.25,si,9.48185920715332
2025-09-16,-111.0,si,9.460688591003418
2025-09-16,-110.75,si,9.436158180236816
2025-09-16,-110.5,si,9.48027229309082
2025-09-16,-110.25,si,9.48331356048584
2025-09-16,-110.0,si,9.443243980407715
2025-09-16,-109.75,si,9.375805854797363
2025-09-16,-109.5,si,9.284794807434082
2025-09-16,-109.25,si,9.298806190490723
2025-09-16,-109.0,si,9.289743423461914
2025-09-16,-108.75,si,9.284543991088867
2025-09-16,-108.5,si,9.368392944335938
2025-09-16,-108.25,si,9.468887329101562
2025-09-16,-108.0,si,9.434903144836426
2025-09-16,-107.75,si,9.441959381103516
2025-09-16,-107.5,si,9.424339294433594
2025-09-16,-107.25,si,9.405083656311035
2025-09-16,-107.0,si,9.500795364379883
2025-09-16,-106.75,si,9.52907943725586
2025-09-16,-106.5,si,9.591846466064453
2025-09-16,-106.25,si,9.727222442626953
2025-09-16,-106.0,si,9.78511905670166
2025-09-16,-105.75,si,9.785740852355957
2025-09-16,-105.5,si,9.863429069519043
2025-09-16,-105.25,si,9.948877334594727
2025-09-16,-105.0,si,9.974945068359375
2025-09-16,-104.75,si,9.971424102783203
2025-09-16,-104.5,si,9.962525367736816
2025-09-16,-104.25,si,9.955013275146484
2025-09-16,-104.0,si,9.941540718078613
2025-09-16,-103.75,si,9.987774848937988
2025-09-16,-103.5,si,9.956252098083496
2025-09-16,-103.25,si,9.877442359924316
2025-09-16,-103.0,si,9.788568496704102
2025-09-16,-102.75,si,9.75220775604248
2025-09-16,-102.5,si,9.716201782226562
2025-09-16,-102.25,si,9.677946090698242
2025-09-16,-102.0,si,9.490519523620605
2025-09-16,-101.75,si,9.323439598083496
2025-09-16,-101.5,si,9.184708595275879
2025-09-16,-101.25,si,9.157468795776367
2025-09-16,-101.0,si,9.126143455505371
2025-09-16,-100.75,si,9.104880332946777
2025-09-16,-100.5,si,9.0839204788208
2025-09-16,-100.25,si,9.078622817993164
2025-09-16,-100.0,si,9.087349891662598
2025-09-16,-99.75,si,9.103675842285156
2025-09-16,-99.5,si,9.115694999694824
2025-09-16,-99.25,si,9.11709976196289
2025-09-16,-99.0,si,9.127089500427246
2025-09-16,-98.75,si,9.135493278503418
2025-09-16,-98.5,si,9.126707077026367
2025-09-16,-98.25,si,9.131525993347168
2025-09-16,-98.0,si,9.133142471313477
2025-09-16,-97.75,si,9.143033027648926
2025-09-16,-97.5,si,9.039728164672852
2025-09-16,-97.25,si,8.99708080291748
2025-09-16,-97.0,si,8.91284465789795
2025-09-16,-96.75,si,8.854467391967773
2025-09-16,-96.5,si,8.80620002746582
2025-09-16,-96.25,si,8.851059913635254
2025-09-16,-96.0,si,8.820198059082031
2025-09-16,-95.75,si,8.82319450378418
2025-09-16,-95.5,si,8.796259880065918
2025-09-16,-95.25,si,8.727124214172363
2025-09-16,-95.0,si,8.725618362426758
2025-09-16,-94.75,si,8.746777534484863
2025-09-16,-94.5,si,8.880359649658203
2025-09-16,-94.25,si,8.840665817260742
2025-09-16,-94.0,si,8.783586502075195
2025-09-16,-93.75,si,8.814491271972656
2025-09-16,-93.5,si,8.81328296661377
2025-09-16,-93.25,si,8.847132682800293
2025-09-16,-93.0,si,8.8530912399292
2025-09-16,-92.75,si,8.849759101867676
2025-09-16,-92.5,si,8.827583312988281
2025-09-16,-92.25,si,8.867874145507812
2025-09-16,-92.0,si,8.828010559082031
2025-09-16,-91.75,si,8.81120777130127
2025-09-16,-91.5,si,8.838128089904785
2025-09-16,-91.25,si,8.84104061126709
2025-09-16,-91.0,si,8.818164825439453
2025-09-16,-90.75,si,8.79574203491211
2025-09-16,-90.5,si,8.820525169372559
2025-09-16,-90.25,si,8.851456642150879
2025-09-16,-90.0,si,8.82628059387207
2025-09-16,-89.75,si,8.822423934936523
2025-09-16,-89.5,si,8.856026649475098
2025-09-16,-89.25,si,8.955841064453125
2025-09-16,-89.0,si,9.04469108581543
2025-09-16,-88.75,si,9.089092254638672
2025-09-16,-88.5,si,9.050714492797852
2025-09-16,-88.25,si,9.047844886779785
2025-09-16,-88.0,si,9.13825798034668
2025-09-16,-87.75,si,8.901656150817871
2025-09-16,-87.5,si,8.838422775268555
2025-09-16,-87.25,si,8.802152633666992
2025-09-16,-87.0,si,8.734501838684082
2025-09-16,-86.75,si,8.66547679901123
2025-09-16,-86.5,si,8.660055160522461
2025-09-16,-86.25,si,8.781074523925781
2025-09-16,-86.0,si,8.82204818725586
2025-09-16,-85.75,si,8.899341583251953
2025-09-16,-85.5,si,8.974699020385742
2025-09-16,-85.25,si,9.000856399536133
2025-09-16,-85.0,si,9.016788482666016
2025-09-16,-84.75,si,9.128424644470215
2025-09-16,-84.5,si,9.222892761230469
2025-09-16,-84.25,si,9.359634399414062
2025-09-16,-84.0,si,9.526944160461426
2025-09-16,-83.75,si,9.593761444091797
2025-09-16,-83.5,si,9.826005935668945
2025-09-16,-83.25,si,9.538448333740234
2025-09-16,-83.0,si,9.510055541992188
2025-09-16,-82.75,si,9.398194313049316
2025-09-16,-82.5,si,9.306512832641602
2025-09-16,-82.25,si,9.596189498901367
2025-09-16,-82.0,si,9.802785873413086
2025-09-16,-81.75,si,10.120744705200195
2025-09-16,-81.5,si,10.181020736694336
2025-09-16,-81.25,si,10.040634155273438
2025-09-16,-81.0,si,9.965457916259766
2025-09-16,-80.75,si,10.13258171081543
2025-09-16,-80.5,si,10.118473052978516
2025-09-16,-80.25,si,10.190807342529297
2025-09-16,-80.0,si,10.257572174072266
2025-09-16,-79.75,si,10.216606140136719
2025-09-16,-79.5,si,10.054957389831543
2025-09-16,-79.25,si,9.883574485778809
2025-09-16,-79.0,si,9.962224006652832
2025-09-16,-78.75,si,9.686686515808105
2025-09-16,-78.5,si,9.698391914367676
2025-09-16,-78.25,si,9.781248092651367
2025-09-16,-78.0,si,9.807427406311035
2025-09-16,-77.75,si,9.849893569946289
2025-09-16,-77.5,si,10.034431457519531
2025-09-16,-77.25,si,9.984406471252441
2025-09-16,-77.0,si,9.908218383789062
2025-09-16,-76.75,si,9.845736503601074
2025-09-16,-76.5,si,9.755833625793457
2025-09-16,-76.25,si,10.413755416870117
2025-09-16,-76.0,si,10.531170845031738
2025-09-16,-75.75,si,9.670061111450195
2025-09-16,-75.5,si,9.51053237915039
2025-09-16,-75.25,si,9.504450798034668
2025-09-16,-75.0,si,9.411412239074707
2025-09-16,-74.75,si,9.46046257019043
2025-09-16,-74.5,si,9.367441177368164
2025-09-16,-74.25,si,9.325790405273438
2025-09-16,-74.0,si,9.379982948303223
2025-09-16,-73.75,si,9.611051559448242
2025-09-16,-73.5,si,10.31132984161377
2025-09-16,-73.25,si,10.819025993347168
2025-09-16,-73.0,si,10.852461814880371
2025-09-16,-72.75,si,9.70232105255127
2025-09-16,-72.5,si,9.067333221435547
2025-09-16,-72.25,si,9.004825592041016
2025-09-16,-72.0,si,9.033462524414062
2025-09-16,-71.75,si,9.17251968383789
2025-09-16,-71.5,si,9.290050506591797
2025-09-16,-71.25,si,9.429652214050293
2025-09-16,-71.0,si,9.552828788757324
2025-09-16,-70.75,si,9.72173023223877
2025-09-16,-70.5,si,9.859467506408691
2025-09-16,-70.25,si,10.131217002868652
2025-09-16,-70.0,si,10.554490089416504
2025-09-16,-69.75,si,10.414641380310059
2025-09-16,-69.5,si,10.313512802124023
2025-09-16,-69.25,si,10.475690841674805
2025-09-16,-69.0,si,10.270234107971191
2025-09-16,-68.75,si,9.901155471801758
2025-09-16,-68.5,si,9.706351280212402
2025-09-16,-68.25,si,9.65245532989502
2025-09-16,-68.0,si,9.449874877929688
2025-09-16,-67.75,si,9.470036506652832
2025-09-16,-67.5,si,9.327977180480957
2025-09-16,-67.25,si,9.266358375549316
2025-09-16,-67.0,si,9.13153076171875
2025-09-16,-66.75,si,9.137518882751465
2025-09-16,-66.5,si,9.13839054107666
2025-09-16,-66.25,si,9.17651081085205
2025-09-16,-66.0,si,9.08001708984375
2025-09-16,-65.75,si,8.9807710647583
2025-09-16,-65.5,si,9.12972640991211
2025-09-16,-65.25,si,9.081321716308594
2025-09-16,-65.0,si,9.260416984558105
2025-09-16,-64.75,si,9.288176536560059
2025-09-16,-64.5,si,9.253071784973145
2025-09-16,-64.25,si,9.172667503356934
2025-09-16,-64.0,si,8.887303352355957
2025-09-16,-63.75,si,8.870327949523926
2025-09-16,-63.5,si,8.736682891845703
2025-09-16,-63.25,si,8.716184616088867
2025-09-16,-63.0,si,8.685030937194824
2025-09-16,-62.75,si,8.753674507141113
2025-09-16,-62.5,si,8.781717300415039
2025-09-16,-62.25,si,9.026688575744629
2025-09-16,-62.0,si,9.191142082214355
2025-09-16,-61.75,si,9.486893653869629
2025-09-16,-61.5,si,9.282678604125977
2025-09-16,-61.25,si,10.207630157470703
2025-09-16,-61.0,si,11.053231239318848
2025-09-16,-60.75,si,12.406587600708008
2025-09-16,-60.5,si,13.427380561828613
2025-09-16,-60.25,si,14.279168128967285
2025-09-16,-60.0,si,14.738553047180176
2025-09-16,-59.75,si,15.722451210021973
2025-09-16,-59.5,si,16.081750869750977
2025-09-16,-59.25,si,16.29376220703125
2025-09-16,-59.0,si,16.62379264831543
2025-09-16,-58.75,si,16.736387252807617
2025-09-16,-58.5,si,16.842559814453125
2025-09-16,-58.25,si,16.691728591918945
2025-09-16,-58.0,si,16.86368179321289
2025-09-16,-57.75,si,17.15224266052246
2025-09-16,-57.5,si,17.355134963989258
2025-09-16,-57.25,si,17.665388107299805
2025-09-16,-57.0,si,17.8515625
2025-09-16,-56.75,si,18.020797729492188
2025-09-16,-56.5,si,17.99327278137207
2025-09-16,-56.25,si,17.61590003967285
2025-09-16,-56.0,si,17.512767791748047
2025-09-16,-55.75,si,17.507017135620117
2025-09-16,-55.5,si,17.76357650756836
2025-09-16,-55.25,si,17.996278762817383
2025-09-16,-55.0,si,18.318378448486328
2025-09-16,-54.75,si,18.602581024169922
2025-09-16,-54.5,si,19.150115966796875
2025-09-16,-54.25,si,19.232921600341797
2025-09-16,-54.0,si,19.389198303222656
2025-09-16,-53.75,si,19.59125518798828
2025-09-16,-53.5,si,19.941343307495117
2025-09-16,-53.25,si,19.913084030151367
2025-09-16,-53.0,si,19.93041229248047
2025-09-16,-52.75,si,20.074447631835938
2025-09-16,-52.5,si,20.261381149291992
2025-09-16,-52.25,si,20.209808349609375
2025-09-16,-52.0,si,20.276233673095703
2025-09-16,-51.75,si,20.285051345825195
2025-09-16,-51.5,si,20.250900268554688
2025-09-16,-51.25,si,20.367263793945312
2025-09-16,-51.0,si,20.689098358154297
2025-09-16,-50.75,si,20.82369613647461
2025-09-16,-50.5,si,20.86004638671875
2025-09-16,-50.25,si,21.019332885742188
2025-09-16,-50.0,si,20.934425354003906
2025-09-16,-49.75,si,20.856733322143555
2025-09-16,-49.5,si,20.785526275634766
2025-09-16,-49.25,si,20.868268966674805
2025-09-16,-49.0,si,20.850135803222656
2025-09-16,-48.75,si,20.76841163635254
2025-09-16,-48.5,si,20.382448196411133
2025-09-16,-48.25,si,20.23613166809082
2025-09-16,-48.0,si,20.116008758544922
2025-09-16,-47.75,si,20.0600528717041
2025-09-16,-47.5,si,20.091522216796875
2025-09-16,-47.25,si,20.085798263549805
2025-09-16,-47.0,si,19.998140335083008
2025-09-16,-46.75,si,19.973791122436523
2025-09-16,-46.5,si,19.882204055786133
2025-09-16,-46.25,si,19.834177017211914
2025-09-16,-46.0,si,19.795597076416016
2025-09-16,-45.75,si,19.8679141998291
2025-09-16,-45.5,si,19.904666900634766
2025-09-16,-45.25,si,19.90078353881836
2025-09-16,-45.0,si,19.8837947845459
2025-09-16,-44.75,si,20.008512496948242
2025-09-16,-44.5,si,19.936458587646484
2025-09-16,-44.25,si,20.014738082885742
2025-09-16,-44.0,si,20.016815185546875
2025-09-16,-43.75,si,20.050405502319336
2025-09-16,-43.5,si,20.101051330566406
2025-09-16,-43.25,si,20.096925735473633
2025-09-16,-43.0,si,20.038166046142578
2025-09-16,-42.75,si,19.941932678222656
2025-09-16,-42.5,si,19.931222915649414
2025-09-16,-42.25,si,19.798431396484375
2025-09-16,-42.0,si,19.800987243652344
2025-09-16,-41.75,si,19.81331443786621
2025-09-16,-41.5,si,19.874725341796875
2025-09-16,-41.25,si,19.921411514282227
2025-09-16,-41.0,si,19.941471099853516
2025-09-16,-40.75,si,19.737131118774414
2025-09-16,-40.5,si,19.503908157348633
2025-09-16,-40.25,si,19.27092170715332
2025-09-16,-40.0,si,19.133468627929688
2025-09-16,-39.75,si,19.079973220825195
2025-09-16,-39.5,si,18.942419052124023
2025-09-16,-39.25,si,18.846744537353516
2025-09-16,-39.0,si,18.54330825805664
2025-09-16,-38.75,si,18.34522247314453
2025-09-16,-38.5,si,18.349639892578125
2025-09-16,-38.25,si,18.217182159423828
2025-09-16,-38.0,si,18.06309700012207
2025-09-16,-37.75,si,17.96214485168457
2025-09-16,-37.5,si,17.847326278686523
2025-09-16,-37.25,si,17.78590202331543
2025-09-16,-37.0,si,17.76689910888672
2025-09-16,-36.75,si,17.75928497314453
2025-09-16,-36.5,si,17.682937622070312
2025-09-16,-36.25,si,17.654993057250977
2025-09-16,-36.0,si,17.649940490722656
2025-09-16,-35.75,si,17.648479461669922
2025-09-16,-35.5,si,17.724775314331055
2025-09-16,-35.25,si,17.732336044311523
2025-09-16,-35.0,si,17.66581916809082
2025-09-16,-34.75,si,17.417678833007812
2025-09-16,-34.5,si,17.30645751953125
2025-09-16,-34.25,si,17.235105514526367
2025-09-16,-34.0,si,17.129240036010742
2025-09-16,-33.75,si,17.12546730041504
2025-09-16,-33.5,si,17.15047836303711
2025-09-16,-33.25,si,17.160661697387695
2025-09-16,-33.0,si,17.162052154541016
2025-09-16,-32.75,si,17.16840362548828
2025-09-16,-32.5,si,17.18035888671875
2025-09-16,-32.25,si,17.18950080871582
2025-09-16,-32.0,si,17.20658302307129
2025-09-16,-31.75,si,17.207317352294922
2025-09-16,-31.5,si,17.237930297851562
2025-09-16,-31.25,si,17.27825164794922
2025-09-16,-31.0,si,17.32097053527832
2025-09-16,-30.75,si,17.346593856811523
2025-09-16,-30.5,si,17.33495330810547
2025-09-16,-30.25,si,17.32315444946289
2025-09-16,-30.0,si,17.324369430541992
2025-09-16,-29.75,si,17.316247940063477
2025-09-16,-29.5,si,17.34451675415039
2025-09-16,-29.25,si,17.366575241088867
2025-09-16,-29.0,si,17.37813949584961
2025-09-16,-28.75,si,17.260162353515625
2025-09-16,-28.5,si,17.24562644958496
2025-09-16,-28.25,si,17.28062629699707
2025-09-16,-28.0,si,17.2999210357666
2025-09-16,-27.75,si,17.387643814086914
2025-09-16,-27.5,si,17.488597869873047
2025-09-16,-27.25,si,17.515953063964844
2025-09-16,-27.0,si,17.684688568115234
2025-09-16,-26.75,si,17.84278106689453
2025-09-16,-26.5,si,17.951311111450195
2025-09-16,-26.25,si,17.932579040527344
2025-09-16,-26.0,si,17.74544334411621
2025-09-16,-25.75,si,17.810514450073242
2025-09-16,-25.5,si,17.799911499023438
2025-09-16,-25.25,si,17.730941772460938
2025-09-16,-25.0,si,17.601613998413086
2025-09-16,-24.75,si,17.455665588378906
2025-09-16,-24.5,si,17.30532455444336
2025-09-16,-24.25,si,16.986602783203125
2025-09-16,-24.0,si,16.597023010253906
2025-09-16,-23.75,si,16.52944564819336
2025-09-16,-23.5,si,16.221080780029297
2025-09-16,-23.25,si,15.916083335876465
2025-09-16,-23.0,si,15.839909553527832
2025-09-16,-22.75,si,15.815154075622559
2025-09-16,-22.5,si,15.77867317199707
2025-09-16,-22.25,si,15.721789360046387
2025-09-16,-22.0,si,15.589879989624023
2025-09-16,-21.75,si,15.550397872924805
2025-09-16,-21.5,si,15.551413536071777
2025-09-16,-21.25,si,15.55416202545166
2025-09-16,-21.0,si,15.485904693603516
2025-09-16,-20.75,si,15.383957862854004
2025-09-16,-20.5,si,15.115839958190918
2025-09-16,-20.25,si,15.085121154785156
2025-09-16,-20.0,si,14.792228698730469
2025-09-16,-19.75,si,14.596749305725098
2025-09-16,-19.5,si,14.409707069396973
2025-09-16,-19.25,si,14.38552188873291
2025-09-16,-19.0,si,14.378474235534668
2025-09-16,-18.75,si,14.11129093170166
2025-09-16,-18.5,si,14.075010299682617
2025-09-16,-18.25,si,14.056388854980469
2025-09-16,-18.0,si,14.08587646484375
2025-09-16,-17.75,si,14.131336212158203
2025-09-16,-17.5,si,14.218320846557617
2025-09-16,-17.25,si,14.358211517333984
2025-09-16,-17.0,si,14.46075439453125
2025-09-16,-16.75,si,14.673357009887695
2025-09-16,-16.5,si,14.83392333984375
2025-09-16,-16.25,si,15.014328002929688
2025-09-16,-16.0,si,15.366483688354492
2025-09-16,-15.75,si,15.532447814941406
2025-09-16,-15.5,si,15.614274024963379
2025-09-16,-15.25,si,15.425554275512695
2025-09-16,-15.0,si,15.441202163696289
2025-09-16,-14.75,si,15.480978965759277
2025-09-16,-14.5,si,15.375838279724121
2025-09-16,-14.25,si,15.448270797729492
2025-09-16,-14.0,si,15.512508392333984
2025-09-16,-13.75,si,15.58161449432373
2025-09-16,-13.5,si,15.62375545501709
2025-09-16,-13.25,si,15.660184860229492
2025-09-16,-13.0,si,15.67840576171875
2025-09-16,-12.75,si,15.726798057556152
2025-09-16,-12.5,si,15.689434051513672
2025-09-16,-12.25,si,15.553427696228027
2025-09-16,-12.0,si,15.59000301361084
2025-09-16,-11.75,si,15.328038215637207
2025-09-16,-11.5,si,15.356422424316406
2025-09-16,-11.25,si,15.248092651367188
2025-09-16,-11.0,si,15.295119285583496
2025-09-16,-10.75,si,15.181939125061035
2025-09-16,-10.5,si,15.257046699523926
2025-09-16,-10.25,si,15.328940391540527
2025-09-16,-10.0,si,15.447171211242676
2025-09-16,-9.75,si,15.743122100830078
2025-09-16,-9.5,si,15.88882827758789
2025-09-16,-9.25,si,16.070585250854492
2025-09-16,-9.0,si,16.29840660095215
2025-09-16,-8.75,si,16.84510040283203
2025-09-16,-8.5,si,17.210186004638672
2025-09-16,-8.25,si,17.417356491088867
2025-09-16,-8.0,si,17.505355834960938
2025-09-16,-7.75,si,17.536394119262695
2025-09-16,-7.5,si,17.56473731994629
2025-09-16,-7.25,si,17.41908836364746
2025-09-16,-7.0,si,17.527841567993164
2025-09-16,-6.75,si,17.633085250854492
2025-09-16,-6.5,si,17.710376739501953
2025-09-16,-6.25,si,17.809314727783203
2025-09-16,-6.0,si,17.753494262695312
2025-09-16,-5.75,si,17.793106079101562
2025-09-16,-5.5,si,17.75119972229004
2025-09-16,-5.25,si,17.790733337402344
2025-09-16,-5.0,si,18.009281158447266
2025-09-16,-4.75,si,18.075429916381836
2025-09-16,-4.5,si,18.29861831665039
2025-09-16,-4.25,si,18.52604866027832
2025-09-16,-4.0,si,18.697423934936523
2025-09-16,-3.75,si,18.676435470581055
2025-09-16,-3.5,si,18.654747009277344
2025-09-16,-3.25,si,18.704280853271484
2025-09-16,-3.0,si,18.718618392944336
2025-09-16,-2.75,si,18.71457862854004
2025-09-16,-2.5,si,18.572641372680664
2025-09-16,-2.25,si,18.602710723876953
2025-09-16,-2.0,si,18.725318908691406
2025-09-16,-1.75,si,18.686235427856445
2025-09-16,-1.5,si,18.802244186401367
2025-09-16,-1.25,si,19.094261169433594
2025-09-16,-1.0,si,19.06427001953125
2025-09-16,-0.75,si,18.958568572998047
2025-09-16,-0.5,si,18.889184951782227
2025-09-16,-0.25,si,18.791492462158203
2025-09-16,0.0,si,18.642040252685547
2025-09-16,0.25,si,18.651081085205078
2025-09-16,0.5,si,18.56528091430664
2025-09-16,0.75,si,18.63816261291504
2025-09-16,1.0,si,18.585695266723633
2025-09-16,1.25,si,18.562673568725586
2025-09-16,1.5,si,18.583154678344727
2025-09-16,1.75,si,18.568801879882812
2025-09-16,2.0,si,18.462772369384766
2025-09-16,2.25,si,18.627546310424805
2025-09-16,2.5,si,18.668855667114258
2025-09-16,2.75,si,18.723268508911133
2025-09-16,3.0,si,18.747024536132812
2025-09-16,3.25,si,18.646282196044922
2025-09-16,3.5,si,18.62335205078125
2025-09-16,3.75,si,18.648000717163086
2025-09-16,4.0,si,18.73541831970215
2025-09-16,4.25,si,18.776447296142578
2025-09-16,4.5,si,18.8619384765625
2025-09-16,4.75,si,19.03015899658203
2025-09-16,5.0,si,19.156999588012695
2025-09-16,5.25,si,19.415023803710938
2025-09-16,5.5,si,19.564281463623047
2025-09-16,5.75,si,19.803157806396484
2025-09-16,6.0,si,19.94818687438965
2025-09-16,6.25,si,20.09001350402832
2025-09-16,6.5,si,19.997516632080078
2025-09-16,6.75,si,19.967679977416992
2025-09-16,7.0,si,19.934946060180664
2025-09-16,7.25,si,20.11180305480957
2025-09-16,7.5,si,20.17464828491211
2025-09-16,7.75,si,20.184106826782227
2025-09-16,8.0,si,20.099225997924805
2025-09-16,8.25,si,20.40838623046875
2025-09-16,8.5,si,20.920074462890625
2025-09-16,8.75,si,21.314573287963867
2025-09-16,9.0,si,21.529245376586914
2025-09-16,9.25,si,21.648435592651367
2025-09-16,9.5,si,21.894384384155273
2025-09-16,9.75,si,21.649248123168945
2025-09-16,10.0,si,21.703834533691406
2025-09-16,10.25,si,21.806575775146484
2025-09-16,10.5,si,21.72426986694336
2025-09-16,10.75,si,21.74260902404785
2025-09-16,11.0,si,21.661060333251953
2025-09-16,11.25,si,21.413158416748047
2025-09-16,11.5,si,21.56492805480957
2025-09-16,11.75,si,21.90561866760254
2025-09-16,12.0,si,22.529094696044922
2025-09-16,12.25,si,23.106971740722656
2025-09-16,12.5,si,23.46452522277832
2025-09-16,12.75,si,24.009653091430664
2025-09-16,13.0,si,24.96205711364746
2025-09-16,13.25,si,26.323261260986328
2025-09-16,13.5,si,27.428993225097656
2025-09-16,13.75,si,27.27509307861328
2025-09-16,14.0,si,27.924442291259766
2025-09-16,14.25,si,28.52243995666504
2025-09-16,14.5,si,29.298778533935547
2025-09-16,14.75,si,29.79851722717285
2025-09-16,15.0,si,30.287073135375977
2025-09-16,15.25,si,30.442665100097656
2025-09-16,15.5,si,30.25238800048828
2025-09-16,15.75,si,30.620466232299805
2025-09-16,16.0,si,31.059711456298828
2025-09-16,16.25,si,31.118959426879883
2025-09-16,16.5,si,31.322593688964844
2025-09-16,16.75,si,30.822580337524414
2025-09-16,17.0,si,31.076417922973633
2025-09-16,17.25,si,31.185077667236328
2025-09-16,17.5,si,31.776920318603516
2025-09-16,17.75,si,31.840221405029297
2025-09-16,18.0,si,32.32700729370117
2025-09-16,18.25,si,32.79179000854492
2025-09-16,18.5,si,32.87295150756836
2025-09-16,18.75,si,32.54709243774414
2025-09-16,19.0,si,32.501216888427734
2025-09-16,19.25,si,32.747711181640625
2025-09-16,19.5,si,33.16262435913086
2025-09-16,19.75,si,33.53460693359375
2025-09-16,20.0,si,34.2130126953125
2025-09-16,20.25,si,34.622840881347656
2025-09-16,20.5,si,34.58086395263672
2025-09-16,20.75,si,34.884864807128906
2025-09-16,21.0,si,35.036865234375
2025-09-16,21.25,si,35.98337936401367
2025-09-16,21.5,si,35.97614288330078
2025-09-16,21.75,si,36.84144973754883
2025-09-16,22.0,si,36.89556884765625
2025-09-16,22.25,si,36.80750274658203
2025-09-16,22.5,si,36.589046478271484
2025-09-16,22.75,si,37.088584899902344
2025-09-16,23.0,si,36.186100006103516
2025-09-16,23.25,si,35.19620132446289
2025-09-16,23.5,si,34.9289436340332
2025-09-16,23.75,si,35.11632537841797
2025-09-16,24.0,si,34.68779373168945
2025-09-16,24.25,si,35.21038055419922
2025-09-16,24.5,si,34.9788703918457
2025-09-16,24.75,si,34.93024444580078
2025-09-16,25.0,si,34.565181732177734
2025-09-16,25.25,si,33.52000427246094
2025-09-16,25.5,si,32.681976318359375
2025-09-16,25.75,si,32.041015625
2025-09-16,26.0,si,31.885835647583008
2025-09-16,26.25,si,32.199974060058594
2025-09-16,26.5,si,31.82611656188965
2025-09-16,26.75,si,31.65488052368164
2025-09-16,27.0,si,31.715972900390625
2025-09-16,27.25,si,31.62569808959961
2025-09-16,27.5,si,31.671815872192383
2025-09-16,27.75,si,31.28609275817871
2025-09-16,28.0,si,31.09971809387207
2025-09-16,28.25,si,30.64615249633789
2025-09-16,28.5,si,30.346521377563477
2025-09-16,28.75,si,29.767486572265625
2025-09-16,29.0,si,29.581867218017578
2025-09-16,29.25,si,29.6843318939209
2025-09-16,29.5,si,29.38878059387207
2025-09-16,29.75,si,28.736467361450195
2025-09-16,30.0,si,28.514863967895508
2025-09-16,30.25,si,28.039817810058594
2025-09-16,30.5,si,27.802566528320312
2025-09-16,30.75,si,27.300201416015625
2025-09-16,31.0,si,27.067880630493164
2025-09-16,31.25,si,26.962507247924805
2025-09-16,31.5,si,27.253637313842773
2025-09-16,31.75,si,27.32295036315918
2025-09-16,32.0,si,27.271404266357422
2025-09-16,32.25,si,27.10135269165039
2025-09-16,32.5,si,27.376811981201172
2025-09-16,32.75,si,26.751136779785156
2025-09-16,33.0,si,25.858951568603516
2025-09-16,33.25,si,25.631481170654297
2025-09-16,33.5,si,25.241830825805664
2025-09-16,33.75,si,24.90379524230957
2025-09-16,34.0,si,24.376035690307617
2025-09-16,34.25,si,24.160940170288086
2025-09-16,34.5,si,23.709455490112305
2025-09-16,34.75,si,23.71563720703125
2025-09-16,35.0,si,23.959199905395508
2025-09-16,35.25,si,23.950891494750977
2025-09-16,35.5,si,23.567588806152344
2025-09-16,35.75,si,23.194927215576172
2025-09-16,36.0,si,23.7993221282959
2025-09-16,36.25,si,24.1624698638916
2025-09-16,36.5,si,24.599735260009766
2025-09-16,36.75,si,24.47464942932129
2025-09-16,37.0,si,24.032222747802734
2025-09-16,37.25,si,23.328218460083008
2025-09-16,37.5,si,23.2023868560791
2025-09-16,37.75,si,23.234899520874023
2025-09-16,38.0,si,23.51649284362793
2025-09-16,38.25,si,23.284990310668945
2025-09-16,38.5,si,23.27423667907715
2025-09-16,38.75,si,23.122203826904297
2025-09-16,39.0,si,22.92507553100586
2025-09-16,39.25,si,22.599313735961914
2025-09-16,39.5,si,21.782331466674805
2025-09-16,39.75,si,21.06078338623047
2025-09-16,40.0,si,20.724409103393555
2025-09-16,40.25,si,20.1527099609375
2025-09-16,40.5,si,19.458948135375977
2025-09-16,40.75,si,18.72369384765625
2025-09-16,41.0,si,18.524839401245117
2025-09-16,41.25,si,18.37483787536621
2025-09-16,41.5,si,18.350427627563477
2025-09-16,41.75,si,18.359582901000977
2025-09-16,42.0,si,18.151884078979492
2025-09-16,42.25,si,17.97789764404297
2025-09-16,42.5,si,18.008514404296875
2025-09-16,42.75,si,17.980314254760742
2025-09-16,43.0,si,18.12774658203125
2025-09-16,43.25,si,18.068584442138672
2025-09-16,43.5,si,18.180313110351562
2025-09-16,43.75,si,18.29827117919922
2025-09-16,44.0,si,18.42479705810547
2025-09-16,44.25,si,18.662830352783203
2025-09-16,44.5,si,19.07247543334961
2025-09-16,44.75,si,18.780750274658203
2025-09-16,45.0,si,18.528968811035156
2025-09-16,45.25,si,18.53097915649414
2025-09-16,45.5,si,18.529170989990234
2025-09-16,45.75,si,18.523799896240234
2025-09-16,46.0,si,18.578540802001953
2025-09-16,46.25,si,18.56564712524414
2025-09-16,46.5,si,18.28207015991211
2025-09-16,46.75,si,18.115997314453125
2025-09-16,47.0,si,18.113975524902344
2025-09-16,47.25,si,17.989412307739258
2025-09-16,47.5,si,17.91411018371582
2025-09-16,47.75,si,17.79512596130371
2025-09-16,48.0,si,17.677824020385742
2025-09-16,48.25,si,17.49885368347168
2025-09-16,48.5,si,17.24300765991211
2025-09-16,48.75,si,16.637126922607422
2025-09-16,49.0,si,16.42011833190918
2025-09-16,49.25,si,16.140857696533203
2025-09-16,49.5,si,15.888660430908203
2025-09-16,49.75,si,15.56248664855957
2025-09-16,50.0,si,15.328603744506836
2025-09-16,50.25,si,14.922948837280273
2025-09-16,50.5,si,14.331324577331543
2025-09-16,50.75,si,14.267040252685547
2025-09-16,51.0,si,14.308491706848145
2025-09-16,51.25,si,14.298274040222168
2025-09-16,51.5,si,14.10396671295166
2025-09-16,51.75,si,14.078933715820312
2025-09-16,52.0,si,13.901155471801758
2025-09-16,52.25,si,13.83544921875
2025-09-16,52.5,si,13.82526969909668
2025-09-16,52.75,si,13.851654052734375
2025-09-16,53.0,si,13.829716682434082
2025-09-16,53.25,si,13.750550270080566
2025-09-16,53.5,si,13.712437629699707
2025-09-16,53.75,si,13.559338569641113
2025-09-16,54.0,si,13.623425483703613
2025-09-16,54.25,si,13.576940536499023
2025-09-16,54.5,si,13.511528015136719
2025-09-16,54.75,si,13.673500061035156
2025-09-16,55.0,si,13.774789810180664
2025-09-16,55.25,si,13.607593536376953
2025-09-16,55.5,si,13.606658935546875
2025-09-16,55.75,si,13.806158065795898
2025-09-16,56.0,si,13.926535606384277
2025-09-16,56.25,si,14.046426773071289
2025-09-16,56.5,si,13.869075775146484
2025-09-16,56.75,si,13.735591888427734
2025-09-16,57.0,si,13.657536506652832
2025-09-16,57.25,si,13.9461088180542
2025-09-16,57.5,si,13.912984848022461
2025-09-16,57.75,si,13.951086044311523
2025-09-16,58.0,si,13.737778663635254
2025-09-16,58.25,si,13.718321800231934
2025-09-16,58.5,si,13.728972434997559
2025-09-16,58.75,si,13.665018081665039
2025-09-16,59.0,si,13.859087944030762
2025-09-16,59.25,si,13.79846477508545
2025-09-16,59.5,si,13.723987579345703
2025-09-16,59.75,si,13.5871000289917
2025-09-16,60.0,si,13.470624923706055
2025-09-16,60.25,si,13.443650245666504
2025-09-16,60.5,si,13.355135917663574
2025-09-16,60.75,si,13.339506149291992
2025-09-16,61.0,si,13.304665565490723
2025-09-16,61.25,si,13.293972969055176
2025-09-16,61.5,si,13.543010711669922
2025-09-16,61.75,si,13.587136268615723
2025-09-16,62.0,si,13.595118522644043
2025-09-16,62.25,si,13.628738403320312
2025-09-16,62.5,si,13.642162322998047
2025-09-16,62.75,si,13.693320274353027
2025-09-16,63.0,si,13.730443000793457
2025-09-16,63.25,si,13.750810623168945
2025-09-16,63.5,si,13.758621215820312
2025-09-16,63.75,si,13.712385177612305
2025-09-16,64.0,si,13.691404342651367
2025-09-16,64.25,si,13.738855361938477
2025-09-16,64.5,si,13.747541427612305
2025-09-16,64.75,si,13.752613067626953
2025-09-16,65.0,si,13.717089653015137
2025-09-16,65.25,si,13.656472206115723
2025-09-16,65.5,si,13.65655517578125
2025-09-16,65.75,si,13.687050819396973
2025-09-16,66.0,si,13.690810203552246
2025-09-16,66.25,si,13.736452102661133
2025-09-16,66.5,si,13.831666946411133
2025-09-16,66.75,si,14.024552345275879
2025-09-16,67.0,si,14.144577026367188
2025-09-16,67.25,si,14.250755310058594
2025-09-16,67.5,si,14.63074779510498
2025-09-16,67.75,si,14.751130104064941
2025-09-16,68.0,si,14.914713859558105
2025-09-16,68.25,si,15.143902778625488
2025-09-16,68.5,si,15.235483169555664
2025-09-16,68.75,si,15.346359252929688
2025-09-16,69.0,si,15.27450942993164
2025-09-16,69.25,si,15.249189376831055
2025-09-16,69.5,si,15.360629081726074
2025-09-16,69.75,si,15.587665557861328
2025-09-16,70.0,si,15.8673095703125
2025-09-16,70.25,si,16.216365814208984
2025-09-16,70.5,si,16.38552474975586
2025-09-16,70.75,si,16.353912353515625
2025-09-16,71.0,si,16.257036209106445
2025-09-16,71.25,si,16.315366744995117
2025-09-16,71.5,si,16.300960540771484
2025-09-16,71.75,si,17.3179931640625
2025-09-16,72.0,si,17.237224578857422
2025-09-16,72.25,si,17.1294002532959
2025-09-16,72.5,si,18.085704803466797
2025-09-16,72.75,si,19.212343215942383
2025-09-16,73.0,si,19.580142974853516
2025-09-16,73.25,si,20.32503890991211
2025-09-16,73.5,si,20.748620986938477
2025-09-16,73.75,si,20.88786506652832
2025-09-16,74.0,si,20.191158294677734
2025-09-16,74.25,si,19.857576370239258
2025-09-16,74.5,si,19.36738395690918
2025-09-16,74.75,si,19.136022567749023
2025-09-16,75.0,si,18.674070358276367
2025-09-16,75.25,si,19.184370040893555
2025-09-16,75.5,si,19.21925163269043
2025-09-16,75.75,si,19.501453399658203
2025-09-16,76.0,si,19.57881736755371
2025-09-16,76.25,si,19.703397750854492
2025-09-16,76.5,si,19.766191482543945
2025-09-16,76.75,si,20.09776496887207
2025-09-16,77.0,si,20.00441551208496
2025-09-16,77.25,si,20.0637264251709
2025-09-16,77.5,si,20.300613403320312
2025-09-16,77.75,si,19.44020652770996
2025-09-16,78.0,si,18.19354820251465
2025-09-16,78.25,si,18.189533233642578
2025-09-16,78.5,si,18.30066680908203
2025-09-16,78.75,si,18.445343017578125
2025-09-16,79.0,si,18.370162963867188
2025-09-16,79.25,si,18.473190307617188
2025-09-16,79.5,si,18.388139724731445
2025-09-16,79.75,si,18.48148536682129
2025-09-16,80.0,si,18.564302444458008
2025-09-16,80.25,si,18.327632904052734
2025-09-16,80.5,si,18.20444679260254
2025-09-16,80.75,si,18.14938735961914
2025-09-16,81.0,si,17.817459106445312
2025-09-16,81.25,si,17.663360595703125
2025-09-16,81.5,si,17.338058471679688
2025-09-16,81.75,si,16.550622940063477
2025-09-16,82.0,si,16.095993041992188
2025-09-16,82.25,si,15.891057968139648
2025-09-16,82.5,si,15.620723724365234
2025-09-16,82.75,si,15.478964805603027
2025-09-16,83.0,si,15.372737884521484
2025-09-16,83.25,si,15.182971000671387
2025-09-16,83.5,si,15.147871971130371
2025-09-16,83.75,si,14.97659969329834
2025-09-16,84.0,si,14.892126083374023
2025-09-16,84.25,si,14.754420280456543
2025-09-16,84.5,si,14.630319595336914
2025-09-16,84.75,si,14.527739524841309
2025-09-16,85.0,si,14.496362686157227
2025-09-16,85.25,si,14.551024436950684
2025-09-16,85.5,si,14.60663890838623
2025-09-16,85.75,si,14.674927711486816
2025-09-16,86.0,si,14.696270942687988
2025-09-16,86.25,si,14.578202247619629
2025-09-16,86.5,si,14.248812675476074
2025-09-16,86.75,si,14.222350120544434
2025-09-16,87.0,si,13.82804012298584
2025-09-16,87.25,si,13.759581565856934
2025-09-16,87.5,si,13.726040840148926
2025-09-16,87.75,si,13.651145935058594
2025-09-16,88.0,si,13.618330001831055
2025-09-16,88.25,si,13.579757690429688
2025-09-16,88.5,si,13.502809524536133
2025-09-16,88.75,si,13.552887916564941
2025-09-16,89.0,si,13.6204833984375
2025-09-16,89.25,si,13.674891471862793
2025-09-16,89.5,si,13.708212852478027
2025-09-16,89.75,si,13.731687545776367
2025-09-16,90.0,si,13.78584098815918
2025-09-16,90.25,si,13.824484825134277
2025-09-16,90.5,si,13.886791229248047
2025-09-16,90.75,si,14.001553535461426
2025-09-16,91.0,si,14.093683242797852
2025-09-16,91.25,si,14.330767631530762
2025-09-16,91.5,si,14.636114120483398
2025-09-16,91.75,si,14.624398231506348
2025-09-16,92.0,si,14.00966739654541
2025-09-16,92.25,si,13.970382690429688
2025-09-16,92.5,si,14.01587963104248
2025-09-16,92.75,si,14.190019607543945
2025-09-16,93.0,si,14.128016471862793
2025-09-16,93.25,si,14.168891906738281
2025-09-16,93.5,si,14.315132141113281
2025-09-16,93.75,si,14.519232749938965
2025-09-16,94.0,si,14.719334602355957
2025-09-16,94.25,si,14.929304122924805
2025-09-16,94.5,si,15.126150131225586
2025-09-16,94.75,si,15.09317684173584
2025-09-16,95.0,si,15.032556533813477
2025-09-16,95.25,si,15.1502103805542
2025-09-16,95.5,si,14.473835945129395
2025-09-16,95.75,si,14.713385581970215
2025-09-16,96.0,si,14.588872909545898
2025-09-16,96.25,si,14.647637367248535
2025-09-16,96.5,si,14.594819068908691
2025-09-16,96.75,si,15.052258491516113
2025-09-16,97.0,si,17.49993133544922
2025-09-16,97.25,si,17.933874130249023
2025-09-16,97.5,si,15.04833984375
2025-09-16,97.75,si,14.446453094482422
2025-09-16,98.0,si,14.241153717041016
2025-09-16,98.25,si,14.23353099822998
2025-09-16,98.5,si,14.485051155090332
2025-09-16,98.75,si,14.78279972076416
2025-09-16,99.0,si,15.151391983032227
2025-09-16,99.25,si,15.369722366333008
2025-09-16,99.5,si,15.30472183227539
2025-09-16,99.75,si,15.600360870361328
2025-09-16,100.0,si,15.924368858337402
2025-09-16,100.25,si,16.412145614624023
2025-09-16,100.5,si,16.525678634643555
2025-09-16,100.75,si,16.509220123291016
2025-09-16,101.0,si,16.432994842529297
2025-09-16,101.25,si,16.6071834564209
2025-09-16,101.5,si,16.53327178955078
2025-09-16,101.75,si,17.45180892944336
2025-09-16,102.0,si,17.444643020629883
2025-09-16,102.25,si,17.221637725830078
2025-09-16,102.5,si,17.1348819732666
2025-09-16,102.75,si,16.95410919189453
2025-09-16,103.0,si,16.7720947265625
2025-09-16,103.25,si,17.081758499145508
2025-09-16,103.5,si,17.255542755126953
2025-09-16,103.75,si,16.931716918945312
2025-09-16,104.0,si,16.747499465942383
2025-09-16,104.25,si,16.798730850219727
2025-09-16,104.5,si,16.965595245361328
2025-09-16,104.75,si,16.795997619628906
2025-09-16,105.0,si,16.528099060058594
2025-09-16,105.25,si,16.31439208984375
2025-09-16,105.5,si,16.200132369995117
2025-09-16,105.75,si,16.67681884765625
2025-09-16,106.0,si,17.579137802124023
2025-09-16,106.25,si,17.23656463623047
2025-09-16,106.5,si,16.94854736328125
2025-09-16,106.75,si,17.045320510864258
2025-09-16,107.0,si,16.631254196166992
2025-09-16,107.25,si,16.390329360961914
2025-09-16,107.5,si,16.20025062561035
2025-09-16,107.75,si,16.05084991455078
2025-09-16,108.0,si,16.013427734375
2025-09-16,108.25,si,16.167356491088867
2025-09-16,108.5,si,16.143157958984375
2025-09-16,108.75,si,16.546588897705078
2025-09-16,109.0,si,16.58988380432129
2025-09-16,109.25,si,16.025829315185547
2025-09-16,109.5,si,15.763408660888672
2025-09-16,109.75,si,15.660983085632324
2025-09-16,110.0,si,15.82139778137207
2025-09-16,110.25,si,15.540118217468262
2025-09-16,110.5,si,15.441764831542969
2025-09-16,110.75,si,15.2826566696167
2025-09-16,111.0,si,15.314777374267578
2025-09-16,111.25,si,15.019686698913574
2025-09-16,111.5,si,14.96541690826416
2025-09-16,111.75,si,14.947765350341797
2025-09-16,112.0,si,14.780272483825684
2025-09-16,112.25,si,14.725050926208496
2025-09-16,112.5,si,14.756850242614746
2025-09-16,112.75,si,14.802522659301758
2025-09-16,113.0,si,15.003127098083496
2025-09-16,113.25,si,14.837203025817871
2025-09-16,113.5,si,14.955084800720215
2025-09-16,113.75,si,15.082864761352539
2025-09-16,114.0,si,15.41682243347168
2025-09-16,114.25,si,15.494400978088379
2025-09-16,114.5,si,15.409638404846191
2025-09-16,114.75,si,15.647817611694336
2025-09-16,115.0,si,15.923564910888672
2025-09-16,115.25,si,16.051591873168945
2025-09-16,115.5,si,16.17277717590332
2025-09-16,115.75,si,16.45453453063965
2025-09-16,116.0,si,16.449499130249023
2025-09-16,116.25,si,16.534442901611328
2025-09-16,116.5,si,16.343387603759766
2025-09-16,116.75,si,16.27682113647461
2025-09-16,117.0,si,16.330991744995117
2025-09-16,117.25,si,16.365903854370117
2025-09-16,117.5,si,16.403942108154297
2025-09-16,117.75,si,16.15636444091797
2025-09-16,118.0,si,15.923971176147461
2025-09-16,118.25,si,15.595337867736816
2025-09-16,118.5,si,15.396087646484375
2025-09-16,118.75,si,15.225589752197266
2025-09-16,119.0,si,15.172325134277344
2025-09-16,119.25,si,15.25364875793457
2025-09-16,119.5,si,15.717079162597656
2025-09-16,119.75,si,15.67685604095459
2025-09-16,120.0,si,15.99785041809082
2025-09-16,120.25,si,16.206361770629883
2025-09-16,120.5,si,16.587017059326172
2025-09-16,120.75,si,17.148731231689453
2025-09-16,121.0,si,17.497934341430664
2025-09-16,121.25,si,16.95780372619629
2025-09-16,121.5,si,16.304018020629883
2025-09-16,121.75,si,15.561797142028809
2025-09-16,122.0,si,15.264298439025879
2025-09-16,122.25,si,14.874361038208008
2025-09-16,122.5,si,14.355457305908203
2025-09-16,122.75,si,14.071486473083496
2025-09-16,123.0,si,14.107877731323242
2025-09-16,123.25,si,14.034224510192871
2025-09-16,123.5,si,13.826098442077637
2025-09-16,123.75,si,13.677840232849121
2025-09-16,124.0,si,13.406643867492676
2025-09-16,124.25,si,13.35735034942627
2025-09-16,124.5,si,13.320584297180176
2025-09-16,124.75,si,13.431368827819824
2025-09-16,125.0,si,13.683917045593262
2025-09-16,125.25,si,13.797379493713379
2025-09-16,125.5,si,13.597436904907227
2025-09-16,125.75,si,13.438870429992676
2025-09-16,126.0,si,13.230591773986816
2025-09-16,126.25,si,13.296611785888672
2025-09-16,126.5,si,13.011828422546387
2025-09-16,126.75,si,13.046282768249512
2025-09-16,127.0,si,12.798407554626465
2025-09-16,127.25,si,12.752548217773438
2025-09-16,127.5,si,12.867907524108887
2025-09-16,127.75,si,13.031801223754883
2025-09-16,128.0,si,12.955397605895996
2025-09-16,128.25,si,12.842985153198242
2025-09-16,128.5,si,12.851401329040527
2025-09-16,128.75,si,12.72253704071045
2025-09-16,129.0,si,12.761883735656738
2025-09-16,129.25,si,13.037144660949707
2025-09-16,129.5,si,12.913687705993652
2025-09-16,129.75,si,12.793519973754883
2025-09-16,130.0,si,12.864498138427734
2025-09-16,130.25,si,12.812498092651367
2025-09-16,130.5,si,12.845069885253906
2025-09-16,130.75,si,12.696398735046387
2025-09-16,131.0,si,12.730374336242676
2025-09-16,131.25,si,13.079965591430664
2025-09-16,131.5,si,12.926570892333984
2025-09-16,131.75,si,12.756643295288086
2025-09-16,132.0,si,12.76059627532959
2025-09-16,132.25,si,12.685588836669922
2025-09-16,132.5,si,12.724393844604492
2025-09-16,132.75,si,12.798678398132324
2025-09-16,133.0,si,12.917266845703125
2025-09-16,133.25,si,12.853673934936523
2025-09-16,133.5,si,12.782614707946777
2025-09-16,133.75,si,12.766682624816895
2025-09-16,134.0,si,12.785730361938477
2025-09-16,134.25,si,12.512129783630371
2025-09-16,134.5,si,12.271553993225098
2025-09-16,134.75,si,12.037343978881836
2025-09-16,135.0,si,12.073304176330566
2025-09-16,135.25,si,12.771138191223145
2025-09-16,135.5,si,12.976238250732422
2025-09-16,135.75,si,12.99102783203125
2025-09-16,136.0,si,13.078730583190918
2025-09-16,136.25,si,13.140796661376953
2025-09-16,136.5,si,13.214468002319336
2025-09-16,136.75,si,13.344599723815918
2025-09-16,137.0,si,13.628731727600098
2025-09-16,137.25,si,13.560153007507324
2025-09-16,137.5,si,13.677702903747559
2025-09-16,137.75,si,13.773791313171387
2025-09-16,138.0,si,13.641327857971191
2025-09-16,138.25,si,13.473068237304688
2025-09-16,138.5,si,13.341387748718262
2025-09-16,138.75,si,12.992718696594238
2025-09-16,139.0,si,12.979338645935059
2025-09-16,139.25,si,13.046199798583984
2025-09-16,139.5,si,13.060527801513672
2025-09-16,139.75,si,13.18675422668457
2025-09-16,140.0,si,13.224152565002441
2025-09-16,140.25,si,13.263415336608887
2025-09-16,140.5,si,13.303001403808594
2025-09-16,140.75,si,13.234869956970215
2025-09-16,141.0,si,13.152605056762695
2025-09-16,141.25,si,13.098856925964355
2025-09-16,141.5,si,13.273224830627441
2025-09-16,141.75,si,13.481022834777832
2025-09-16,142.0,si,13.534089088439941
2025-09-16,142.25,si,13.920196533203125
2025-09-16,142.5,si,13.694819450378418
2025-09-16,142.75,si,13.436610221862793
2025-09-16,143.0,si,13.24014949798584
2025-09-16,143.25,si,13.127663612365723
2025-09-16,143.5,si,12.965644836425781
2025-09-16,143.75,si,12.731146812438965
2025-09-16,144.0,si,12.826181411743164
2025-09-16,144.25,si,12.706656455993652
2025-09-16,144.5,si,12.742233276367188
2025-09-16,144.75,si,12.823221206665039
2025-09-16,145.0,si,12.69973087310791
2025-09-16,145.25,si,12.636114120483398
2025-09-16,145.5,si,12.63370132446289
2025-09-16,145.75,si,12.7179594039917
2025-09-16,146.0,si,12.632536888122559
2025-09-16,146.25,si,12.510817527770996
2025-09-16,146.5,si,12.399250984191895
2025-09-16,146.75,si,12.448616027832031
2025-09-16,147.0,si,12.387267112731934
2025-09-16,147.25,si,12.529043197631836
2025-09-16,147.5,si,12.391584396362305
2025-09-16,147.75,si,12.311335563659668
2025-09-16,148.0,si,12.216662406921387
2025-09-16,148.25,si,12.143720626831055
2025-09-16,148.5,si,12.270280838012695
2025-09-16,148.75,si,12.291206359863281
2025-09-16,149.0,si,12.25210189819336
2025-09-16,149.25,si,12.260367393493652
2025-09-16,149.5,si,12.185704231262207
2025-09-16,149.75,si,12.214594841003418
2025-09-16,150.0,si,12.189536094665527
2025-09-16,150.25,si,12.181580543518066
2025-09-16,150.5,si,12.113022804260254
2025-09-16,150.75,si,12.01526165008545
2025-09-16,151.0,si,11.890144348144531
2025-09-16,151.25,si,12.041069030761719
2025-09-16,151.5,si,12.038436889648438
2025-09-16,151.75,si,12.10912799835205
2025-09-16,152.0,si,12.060154914855957
2025-09-16,152.25,si,11.922185897827148
2025-09-16,152.5,si,11.790096282958984
2025-09-16,152.75,si,11.677826881408691
2025-09-16,153.0,si,11.416350364685059
2025-09-16,153.25,si,11.074541091918945
2025-09-16,153.5,si,10.726112365722656
2025-09-16,153.75,si,10.546429634094238
2025-09-16,154.0,si,10.510805130004883
2025-09-16,154.25,si,10.507386207580566
2025-09-16,154.5,si,10.584195137023926
2025-09-16,154.75,si,10.601656913757324
2025-09-16,155.0,si,10.57850170135498
2025-09-16,155.25,si,10.700338363647461
2025-09-16,155.5,si,10.878058433532715
2025-09-16,155.75,si,10.967575073242188
2025-09-16,156.0,si,11.040363311767578
2025-09-16,156.25,si,11.113929748535156
2025-09-16,156.5,si,11.249520301818848
2025-09-16,156.75,si,11.289484024047852
2025-09-16,157.0,si,11.342177391052246
2025-09-16,157.25,si,11.320662498474121
2025-09-16,157.5,si,11.33006763458252
2025-09-16,157.75,si,11.47160530090332
2025-09-16,158.0,si,11.472296714782715
2025-09-16,158.25,si,11.484129905700684
2025-09-16,158.5,si,11.504142761230469
2025-09-16,158.75,si,11.561003684997559
2025-09-16,159.0,si,11.681519508361816
2025-09-16,159.25,si,11.780895233154297
2025-09-16,159.5,si,11.845053672790527
2025-09-16,159.75,si,12.037813186645508
2025-09-16,160.0,si,12.107490539550781
2025-09-16,160.25,si,12.241286277770996
2025-09-16,160.5,si,12.384805679321289
2025-09-16,160.75,si,12.533241271972656
2025-09-16,161.0,si,12.581438064575195
2025-09-16,161.25,si,12.612090110778809
2025-09-16,161.5,si,12.617179870605469
2025-09-16,161.75,si,12.590850830078125
2025-09-16,162.0,si,12.64609432220459
2025-09-16,162.25,si,12.818646430969238
2025-09-16,162.5,si,12.7075834274292
2025-09-16,162.75,si,12.615344047546387
2025-09-16,163.0,si,12.938772201538086
2025-09-16,163.25,si,13.073066711425781
2025-09-16,163.5,si,13.108078002929688
2025-09-16,163.75,si,13.142571449279785
2025-09-16,164.0,si,13.139284133911133
2025-09-16,164.25,si,13.157448768615723
2025-09-16,164.5,si,13.211481094360352
2025-09-16,164.75,si,12.99078369140625
2025-09-16,165.0,si,13.329193115234375
2025-09-16,165.25,si,13.257721900939941
2025-09-16,165.5,si,13.189007759094238
2025-09-16,165.75,si,13.129014015197754
2025-09-16,166.0,si,13.181319236755371
2025-09-16,166.25,si,13.123983383178711
2025-09-16,166.5,si,13.138544082641602
2025-09-16,166.75,si,13.262717247009277
2025-09-16,167.0,si,13.132275581359863
2025-09-16,167.25,si,13.078680992126465
2025-09-16,167.5,si,13.227880477905273
2025-09-16,167.75,si,13.334112167358398
2025-09-16,168.0,si,13.438599586486816
2025-09-16,168.25,si,13.479372024536133
2025-09-16,168.5,si,13.551880836486816
2025-09-16,168.75,si,13.705140113830566
2025-09-16,169.0,si,13.905235290527344
2025-09-16,169.25,si,14.04733657836914
2025-09-16,169.5,si,14.143561363220215
2025-09-16,169.75,si,14.157259941101074
2025-09-16,170.0,si,14.488426208496094
2025-09-16,170.25,si,14.518670082092285
2025-09-16,170.5,si,14.609025001525879
2025-09-16,170.75,si,14.660476684570312
2025-09-16,171.0,si,14.644756317138672
2025-09-16,171.25,si,14.651625633239746
2025-09-16,171.5,si,14.651924133300781
2025-09-16,171.75,si,14.70952033996582
2025-09-16,172.0,si,14.738175392150879
2025-09-16,172.25,si,14.811842918395996
2025-09-16,172.5,si,14.816581726074219
2025-09-16,172.75,si,14.817793846130371
2025-09-16,173.0,si,14.87191390991211
2025-09-16,173.25,si,14.737336158752441
2025-09-16,173.5,si,14.773955345153809
2025-09-16,173.75,si,14.804069519042969
2025-09-16,174.0,si,14.857000350952148
2025-09-16,174.25,si,14.793713569641113
2025-09-16,174.5,si,14.840524673461914
2025-09-16,174.75,si,14.960600852966309
2025-09-16,175.0,si,14.947171211242676
2025-09-16,175.25,si,15.101670265197754
2025-09-16,175.5,si,15.154176712036133
2025-09-16,175.75,si,15.157720565795898
2025-09-16,176.0,si,15.114521980285645
2025-09-16,176.25,si,15.060946464538574
2025-09-16,176.5,si,14.977831840515137
2025-09-16,176.75,si,14.90761661529541
2025-09-16,177.0,si,14.783132553100586
2025-09-16,177.25,si,14.777953147888184
2025-09-16,177.5,si,14.946434020996094
2025-09-16,177.75,si,14.933728218078613
2025-09-16,178.0,si,14.918367385864258
2025-09-16,178.25,si,14.877902030944824
2025-09-16,178.5,si,14.738865852355957
2025-09-16,178.75,si,14.74145221710205
2025-09-16,179.0,si,14.744661331176758
2025-09-16,179.25,si,14.627015113830566
2025-09-16,179.5,si,14.555998802185059
2025-09-16,179.75,si,14.459636688232422
